"record_id","source_id","source_photo","source_page","cloudinary_url","sha256","dhash","rights","credit","license_url","verified_at"
"bf2e7d2e-9f1e-56d4-8ded-f0262c5e18d6","publisher:saigonvinhlong","https://saigonvinhlonghotel.vn/wp-content/uploads/2026/07/Imgup-201901240751472.jpg","https://saigonvinhlonghotel.vn/","https://res.cloudinary.com/p1kxfhlw/image/upload/v1791214254/admin-uploads/seeder/146b4890c090cfc4aabfe1e8e6a4845491647cc2c4ab1e2aea8a4fb0267a53a7.webp","146b4890c090cfc4aabfe1e8e6a4845491647cc2c4ab1e2aea8a4fb0267a53a7","2e2cf12728243701","Publisher copyright retained; delivery hosting does not transfer copyright","Khách sạn Sài Gòn Vĩnh Long — website/cổng thông tin đơn vị công bố","","2026-10-05T15:30:56.480Z"
"029f7714-689e-5b0a-8fd7-c28aa0c600fd","publisher:saigonvinhlong:room:ad74b4fb78406d8e","https://saigonvinhlonghotel.vn/wp-content/uploads/2026/07/Suite3-1.jpg","https://saigonvinhlonghotel.vn/deluxe-suite/","https://res.cloudinary.com/p1kxfhlw/image/upload/v1791214253/admin-uploads/seeder/1da357a80a12262e288f2baf04f10e0bca37419c5f1ae96906753994d89628c0.webp","1da357a80a12262e288f2baf04f10e0bca37419c5f1ae96906753994d89628c0","661d1313115f33c1","Publisher copyright retained; delivery hosting does not transfer copyright","Khách sạn Sài Gòn Vĩnh Long — website/cổng thông tin đơn vị công bố","","2026-10-05T15:30:54.361Z"
"029f7714-689e-5b0a-8fd7-c28aa0c600fd","publisher:saigonvinhlong:room:ad74b4fb78406d8e","https://saigonvinhlonghotel.vn/wp-content/uploads/2026/07/Suite5.jpg","https://saigonvinhlonghotel.vn/deluxe-suite/","https://res.cloudinary.com/p1kxfhlw/image/upload/v1791214255/admin-uploads/seeder/33745b2fa0a3a7fb3764e2c007a9ec78e2c4fab64bb1d364bc9f3a834f99e4a5.webp","33745b2fa0a3a7fb3764e2c007a9ec78e2c4fab64bb1d364bc9f3a834f99e4a5","8fbd9cdddc1e0ecd","Publisher copyright retained; delivery hosting does not transfer copyright","Khách sạn Sài Gòn Vĩnh Long — website/cổng thông tin đơn vị công bố","","2026-10-05T15:30:56.834Z"
"029f7714-689e-5b0a-8fd7-c28aa0c600fd","publisher:saigonvinhlong:room:ad74b4fb78406d8e","https://saigonvinhlonghotel.vn/wp-content/uploads/2026/07/Suite4.jpg","https://saigonvinhlonghotel.vn/deluxe-suite/","https://res.cloudinary.com/p1kxfhlw/image/upload/v1791214257/admin-uploads/seeder/53af3754f3d6c19ef4e99c80afe1e05d66c62452e3a415019be04950c1d2aa83.webp","53af3754f3d6c19ef4e99c80afe1e05d66c62452e3a415019be04950c1d2aa83","e974363674c674fc","Publisher copyright retained; delivery hosting does not transfer copyright","Khách sạn Sài Gòn Vĩnh Long — website/cổng thông tin đơn vị công bố","","2026-10-05T15:30:58.983Z"
"5d562f05-fd2c-518b-8201-d81c1ac46fd5","publisher:saigonvinhlong:room:3a43cf952008ff62","https://saigonvinhlonghotel.vn/wp-content/uploads/2026/07/Grand-DLX-Twin.jpg","https://saigonvinhlonghotel.vn/grand-deluxe/","https://res.cloudinary.com/p1kxfhlw/image/upload/v1791214255/admin-uploads/seeder/71d0a75dadd8d3d385c0bfae9f9ffc8771c8ff218d03eec949b3ff337beed4cc.webp","71d0a75dadd8d3d385c0bfae9f9ffc8771c8ff218d03eec949b3ff337beed4cc","13634d4d4d29e797","Publisher copyright retained; delivery hosting does not transfer copyright","Khách sạn Sài Gòn Vĩnh Long — website/cổng thông tin đơn vị công bố","","2026-10-05T15:30:57.169Z"
"5d562f05-fd2c-518b-8201-d81c1ac46fd5","publisher:saigonvinhlong:room:3a43cf952008ff62","https://saigonvinhlonghotel.vn/wp-content/uploads/2026/07/Grand-DLX-Double.jpg","https://saigonvinhlonghotel.vn/grand-deluxe/","https://res.cloudinary.com/p1kxfhlw/image/upload/v1791214260/admin-uploads/seeder/da97065d593d6d4eda6f5f6407c9c82421ed0b5e7c665aad4aad03829063b943.webp","da97065d593d6d4eda6f5f6407c9c82421ed0b5e7c665aad4aad03829063b943","1226662e0e46a7c7","Publisher copyright retained; delivery hosting does not transfer copyright","Khách sạn Sài Gòn Vĩnh Long — website/cổng thông tin đơn vị công bố","","2026-10-05T15:31:02.133Z"
"5d562f05-fd2c-518b-8201-d81c1ac46fd5","publisher:saigonvinhlong:room:3a43cf952008ff62","https://saigonvinhlonghotel.vn/wp-content/uploads/2026/07/Grand-Deluxe.jpg","https://saigonvinhlonghotel.vn/grand-deluxe/","https://res.cloudinary.com/p1kxfhlw/image/upload/v1791214265/admin-uploads/seeder/c1a3a73f920b26fbe94b020d907ae54ea44e5fc976db8e61ac0c5fff33891132.webp","c1a3a73f920b26fbe94b020d907ae54ea44e5fc976db8e61ac0c5fff33891132","1f0f6767af2f73a0","Publisher copyright retained; delivery hosting does not transfer copyright","Khách sạn Sài Gòn Vĩnh Long — website/cổng thông tin đơn vị công bố","","2026-10-05T15:31:06.516Z"
"7b3f373f-f77a-5039-855e-f68782ad47ea","publisher:saigonvinhlong:room:2f9f9af196aba787","https://saigonvinhlonghotel.vn/wp-content/uploads/2026/08/Deluxe-Twin.jpg","https://saigonvinhlonghotel.vn/deluxe-room/","https://res.cloudinary.com/p1kxfhlw/image/upload/v1791214260/admin-uploads/seeder/103ce34fe641de9400c2297c4e180eb4d0fca434a7bfd1a9846703fc7a8d6835.webp","103ce34fe641de9400c2297c4e180eb4d0fca434a7bfd1a9846703fc7a8d6835","27262625a5376767","Publisher copyright retained; delivery hosting does not transfer copyright","Khách sạn Sài Gòn Vĩnh Long — website/cổng thông tin đơn vị công bố","","2026-10-05T15:31:01.384Z"
"7b3f373f-f77a-5039-855e-f68782ad47ea","publisher:saigonvinhlong:room:2f9f9af196aba787","https://saigonvinhlonghotel.vn/wp-content/uploads/2026/08/Deluxe-Double.jpg","https://saigonvinhlonghotel.vn/deluxe-room/","https://res.cloudinary.com/p1kxfhlw/image/upload/v1791214266/admin-uploads/seeder/80ad721d02c0572f62a200cc7e8c4dd0f19d6b67174074894f0592e64b74f27e.webp","80ad721d02c0572f62a200cc7e8c4dd0f19d6b67174074894f0592e64b74f27e","26242426d407070d","Publisher copyright retained; delivery hosting does not transfer copyright","Khách sạn Sài Gòn Vĩnh Long — website/cổng thông tin đơn vị công bố","","2026-10-05T15:31:08.401Z"
"7b3f373f-f77a-5039-855e-f68782ad47ea","publisher:saigonvinhlong:room:2f9f9af196aba787","https://saigonvinhlonghotel.vn/wp-content/uploads/2026/07/Deluxe-Twin1.jpg","https://saigonvinhlonghotel.vn/deluxe-room/","https://res.cloudinary.com/p1kxfhlw/image/upload/v1791214269/admin-uploads/seeder/e4070d53c2199988388365789f619dbca3b3fc3a0e9af5c17870fae0383c8afe.webp","e4070d53c2199988388365789f619dbca3b3fc3a0e9af5c17870fae0383c8afe","0d63236357969373","Publisher copyright retained; delivery hosting does not transfer copyright","Khách sạn Sài Gòn Vĩnh Long — website/cổng thông tin đơn vị công bố","","2026-10-05T15:31:10.472Z"
"58f40c99-d056-5ee8-8221-9228e829f08f","publisher:saigonvinhlong:room:a42fc5d9dbb672d6","https://saigonvinhlonghotel.vn/wp-content/uploads/2026/08/Superior-Twin1.jpg","https://saigonvinhlonghotel.vn/superior-room/","https://res.cloudinary.com/p1kxfhlw/image/upload/v1791214261/admin-uploads/seeder/c5a14d5feb14e2afb3585fed8bd86d70206be5976287427ab0f2fd53269df68a.webp","c5a14d5feb14e2afb3585fed8bd86d70206be5976287427ab0f2fd53269df68a","1f0fafaebe4e8e0f","Publisher copyright retained; delivery hosting does not transfer copyright","Khách sạn Sài Gòn Vĩnh Long — website/cổng thông tin đơn vị công bố","","2026-10-05T15:31:05.764Z"
"58f40c99-d056-5ee8-8221-9228e829f08f","publisher:saigonvinhlong:room:a42fc5d9dbb672d6","https://saigonvinhlonghotel.vn/wp-content/uploads/2026/08/Superior-Double.jpg","https://saigonvinhlonghotel.vn/superior-room/","https://res.cloudinary.com/p1kxfhlw/image/upload/v1791214266/admin-uploads/seeder/12bc94788c036447ee134908abce724a063c74a1aa113a58cd18203588bc9c2e.webp","12bc94788c036447ee134908abce724a063c74a1aa113a58cd18203588bc9c2e","fc7c7c683e2e6dff","Publisher copyright retained; delivery hosting does not transfer copyright","Khách sạn Sài Gòn Vĩnh Long — website/cổng thông tin đơn vị công bố","","2026-10-05T15:31:07.775Z"
"58f40c99-d056-5ee8-8221-9228e829f08f","publisher:saigonvinhlong:room:a42fc5d9dbb672d6","https://saigonvinhlonghotel.vn/wp-content/uploads/2026/08/Superior-Twin.jpg","https://saigonvinhlonghotel.vn/superior-room/","https://res.cloudinary.com/p1kxfhlw/image/upload/v1791214270/admin-uploads/seeder/d7d6c0f892ce30e136a9bbe79e1a1fcc00e008fc7c368eb75f297f730023a0a7.webp","d7d6c0f892ce30e136a9bbe79e1a1fcc00e008fc7c368eb75f297f730023a0a7","2f3db9397b383633","Publisher copyright retained; delivery hosting does not transfer copyright","Khách sạn Sài Gòn Vĩnh Long — website/cổng thông tin đơn vị công bố","","2026-10-05T15:31:12.604Z"
"984a599f-6b80-542e-80b2-cbf1934d6586","publisher:saigonvinhlong:service:3dcfb1de72fa86de","https://saigonvinhlonghotel.vn/wp-content/uploads/2026/07/Buffet5-scaled.jpg","https://saigonvinhlonghotel.vn/boulevard-restaurant/","https://res.cloudinary.com/p1kxfhlw/image/upload/v1791214269/admin-uploads/seeder/3ab11cd4b11ded2a1d8c2fa04b5ff6d02f90c6375e904a794aec0d70e881ef8f.webp","3ab11cd4b11ded2a1d8c2fa04b5ff6d02f90c6375e904a794aec0d70e881ef8f","05286c6564c2ce2c","Publisher copyright retained; delivery hosting does not transfer copyright","Khách sạn Sài Gòn Vĩnh Long — website/cổng thông tin đơn vị công bố","","2026-10-05T15:31:10.941Z"
"984a599f-6b80-542e-80b2-cbf1934d6586","publisher:saigonvinhlong:service:3dcfb1de72fa86de","https://saigonvinhlonghotel.vn/wp-content/uploads/2026/07/Buffet2-scaled.jpg","https://saigonvinhlonghotel.vn/boulevard-restaurant/","https://res.cloudinary.com/p1kxfhlw/image/upload/v1791214274/admin-uploads/seeder/5bb876d184ef98205bf1c34f321f43529a045d34a3a1398ead8ae075f0c5cb16.webp","5bb876d184ef98205bf1c34f321f43529a045d34a3a1398ead8ae075f0c5cb16","33733393e3eefbff","Publisher copyright retained; delivery hosting does not transfer copyright","Khách sạn Sài Gòn Vĩnh Long — website/cổng thông tin đơn vị công bố","","2026-10-05T15:31:15.975Z"
"984a599f-6b80-542e-80b2-cbf1934d6586","publisher:saigonvinhlong:service:3dcfb1de72fa86de","https://saigonvinhlonghotel.vn/wp-content/uploads/2026/07/Buffet1-scaled.jpg","https://saigonvinhlonghotel.vn/boulevard-restaurant/","https://res.cloudinary.com/p1kxfhlw/image/upload/v1791214281/admin-uploads/seeder/cc0dc3de808d3caff8d58aca39890a9699f736c17995f3230e8b629abc39d7ec.webp","cc0dc3de808d3caff8d58aca39890a9699f736c17995f3230e8b629abc39d7ec","333333b333d797b7","Publisher copyright retained; delivery hosting does not transfer copyright","Khách sạn Sài Gòn Vĩnh Long — website/cổng thông tin đơn vị công bố","","2026-10-05T15:31:22.339Z"
"b7d93b56-389e-5b25-8075-daa74e5a53f6","publisher:saigonvinhlong:service:52b2f8de819d57b1","https://saigonvinhlonghotel.vn/wp-content/uploads/2026/08/1785307817659_1305012410079947970_1305012410079947970_634c395585f305d006e76cc54de7d6df.jpg","https://saigonvinhlonghotel.vn/hotel-spa/","https://res.cloudinary.com/p1kxfhlw/image/upload/v1791214273/admin-uploads/seeder/821b088c4404dcdde9f02f29772c0c09f392f604193b973b408ecb4043a88871.webp","821b088c4404dcdde9f02f29772c0c09f392f604193b973b408ecb4043a88871","1a1a280c0e35094c","Publisher copyright retained; delivery hosting does not transfer copyright","Khách sạn Sài Gòn Vĩnh Long — website/cổng thông tin đơn vị công bố","","2026-10-05T15:31:15.022Z"
"b7d93b56-389e-5b25-8075-daa74e5a53f6","publisher:saigonvinhlong:service:52b2f8de819d57b1","https://saigonvinhlonghotel.vn/wp-content/uploads/2026/08/1785307817643_1305012410079947970_1305012410079947970_f4a5ea38504555dbce1c8724ca72f054.jpg","https://saigonvinhlonghotel.vn/hotel-spa/","https://res.cloudinary.com/p1kxfhlw/image/upload/v1791214280/admin-uploads/seeder/0ecd4ea7c9d3902aeda0bb6b78eda0b88587dd8c46fac857a0efb63c02e6ecb0.webp","0ecd4ea7c9d3902aeda0bb6b78eda0b88587dd8c46fac857a0efb63c02e6ecb0","6923061d1c4e4903","Publisher copyright retained; delivery hosting does not transfer copyright","Khách sạn Sài Gòn Vĩnh Long — website/cổng thông tin đơn vị công bố","","2026-10-05T15:31:21.435Z"
"b7d93b56-389e-5b25-8075-daa74e5a53f6","publisher:saigonvinhlong:service:52b2f8de819d57b1","https://saigonvinhlonghotel.vn/wp-content/uploads/2026/08/1785307817651_1305012410079947970_1305012410079947970_bdc2461eebacc1b50750785118b1ccd0.jpg","https://saigonvinhlonghotel.vn/hotel-spa/","https://res.cloudinary.com/p1kxfhlw/image/upload/v1791214284/admin-uploads/seeder/07b81ab1890d6899e7214e9de8dfcac64ac5d651a5424d0b1e369795111c6110.webp","07b81ab1890d6899e7214e9de8dfcac64ac5d651a5424d0b1e369795111c6110","93f36399bb0b5349","Publisher copyright retained; delivery hosting does not transfer copyright","Khách sạn Sài Gòn Vĩnh Long — website/cổng thông tin đơn vị công bố","","2026-10-05T15:31:26.322Z"
"7a55952b-1b04-5ead-889d-88878442897b","publisher:diamondstarbentre","https://diamondstarbentre.com/vnt_upload/service/08_2020/ho_boi_vo_cuc.jpg","https://diamondstarbentre.com/","https://res.cloudinary.com/p1kxfhlw/image/upload/v1791214274/admin-uploads/seeder/33187dd5c1dd75f5ffff0ad3a7da9a168328750f43a001e5ad01b1d62be4c057.webp","33187dd5c1dd75f5ffff0ad3a7da9a168328750f43a001e5ad01b1d62be4c057","23612123372d0d1b","Publisher copyright retained; delivery hosting does not transfer copyright","Diamond Stars Bến Tre — website/cổng thông tin đơn vị công bố","","2026-10-05T15:31:16.191Z"
"6a3ccc46-7f95-59e9-8eff-e7be1f26e07f","publisher:diamondstarbentre:room:228ee56179dbf575","https://diamondstarbentre.com/vnt_upload/product/07_2020/phong_deluxe.jpg","https://diamondstarbentre.com/vn/deluxe.html","https://res.cloudinary.com/p1kxfhlw/image/upload/v1791214278/admin-uploads/seeder/eb60e6e19f70615ad9982ffc2bdf06889365e89c510e271a513830f66125f5c5.webp","eb60e6e19f70615ad9982ffc2bdf06889365e89c510e271a513830f66125f5c5","2f5edabb538e2698","Publisher copyright retained; delivery hosting does not transfer copyright","Diamond Stars Bến Tre — website/cổng thông tin đơn vị công bố","","2026-10-05T15:31:19.690Z"
"6ab1a4a7-5321-56f2-82fc-1d05d0ead3ed","publisher:diamondstarbentre:room:de3c0ff29c5d6afc","https://diamondstarbentre.com/vnt_upload/product/07_2020/Suite.jpg","https://diamondstarbentre.com/vn/suite.html","https://res.cloudinary.com/p1kxfhlw/image/upload/v1791214282/admin-uploads/seeder/c8124673610cb8d972e64ad33e3cde2eaf54dea39e77f612bcde5dfef7aba0d0.webp","c8124673610cb8d972e64ad33e3cde2eaf54dea39e77f612bcde5dfef7aba0d0","06060626460601f1","Publisher copyright retained; delivery hosting does not transfer copyright","Diamond Stars Bến Tre — website/cổng thông tin đơn vị công bố","","2026-10-05T15:31:23.700Z"
"16c092c6-aa5b-5959-83a1-14836a67b556","publisher:diamondstarbentre:room:c5ce929e2832d0a6","https://diamondstarbentre.com/vnt_upload/product/04_2024/Elite_Suite.jpg","https://diamondstarbentre.com/vn/elite-suite.html","https://res.cloudinary.com/p1kxfhlw/image/upload/v1791214285/admin-uploads/seeder/9297b58de620ce0dfe34b8cdbd3fd06e50b33381d2c6ed25b1e281508307ecb6.webp","9297b58de620ce0dfe34b8cdbd3fd06e50b33381d2c6ed25b1e281508307ecb6","3f8f4e6c6dc3d123","Publisher copyright retained; delivery hosting does not transfer copyright","Diamond Stars Bến Tre — website/cổng thông tin đơn vị công bố","","2026-10-05T15:31:26.948Z"
"910e6939-7d99-56fa-8eb0-ddc699b1b91e","publisher:diamondstarbentre:room:686d7bf592eb5d7b","https://diamondstarbentre.com/vnt_upload/product/03_2021/P2.jpg","https://diamondstarbentre.com/vn/presidential-suite.html","https://res.cloudinary.com/p1kxfhlw/image/upload/v1791214285/admin-uploads/seeder/b2c32afc4a8a5ca064f7f3cfeb87054d3417ece6dbb4c2908094af595bcd5740.webp","b2c32afc4a8a5ca064f7f3cfeb87054d3417ece6dbb4c2908094af595bcd5740","3062525625223230","Publisher copyright retained; delivery hosting does not transfer copyright","Diamond Stars Bến Tre — website/cổng thông tin đơn vị công bố","","2026-10-05T15:31:26.784Z"
"75dc8460-0d72-5132-8667-fc0ef7bd9831","publisher:diamondstarbentre:room:b6f77b2f77945e2b","https://diamondstarbentre.com/vnt_upload/product/07_2020/SUPERIOR.jpg","https://diamondstarbentre.com/vn/superior.html","https://res.cloudinary.com/p1kxfhlw/image/upload/v1791214287/admin-uploads/seeder/56decc1b34fcda3d9e794a6e8fab82a1b4f98873f2f5ec8a1b2ca88b9bfd2b00.webp","56decc1b34fcda3d9e794a6e8fab82a1b4f98873f2f5ec8a1b2ca88b9bfd2b00","1f8acbab2b1b7363","Publisher copyright retained; delivery hosting does not transfer copyright","Diamond Stars Bến Tre — website/cổng thông tin đơn vị công bố","","2026-10-05T15:31:29.081Z"
"95c4ca6b-4c46-5de0-8ecc-116456236fd0","publisher:diamondstarbentre:service:7c10992263e20418","https://diamondstarbentre.com/vnt_upload/restaurant/11_2020/thumbs/(1000x670)__IMG_20201026_151655_1.jpg","https://diamondstarbentre.com/vn/nha-hang.html","https://res.cloudinary.com/p1kxfhlw/image/upload/v1791214288/admin-uploads/seeder/88229ecc532e8e966d9a012caa4f885b6ba90de9000e0a47ef3edd94314cae1c.webp","88229ecc532e8e966d9a012caa4f885b6ba90de9000e0a47ef3edd94314cae1c","929ad3d34171f2b0","Publisher copyright retained; delivery hosting does not transfer copyright","Diamond Stars Bến Tre — website/cổng thông tin đơn vị công bố","","2026-10-05T15:31:29.498Z"
"95c4ca6b-4c46-5de0-8ecc-116456236fd0","publisher:diamondstarbentre:service:7c10992263e20418","https://diamondstarbentre.com/vnt_upload/restaurant/11_2020/thumbs/(1000x670)__IMG_0317.jpg","https://diamondstarbentre.com/vn/nha-hang.html","https://res.cloudinary.com/p1kxfhlw/image/upload/v1791214290/admin-uploads/seeder/d0bf97a031012886dd68ca7bfdb0dffbf47776fd49aec2d27901cac90ec18df3.webp","d0bf97a031012886dd68ca7bfdb0dffbf47776fd49aec2d27901cac90ec18df3","0e4c69438accd4cd","Publisher copyright retained; delivery hosting does not transfer copyright","Diamond Stars Bến Tre — website/cổng thông tin đơn vị công bố","","2026-10-05T15:31:32.224Z"
"95c4ca6b-4c46-5de0-8ecc-116456236fd0","publisher:diamondstarbentre:service:7c10992263e20418","https://diamondstarbentre.com/vnt_upload/restaurant/08_2020/thumbs/(1000x670)__nha_hang_1.jpg","https://diamondstarbentre.com/vn/nha-hang.html","https://res.cloudinary.com/p1kxfhlw/image/upload/v1791214293/admin-uploads/seeder/8ba63e022a19fafbdd309a2eb54c0f374fc4534de05e5e41b8b751c00836cc6b.webp","8ba63e022a19fafbdd309a2eb54c0f374fc4534de05e5e41b8b751c00836cc6b","ccf0385953878731","Publisher copyright retained; delivery hosting does not transfer copyright","Diamond Stars Bến Tre — website/cổng thông tin đơn vị công bố","","2026-10-05T15:31:35.010Z"
"c616f3c3-1ffa-5276-8755-e137c3f101ea","publisher:diamondstarbentre:service:6452977cf07f6366","https://diamondstarbentre.com/vnt_upload/service/07_2020/s1.jpg","https://diamondstarbentre.com/vn/dich-vu/spa.html","https://res.cloudinary.com/p1kxfhlw/image/upload/v1791214290/admin-uploads/seeder/6a65e95c06ce6b0b46d56df8bd6a7c5318062d3d5fac37b69f797e3a18add9a4.webp","6a65e95c06ce6b0b46d56df8bd6a7c5318062d3d5fac37b69f797e3a18add9a4","bd81c399c9f4785d","Publisher copyright retained; delivery hosting does not transfer copyright","Diamond Stars Bến Tre — website/cổng thông tin đơn vị công bố","","2026-10-05T15:31:31.659Z"
"c616f3c3-1ffa-5276-8755-e137c3f101ea","publisher:diamondstarbentre:service:6452977cf07f6366","https://diamondstarbentre.com/vnt_upload/service/07_2020/s2.jpg","https://diamondstarbentre.com/vn/dich-vu/spa.html","https://res.cloudinary.com/p1kxfhlw/image/upload/v1791214293/admin-uploads/seeder/b07c3417580ed39f6cd99aa7c329f0351178d6c638f83b1c6283915d76965728.webp","b07c3417580ed39f6cd99aa7c329f0351178d6c638f83b1c6283915d76965728","6322183820c0c224","Publisher copyright retained; delivery hosting does not transfer copyright","Diamond Stars Bến Tre — website/cổng thông tin đơn vị công bố","","2026-10-05T15:31:34.922Z"
"c616f3c3-1ffa-5276-8755-e137c3f101ea","publisher:diamondstarbentre:service:6452977cf07f6366","https://diamondstarbentre.com/vnt_upload/service/07_2020/s3.jpg","https://diamondstarbentre.com/vn/dich-vu/spa.html","https://res.cloudinary.com/p1kxfhlw/image/upload/v1791214901/admin-uploads/seeder/29ea76b9df1581039bb1d6ddde29a5da532e927f099b32ecab697b28e5e63154.webp","29ea76b9df1581039bb1d6ddde29a5da532e927f099b32ecab697b28e5e63154","9e8e0f9f4d8e3323","Publisher copyright retained; delivery hosting does not transfer copyright","Diamond Stars Bến Tre — website/cổng thông tin đơn vị công bố","","2026-10-05T15:41:42.458Z"
"a6829530-10c1-5e5f-82f3-b09f6c15f38c","publisher:konklor:room:f5189194542d09e5","https://cdn.cungcap.net/web/files/2023/01/13/167358332863c0dae0bbc75.jpg","https://konklorhotel.vn/phong-gia-dinh","https://res.cloudinary.com/p1kxfhlw/image/upload/v1791214294/admin-uploads/seeder/9297f60a601a791fb06417fa66a4056ffedbbe2e6c0a4da7e992b44beab6d8d7.webp","9297f60a601a791fb06417fa66a4056ffedbbe2e6c0a4da7e992b44beab6d8d7","c20a306346061e1e","Publisher copyright retained; delivery hosting does not transfer copyright","Konklor Bungalow Garden Hotel — website/cổng thông tin đơn vị công bố","","2026-10-05T15:31:35.668Z"
"c862ac82-f434-5b4c-8ec4-1e6748c192d2","publisher:konklor:room:4bdbb904340d1c7a","https://cdn.cungcap.net/web/files/2023/01/13/167358919263c0f1c89a58e.jpg","https://konklorhotel.vn/phong-giuong-doi-sang-trong-tien-nghi","https://res.cloudinary.com/p1kxfhlw/image/upload/v1791214296/admin-uploads/seeder/c0be0d85e0b2f52e69165668b53b8f29d75fdfa5a26d21d4ad57416b472b7636.webp","c0be0d85e0b2f52e69165668b53b8f29d75fdfa5a26d21d4ad57416b472b7636","4606098c1c27270c","Publisher copyright retained; delivery hosting does not transfer copyright","Konklor Bungalow Garden Hotel — website/cổng thông tin đơn vị công bố","","2026-10-05T15:31:37.143Z"
"b988ace8-4e2d-5bfc-876e-cdc088ab2ebd","publisher:konklor:room:85d50be6f954332b","https://cdn.cungcap.net/web/files/2023/07/18/168965240764b60cb75bd5e.jpg","https://konklorhotel.vn/phong-standar-double","https://res.cloudinary.com/p1kxfhlw/image/upload/v1791214297/admin-uploads/seeder/9e6acc3e84d097e634cda65434553e01865ef2f98fea71abecdcbb88873dc621.webp","9e6acc3e84d097e634cda65434553e01865ef2f98fea71abecdcbb88873dc621","979eccdbdbc6c7c7","Publisher copyright retained; delivery hosting does not transfer copyright","Konklor Bungalow Garden Hotel — website/cổng thông tin đơn vị công bố","","2026-10-05T15:31:38.119Z"
"309e7e0e-511a-56d5-8ab8-05627715b6bb","publisher:habana","https://habanahotel.com.vn/wp-content/uploads/2025/03/z6446723664704_b14eb16d75f3e30e1a1bdad100ca5d1a.jpg","https://habanahotel.com.vn/","https://res.cloudinary.com/p1kxfhlw/image/upload/v1791214298/admin-uploads/seeder/51485b6cb6dfd648482fcdae919975cad9c07a2f55ea5de254bad6c18bf01c81.webp","51485b6cb6dfd648482fcdae919975cad9c07a2f55ea5de254bad6c18bf01c81","8d652922a6bbaef6","Publisher copyright retained; delivery hosting does not transfer copyright","Habana Hotel Thái Nguyên — website/cổng thông tin đơn vị công bố","","2026-10-05T15:31:39.420Z"
"77a7e4ce-f31d-5cd8-8d0b-f38f5bd2aa56","publisher:habana:room:118f658ff8da5439","https://habanahotel.com.vn/wp-content/uploads/2025/03/DSC_1749.jpg","https://habanahotel.com.vn/","https://res.cloudinary.com/p1kxfhlw/image/upload/v1791214300/admin-uploads/seeder/c7ec7612595fa589f24bc69c2ef6537a729f5fe2d51e64c5ab512e127c46cd17.webp","c7ec7612595fa589f24bc69c2ef6537a729f5fe2d51e64c5ab512e127c46cd17","cecb1b331e1d6729","Publisher copyright retained; delivery hosting does not transfer copyright","Habana Hotel Thái Nguyên — website/cổng thông tin đơn vị công bố","","2026-10-05T15:31:41.623Z"
"36d09b57-b7b3-55e3-864c-993184d2f88f","publisher:habana:room:a3b1c8ad8516fc85","https://habanahotel.com.vn/wp-content/uploads/2025/03/DSC_1710.jpg","https://habanahotel.com.vn/","https://res.cloudinary.com/p1kxfhlw/image/upload/v1791214300/admin-uploads/seeder/9835cca939c02261854bd9069fea6e387bcb08d02f2f19a4a63776d34e5e7b32.webp","9835cca939c02261854bd9069fea6e387bcb08d02f2f19a4a63776d34e5e7b32","3b0f5511233d3911","Publisher copyright retained; delivery hosting does not transfer copyright","Habana Hotel Thái Nguyên — website/cổng thông tin đơn vị công bố","","2026-10-05T15:31:41.245Z"
"52eb2410-3e74-5a8e-8c2d-08d1deeb510a","publisher:habana:room:142b7aadecf64d69","https://habanahotel.com.vn/wp-content/uploads/2025/03/DSC_1599-Edit.jpg","https://habanahotel.com.vn/","https://res.cloudinary.com/p1kxfhlw/image/upload/v1791214301/admin-uploads/seeder/a438783f1e00f527df76841821566f931929a7d743ebf46f91d0e656277e439d.webp","a438783f1e00f527df76841821566f931929a7d743ebf46f91d0e656277e439d","61e32767f7b38e01","Publisher copyright retained; delivery hosting does not transfer copyright","Habana Hotel Thái Nguyên — website/cổng thông tin đơn vị công bố","","2026-10-05T15:31:42.798Z"
"7aa01505-db6a-5a81-8af9-cbe011368870","publisher:habana:room:93c4eea5306328ac","https://habanahotel.com.vn/wp-content/uploads/2025/03/DSC_1851.jpg","https://habanahotel.com.vn/","https://res.cloudinary.com/p1kxfhlw/image/upload/v1791214303/admin-uploads/seeder/d9b5a50fb1c5fb4bdaed2f05ec6eb5a6259cdc133d87633b4e623d436a408c1b.webp","d9b5a50fb1c5fb4bdaed2f05ec6eb5a6259cdc133d87633b4e623d436a408c1b","8d33331b0b231d0e","Publisher copyright retained; delivery hosting does not transfer copyright","Habana Hotel Thái Nguyên — website/cổng thông tin đơn vị công bố","","2026-10-05T15:31:44.835Z"
"7c4294a0-4bbb-528c-8103-22e7d21d7544","publisher:habana:room:fa4b8ad61787d23a","https://habanahotel.com.vn/wp-content/uploads/2025/03/DSC_1929.jpg","https://habanahotel.com.vn/","https://res.cloudinary.com/p1kxfhlw/image/upload/v1791214303/admin-uploads/seeder/4faded36bca6f077e4df9baacd09dc7a8867be9a2ea7b04e896e7985f91cf219.webp","4faded36bca6f077e4df9baacd09dc7a8867be9a2ea7b04e896e7985f91cf219","0200495b59591d0f","Publisher copyright retained; delivery hosting does not transfer copyright","Habana Hotel Thái Nguyên — website/cổng thông tin đơn vị công bố","","2026-10-05T15:31:45.296Z"
"cafb16b6-8df1-5416-838c-8e0232f56c9c","publisher:dongxuyen:CL:room:69a3a8c0bc015490","https://dongxuyenhotel.vn/wp-content/uploads/2022/09/STAND-TWN-CL-1920x650.jpg","https://dongxuyenhotel.vn/phong/standard-twin-double/","https://res.cloudinary.com/p1kxfhlw/image/upload/v1791214305/admin-uploads/seeder/22ce0b202fe9f986665a27fe3d062843f1f38b7695c741a1c776668cce4703f3.webp","22ce0b202fe9f986665a27fe3d062843f1f38b7695c741a1c776668cce4703f3","4b9446435bb63696","Publisher copyright retained; delivery hosting does not transfer copyright","Khách sạn Cửu Long — website/cổng thông tin đơn vị công bố","","2026-10-05T15:31:46.867Z"
"79422a34-be24-5a74-88e8-c0d4b396dd85","publisher:dongxuyen:CL:room:f7e1c3bb99fc9d5e","https://dongxuyenhotel.vn/wp-content/uploads/2022/09/SUP-TWN-CL-1920x650.jpg","https://dongxuyenhotel.vn/phong/superior-twin-double-2/","https://res.cloudinary.com/p1kxfhlw/image/upload/v1791214306/admin-uploads/seeder/75efcf85325a56ad63020516f1325cce5f3b565f4ea6d9ac13220a7060e3bead.webp","75efcf85325a56ad63020516f1325cce5f3b565f4ea6d9ac13220a7060e3bead","3e5b39b496b2a6b6","Publisher copyright retained; delivery hosting does not transfer copyright","Khách sạn Cửu Long — website/cổng thông tin đơn vị công bố","","2026-10-05T15:31:47.241Z"
"066a2a25-2cc1-55b5-8872-5d9b8d00df43","publisher:dongxuyen:CL:room:84c95300b81b4803","https://dongxuyenhotel.vn/wp-content/uploads/2022/09/DEL-DBL-CL-1920x650.jpg","https://dongxuyenhotel.vn/phong/deluxe-double-2/","https://res.cloudinary.com/p1kxfhlw/image/upload/v1791214306/admin-uploads/seeder/b4ef7586ff3689b22bba6d2f345096a10d5a7374c331dd5853d0fc735dd554ab.webp","b4ef7586ff3689b22bba6d2f345096a10d5a7374c331dd5853d0fc735dd554ab","b5b4960faba2b392","Publisher copyright retained; delivery hosting does not transfer copyright","Khách sạn Cửu Long — website/cổng thông tin đơn vị công bố","","2026-10-05T15:31:47.797Z"
"c7d3bf10-8cc4-52a3-8e60-f6459032b102","publisher:dongxuyen:CL:room:16d4fd941ead207e","https://dongxuyenhotel.vn/wp-content/uploads/2022/09/DEL-TRIP-CL-1920x650.jpg","https://dongxuyenhotel.vn/phong/deluxe-tripple-2/","https://res.cloudinary.com/p1kxfhlw/image/upload/v1791214308/admin-uploads/seeder/a8d1e68adb2ff2441003dd4d7beb9c6a7936f49ab2144597619a392f55866186.webp","a8d1e68adb2ff2441003dd4d7beb9c6a7936f49ab2144597619a392f55866186","abb3531bd97293b2","Publisher copyright retained; delivery hosting does not transfer copyright","Khách sạn Cửu Long — website/cổng thông tin đơn vị công bố","","2026-10-05T15:31:49.508Z"
"b204ccbd-ecbf-5a7a-8c18-ff1c0416d7c9","publisher:dongxuyen:LX:room:0490e2c89360399d","https://dongxuyenhotel.vn/wp-content/uploads/2022/09/STAND-DBL-LX-1920x650.jpg","https://dongxuyenhotel.vn/phong/standard-double/","https://res.cloudinary.com/p1kxfhlw/image/upload/v1791214308/admin-uploads/seeder/8bbcd45d797beb763345c486cf984bb2d1bbf399a3109ac6a191c36bafb1ea7c.webp","8bbcd45d797beb763345c486cf984bb2d1bbf399a3109ac6a191c36bafb1ea7c","8e96260e0ee6a6f6","Publisher copyright retained; delivery hosting does not transfer copyright","Khách sạn Long Xuyên — website/cổng thông tin đơn vị công bố","","2026-10-05T15:31:50.037Z"
"440d9222-29d6-5d44-821d-19f57b5f043d","publisher:dongxuyen:LX:room:f7e1c3bb99fc9d5e","https://dongxuyenhotel.vn/wp-content/uploads/2022/09/SUP-TWN-LX-1920x650.jpg","https://dongxuyenhotel.vn/phong/superior-twin-double/","https://res.cloudinary.com/p1kxfhlw/image/upload/v1791214309/admin-uploads/seeder/c64b38b60a98b6f42f6365ad6144c1c7fea93a7c8d99f8fca98c909cec078015.webp","c64b38b60a98b6f42f6365ad6144c1c7fea93a7c8d99f8fca98c909cec078015","6398366f6cd4d4d4","Publisher copyright retained; delivery hosting does not transfer copyright","Khách sạn Long Xuyên — website/cổng thông tin đơn vị công bố","","2026-10-05T15:31:50.366Z"
"67726f0f-5fc9-5b99-846a-766c51c8dd3d","publisher:dongxuyen:LX:room:16d4fd941ead207e","https://dongxuyenhotel.vn/wp-content/uploads/2022/09/DEL-TRIP-LX-1920x650.jpg","https://dongxuyenhotel.vn/phong/deluxe-tripple/","https://res.cloudinary.com/p1kxfhlw/image/upload/v1791214311/admin-uploads/seeder/79ec0269e2c65485483c6ef46fde29d8db29db069caf2462bc14ea2c7be7a8b3.webp","79ec0269e2c65485483c6ef46fde29d8db29db069caf2462bc14ea2c7be7a8b3","c9c293d1f1a6a6aa","Publisher copyright retained; delivery hosting does not transfer copyright","Khách sạn Long Xuyên — website/cổng thông tin đơn vị công bố","","2026-10-05T15:31:51.926Z"
"eb391649-ab0d-5f8f-8b1b-7c3ea4639c9c","publisher:dongxuyen:DX:room:60c5fdc7957fb3dc","https://dongxuyenhotel.vn/wp-content/uploads/2022/09/SUP-TWN-DX-1920x650.jpg","https://dongxuyenhotel.vn/phong/superior-twin/","https://res.cloudinary.com/p1kxfhlw/image/upload/v1791214311/admin-uploads/seeder/4b296ed6a47cf55b21ffc1c513dcc7e9efa035c8562925b5898640f3e294406c.webp","4b296ed6a47cf55b21ffc1c513dcc7e9efa035c8562925b5898640f3e294406c","b63336f4e0b1b2b6","Publisher copyright retained; delivery hosting does not transfer copyright","Khách sạn Đông Xuyên — website/cổng thông tin đơn vị công bố","","2026-10-05T15:31:52.690Z"
"8050fc14-a696-56cf-834c-708710b1c284","publisher:dongxuyen:DX:room:47d8a97e65835517","https://dongxuyenhotel.vn/wp-content/uploads/2022/09/SUP-DBL-DX-1920x650.jpg","https://dongxuyenhotel.vn/phong/superior-double/","https://res.cloudinary.com/p1kxfhlw/image/upload/v1791214311/admin-uploads/seeder/c3e24d1ae830760770e093420fe938c4e0b0b6be2f90ae77143b896620462184.webp","c3e24d1ae830760770e093420fe938c4e0b0b6be2f90ae77143b896620462184","ce96bb3116d6b2ca","Publisher copyright retained; delivery hosting does not transfer copyright","Khách sạn Đông Xuyên — website/cổng thông tin đơn vị công bố","","2026-10-05T15:31:52.581Z"
"83004c39-b08a-5e8f-8c53-2a4495f9075b","publisher:dongxuyen:DX:room:de371ab6103f6e73","https://dongxuyenhotel.vn/wp-content/uploads/2022/09/SUP-TRIP-DX-1920x650.jpg","https://dongxuyenhotel.vn/phong/superior-tripple/","https://res.cloudinary.com/p1kxfhlw/image/upload/v1791214313/admin-uploads/seeder/943cdeefdac1cec4f735bce33a22373b0b476a3a52f206e539c11a7b2f7c86c3.webp","943cdeefdac1cec4f735bce33a22373b0b476a3a52f206e539c11a7b2f7c86c3","5213bac6a4a1a3b2","Publisher copyright retained; delivery hosting does not transfer copyright","Khách sạn Đông Xuyên — website/cổng thông tin đơn vị công bố","","2026-10-05T15:31:54.085Z"
"b14b5e0e-bf12-5636-8638-d9599a431c61","publisher:saigonrachgia","https://saigonrachgiahotel.vn/files/images/ab/ks1.jpg","https://saigonrachgiahotel.vn/vn/home","https://res.cloudinary.com/p1kxfhlw/image/upload/v1791214316/admin-uploads/seeder/73b836027274b3aaf1b7359769ab2d1e096f2d4087d85eb3ae807c6ccf920cb5.webp","73b836027274b3aaf1b7359769ab2d1e096f2d4087d85eb3ae807c6ccf920cb5","bdefd6dbc3e5c523","Publisher copyright retained; delivery hosting does not transfer copyright","Khách sạn Sài Gòn Rạch Giá — website/cổng thông tin đơn vị công bố","","2026-10-05T15:31:58.519Z"
"67cb10c2-d814-54f2-8298-11c8dbc10904","publisher:saigonrachgia:room:3c9869632667eb3e","https://saigonrachgiahotel.vn/files/images/rooms/FAMILY.jpg","https://saigonrachgiahotel.vn/vn/home","https://res.cloudinary.com/p1kxfhlw/image/upload/v1791214314/admin-uploads/seeder/a59b63c27b8cfe363ca6c4a20b2154f528275b41b59040272030ee007fa0402b.webp","a59b63c27b8cfe363ca6c4a20b2154f528275b41b59040272030ee007fa0402b","fd1d9e9e1e0c0cba","Publisher copyright retained; delivery hosting does not transfer copyright","Khách sạn Sài Gòn Rạch Giá — website/cổng thông tin đơn vị công bố","","2026-10-05T15:31:55.954Z"
"18e190f3-f243-5650-88fb-8a055d6c841d","publisher:saigonrachgia:room:b92179bb59c18989","https://saigonrachgiahotel.vn/files/images/rooms/PRESIDENT.jpg","https://saigonrachgiahotel.vn/vn/home","https://res.cloudinary.com/p1kxfhlw/image/upload/v1791214316/admin-uploads/seeder/cffb7d411aecea1b97d2ff5b0b337cf3c3b4f0ea7f28b231fbba975a7011d0e9.webp","cffb7d411aecea1b97d2ff5b0b337cf3c3b4f0ea7f28b231fbba975a7011d0e9","195949692c144c69","Publisher copyright retained; delivery hosting does not transfer copyright","Khách sạn Sài Gòn Rạch Giá — website/cổng thông tin đơn vị công bố","","2026-10-05T15:31:57.621Z"
"e1682d16-2c50-5ac0-8b8e-ed0add055b56","publisher:saigonrachgia:room:80ac92ba732ffcd9","https://saigonrachgiahotel.vn/files/images/rooms/DELUXE.jpg","https://saigonrachgiahotel.vn/vn/home","https://res.cloudinary.com/p1kxfhlw/image/upload/v1791214317/admin-uploads/seeder/6ae31b8bd9ba2e97ef0bfb653c5691d0331b566d60db0906ce4e097591cb8c88.webp","6ae31b8bd9ba2e97ef0bfb653c5691d0331b566d60db0906ce4e097591cb8c88","7141313127120e4c","Publisher copyright retained; delivery hosting does not transfer copyright","Khách sạn Sài Gòn Rạch Giá — website/cổng thông tin đơn vị công bố","","2026-10-05T15:31:58.878Z"
"6e476ee0-dc94-5d24-80d8-2f85d643a7c3","publisher:saigonrachgia:room:a69142647e3abb87","https://saigonrachgiahotel.vn/files/images/rooms/SGDELUXE.jpg","https://saigonrachgiahotel.vn/vn/home","https://res.cloudinary.com/p1kxfhlw/image/upload/v1791214319/admin-uploads/seeder/9b5f3803203153ab0a05b8262e213910ea0201c465df2e294f68aefe2f2b2488.webp","9b5f3803203153ab0a05b8262e213910ea0201c465df2e294f68aefe2f2b2488","353763f3934c8999","Publisher copyright retained; delivery hosting does not transfer copyright","Khách sạn Sài Gòn Rạch Giá — website/cổng thông tin đơn vị công bố","","2026-10-05T15:32:00.675Z"
"d33e524c-d7b0-5caf-8f22-a9735508ce1c","publisher:saigonrachgia:room:2313d454a6e04e0d","https://saigonrachgiahotel.vn/files/images/rooms/SGSUITE.jpg","https://saigonrachgiahotel.vn/vn/home","https://res.cloudinary.com/p1kxfhlw/image/upload/v1791214320/admin-uploads/seeder/411d5f03871d354d260f81fe17129b3eb7a624ebed1ece7a16f191bb95c31d09.webp","411d5f03871d354d260f81fe17129b3eb7a624ebed1ece7a16f191bb95c31d09","f856d6d6d69f9343","Publisher copyright retained; delivery hosting does not transfer copyright","Khách sạn Sài Gòn Rạch Giá — website/cổng thông tin đơn vị công bố","","2026-10-05T15:32:02.060Z"
"f5e8dcd9-0701-575a-833d-489b6dd300dd","publisher:phucuong","https://phucuonghotel.com/image/cache/catalog/slider/intro/h3-0x0.webp","https://phucuonghotel.com/","https://res.cloudinary.com/p1kxfhlw/image/upload/v1791214323/admin-uploads/seeder/199602e1807cd14d6d3cbb1d4f14b7d7e737819f1ac698b76e2ddf7166bf9d9c.webp","199602e1807cd14d6d3cbb1d4f14b7d7e737819f1ac698b76e2ddf7166bf9d9c","a3a6c5e52e4e3633","Publisher copyright retained; delivery hosting does not transfer copyright","Khách sạn Phú Cường Cà Mau — website/cổng thông tin đơn vị công bố","","2026-10-05T15:32:06.066Z"
"3f12dc1d-20bd-5a01-8e52-e0dfe90705b4","publisher:phucuong:room:a2bb8de5163eaca0","https://phucuonghotel.com/image/catalog/album-catalog/Superior%20city%20view/DSC_2798.jpg","https://phucuonghotel.com/","https://res.cloudinary.com/p1kxfhlw/image/upload/v1791214327/admin-uploads/seeder/85ff287c4e10f4284b98ec9a207d054b11dd851c8985fc997bc7dfbc2fbf0462.webp","85ff287c4e10f4284b98ec9a207d054b11dd851c8985fc997bc7dfbc2fbf0462","bbbbbbbb72fcb2fb","Publisher copyright retained; delivery hosting does not transfer copyright","Khách sạn Phú Cường Cà Mau — website/cổng thông tin đơn vị công bố","","2026-10-05T15:32:09.153Z"
"3f12dc1d-20bd-5a01-8e52-e0dfe90705b4","publisher:phucuong:room:a2bb8de5163eaca0","https://phucuonghotel.com/image/catalog/album-catalog/Superior%20city%20view/DSC_2801.jpg","https://phucuonghotel.com/","https://res.cloudinary.com/p1kxfhlw/image/upload/v1791214331/admin-uploads/seeder/179efba2cde5b6f4584f3b143ee1d28a03e46d1317dd2bc9427dee25eedbed8c.webp","179efba2cde5b6f4584f3b143ee1d28a03e46d1317dd2bc9427dee25eedbed8c","f9fafede7a7a73e1","Publisher copyright retained; delivery hosting does not transfer copyright","Khách sạn Phú Cường Cà Mau — website/cổng thông tin đơn vị công bố","","2026-10-05T15:32:12.508Z"
"3f12dc1d-20bd-5a01-8e52-e0dfe90705b4","publisher:phucuong:room:a2bb8de5163eaca0","https://phucuonghotel.com/image/catalog/album-catalog/Superior%20city%20view/DSC_2793.jpg","https://phucuonghotel.com/","https://res.cloudinary.com/p1kxfhlw/image/upload/v1791214324/admin-uploads/seeder/aa2f882636aa01086b7fa8a5757fcc361fe0364e6a8704c1228f090703ee78fe.webp","aa2f882636aa01086b7fa8a5757fcc361fe0364e6a8704c1228f090703ee78fe","20c3c3c2c2d6f5fc","Publisher copyright retained; delivery hosting does not transfer copyright","Khách sạn Phú Cường Cà Mau — website/cổng thông tin đơn vị công bố","","2026-10-05T15:32:05.322Z"
"9b3d4d5b-1b51-5ddf-8c15-8cb03a1dcfd6","publisher:phucuong:room:e128ab764efebcf0","https://phucuonghotel.com/image/catalog/album-catalog/Family/DSC_2782.jpg","https://phucuonghotel.com/","https://res.cloudinary.com/p1kxfhlw/image/upload/v1791214324/admin-uploads/seeder/b5f2d8c338db09e2d714f70303868f879502b6dde41b874befdd40b4876e0221.webp","b5f2d8c338db09e2d714f70303868f879502b6dde41b874befdd40b4876e0221","b3d2a4a4a7e6e6e5","Publisher copyright retained; delivery hosting does not transfer copyright","Khách sạn Phú Cường Cà Mau — website/cổng thông tin đơn vị công bố","","2026-10-05T15:32:06.007Z"
"9b3d4d5b-1b51-5ddf-8c15-8cb03a1dcfd6","publisher:phucuong:room:e128ab764efebcf0","https://phucuonghotel.com/image/catalog/album-catalog/Family/DSC_2791.jpg","https://phucuonghotel.com/","https://res.cloudinary.com/p1kxfhlw/image/upload/v1791214328/admin-uploads/seeder/7afa91992c57acf9a400cea15a23c6094103eb16e850e4ce10ce2cb43fc27b11.webp","7afa91992c57acf9a400cea15a23c6094103eb16e850e4ce10ce2cb43fc27b11","61636363636e76f2","Publisher copyright retained; delivery hosting does not transfer copyright","Khách sạn Phú Cường Cà Mau — website/cổng thông tin đơn vị công bố","","2026-10-05T15:32:09.293Z"
"22c37c76-4806-55b9-8d6c-47ac0e55bc60","publisher:phucuong:room:83c6dc1eb7829099","https://phucuonghotel.com/image/catalog/album-catalog/Executive%20balcony/DSC_2683.jpg","https://phucuonghotel.com/","https://res.cloudinary.com/p1kxfhlw/image/upload/v1791214328/admin-uploads/seeder/d6aab4d1d8c91c72e843afc0bbf49aa346e1c8790d7ad7f78465e5326995de30.webp","d6aab4d1d8c91c72e843afc0bbf49aa346e1c8790d7ad7f78465e5326995de30","110391d151114363","Publisher copyright retained; delivery hosting does not transfer copyright","Khách sạn Phú Cường Cà Mau — website/cổng thông tin đơn vị công bố","","2026-10-05T15:32:09.810Z"
"22c37c76-4806-55b9-8d6c-47ac0e55bc60","publisher:phucuong:room:83c6dc1eb7829099","https://phucuonghotel.com/image/catalog/album-catalog/Executive%20balcony/EX-S-BCn-5-1.jpg","https://phucuonghotel.com/","https://res.cloudinary.com/p1kxfhlw/image/upload/v1791214331/admin-uploads/seeder/c858606d6ae754e0076eb094cbfe6b56f168a9a1c7e6cb46f02305995b8e389e.webp","c858606d6ae754e0076eb094cbfe6b56f168a9a1c7e6cb46f02305995b8e389e","3333333333179b9e","Publisher copyright retained; delivery hosting does not transfer copyright","Khách sạn Phú Cường Cà Mau — website/cổng thông tin đơn vị công bố","","2026-10-05T15:32:12.840Z"
"22c37c76-4806-55b9-8d6c-47ac0e55bc60","publisher:phucuong:room:83c6dc1eb7829099","https://phucuonghotel.com/image/catalog/album-catalog/Executive%20balcony/DSC_2688.jpg","https://phucuonghotel.com/","https://res.cloudinary.com/p1kxfhlw/image/upload/v1791214335/admin-uploads/seeder/b55162fc70b1c312b3ec7b945ca66d5f08dab920757f4f8dd3e699e02d025cfb.webp","b55162fc70b1c312b3ec7b945ca66d5f08dab920757f4f8dd3e699e02d025cfb","7f3f1f7f3f3f5bc6","Publisher copyright retained; delivery hosting does not transfer copyright","Khách sạn Phú Cường Cà Mau — website/cổng thông tin đơn vị công bố","","2026-10-05T15:32:16.583Z"
"88800add-41ae-5d20-839d-ad5974cf1bb3","publisher:phucuong:room:0e81ff00a639c4cd","https://phucuonghotel.com/image/catalog/album-catalog/Executive/EX-Suite-4.jpg","https://phucuonghotel.com/","https://res.cloudinary.com/p1kxfhlw/image/upload/v1791214331/admin-uploads/seeder/3c5ce810d910fc419c59b55183b1988ebfe1853466e1fd23a7e490bf07bf6b0b.webp","3c5ce810d910fc419c59b55183b1988ebfe1853466e1fd23a7e490bf07bf6b0b","fddfce0e4ecada7c","Publisher copyright retained; delivery hosting does not transfer copyright","Khách sạn Phú Cường Cà Mau — website/cổng thông tin đơn vị công bố","","2026-10-05T15:32:12.627Z"
"7adb3c8f-f960-5a86-826a-8dc7bf80272a","publisher:phucuong:room:66c96c21b6316439","https://phucuonghotel.com/image/catalog/album-catalog/Royal/3.jpg","https://phucuonghotel.com/","https://res.cloudinary.com/p1kxfhlw/image/upload/v1791214334/admin-uploads/seeder/6a2e3960d96be8880e22e99e9f7de575e8e417e905972da12a113e3e4e07fa0f.webp","6a2e3960d96be8880e22e99e9f7de575e8e417e905972da12a113e3e4e07fa0f","999b9b8a96919199","Publisher copyright retained; delivery hosting does not transfer copyright","Khách sạn Phú Cường Cà Mau — website/cổng thông tin đơn vị công bố","","2026-10-05T15:32:16.170Z"
"7adb3c8f-f960-5a86-826a-8dc7bf80272a","publisher:phucuong:room:66c96c21b6316439","https://phucuonghotel.com/image/catalog/album-catalog/Royal/2.jpg","https://phucuonghotel.com/","https://res.cloudinary.com/p1kxfhlw/image/upload/v1791214338/admin-uploads/seeder/36b9a13789d07496ee4a828835222d4485cded3f3513e463cc0a85292708c376.webp","36b9a13789d07496ee4a828835222d4485cded3f3513e463cc0a85292708c376","6a38999a7a361c27","Publisher copyright retained; delivery hosting does not transfer copyright","Khách sạn Phú Cường Cà Mau — website/cổng thông tin đơn vị công bố","","2026-10-05T15:32:19.416Z"
"7adb3c8f-f960-5a86-826a-8dc7bf80272a","publisher:phucuong:room:66c96c21b6316439","https://phucuonghotel.com/image/catalog/album-catalog/Royal/4.jpg","https://phucuonghotel.com/","https://res.cloudinary.com/p1kxfhlw/image/upload/v1791214341/admin-uploads/seeder/1d1a4bbb8896d72678d56ff068135d2dfbf0c2c23e4cbe7599a5014cc1d023b4.webp","1d1a4bbb8896d72678d56ff068135d2dfbf0c2c23e4cbe7599a5014cc1d023b4","894153510dcdf93d","Publisher copyright retained; delivery hosting does not transfer copyright","Khách sạn Phú Cường Cà Mau — website/cổng thông tin đơn vị công bố","","2026-10-05T15:32:22.699Z"
"672feab7-156d-5a89-81a8-a3bc329cc5a9","publisher:phucuong:room:00721ac85c183bbf","https://phucuonghotel.com/image/catalog/album-catalog/Classy/3.jpg","https://phucuonghotel.com/","https://res.cloudinary.com/p1kxfhlw/image/upload/v1791214334/admin-uploads/seeder/ab5590e35dc39687181ee837067e2d990e0cbdc03e30f05964397f41cbd9c758.webp","ab5590e35dc39687181ee837067e2d990e0cbdc03e30f05964397f41cbd9c758","65656767e3337b76","Publisher copyright retained; delivery hosting does not transfer copyright","Khách sạn Phú Cường Cà Mau — website/cổng thông tin đơn vị công bố","","2026-10-05T15:32:15.905Z"
"672feab7-156d-5a89-81a8-a3bc329cc5a9","publisher:phucuong:room:00721ac85c183bbf","https://phucuonghotel.com/image/catalog/album-catalog/Classy/4.jpg","https://phucuonghotel.com/","https://res.cloudinary.com/p1kxfhlw/image/upload/v1791214338/admin-uploads/seeder/e929a132b7bffbe37f4aeea412c09634ef04334a2a7a08ef19bb154c8b845d5e.webp","e929a132b7bffbe37f4aeea412c09634ef04334a2a7a08ef19bb154c8b845d5e","238e0c0c4cc69518","Publisher copyright retained; delivery hosting does not transfer copyright","Khách sạn Phú Cường Cà Mau — website/cổng thông tin đơn vị công bố","","2026-10-05T15:32:19.562Z"
"672feab7-156d-5a89-81a8-a3bc329cc5a9","publisher:phucuong:room:00721ac85c183bbf","https://phucuonghotel.com/image/catalog/album-catalog/Classy/5.jpg","https://phucuonghotel.com/","https://res.cloudinary.com/p1kxfhlw/image/upload/v1791214342/admin-uploads/seeder/0c1b58ecbffb3ae0c287616bacbc5529f5967c39622ccd222d525900ebdedfb7.webp","0c1b58ecbffb3ae0c287616bacbc5529f5967c39622ccd222d525900ebdedfb7","67e9ececf4fcce31","Publisher copyright retained; delivery hosting does not transfer copyright","Khách sạn Phú Cường Cà Mau — website/cổng thông tin đơn vị công bố","","2026-10-05T15:32:23.415Z"
"74acc54a-8729-5d9c-8065-82870fb6094e","publisher:phucuong:service:ec70691ed8a63681","https://phucuonghotel.com/image/cache/catalog/services/buffet-500x500.webp","https://phucuonghotel.com/","https://res.cloudinary.com/p1kxfhlw/image/upload/v1791214337/admin-uploads/seeder/ed9c99939f63d17bb95d2c4c2e2b782ef9e144787466104946e79a04809f8add.webp","ed9c99939f63d17bb95d2c4c2e2b782ef9e144787466104946e79a04809f8add","83192aa6de593493","Publisher copyright retained; delivery hosting does not transfer copyright","Khách sạn Phú Cường Cà Mau — website/cổng thông tin đơn vị công bố","","2026-10-05T15:32:18.854Z"
"74acc54a-8729-5d9c-8065-82870fb6094e","publisher:phucuong:service:ec70691ed8a63681","https://phucuonghotel.com/image/cache/catalog/services/dsc-2987-500x500.webp","https://phucuonghotel.com/","https://res.cloudinary.com/p1kxfhlw/image/upload/v1791214339/admin-uploads/seeder/fa7601a4ac2b95b4034eec5f6d1acd46a718c211a321eeb53f763f8ba07253ba.webp","fa7601a4ac2b95b4034eec5f6d1acd46a718c211a321eeb53f763f8ba07253ba","9b7f4f4acadaffff","Publisher copyright retained; delivery hosting does not transfer copyright","Khách sạn Phú Cường Cà Mau — website/cổng thông tin đơn vị công bố","","2026-10-05T15:32:20.770Z"
"74acc54a-8729-5d9c-8065-82870fb6094e","publisher:phucuong:service:ec70691ed8a63681","https://phucuonghotel.com/image/cache/catalog/services/hinh-500x500.webp","https://phucuonghotel.com/","https://res.cloudinary.com/p1kxfhlw/image/upload/v1791214341/admin-uploads/seeder/b0b6e4fc464f101de236bf8f443d56a27a747bc74e05fe497aab3d4ca15f1aaa.webp","b0b6e4fc464f101de236bf8f443d56a27a747bc74e05fe497aab3d4ca15f1aaa","65e5e5b9d1e7ab07","Publisher copyright retained; delivery hosting does not transfer copyright","Khách sạn Phú Cường Cà Mau — website/cổng thông tin đơn vị công bố","","2026-10-05T15:32:22.645Z"
"cc34eb5e-a50d-550f-88cb-4db41796774f","publisher:ninhkieu:room:fe5888ecd214e1e1","https://cdn.myguestdiary.com/uploads/1662/_room_deluxe_double_room_riverview.png?width=1920&height=1080&mode=crop","https://www.ninhkieuriversidehotel.vn/our-accommodation/14453/ph%C3%B2ng-%C4%91%C3%B4i-executive-deluxe-river-view-double","https://res.cloudinary.com/p1kxfhlw/image/upload/v1791214348/admin-uploads/seeder/93373c1bb116a93e9b347fbb80227d94674bd61a30a2b1e65f16b6e2f7eddab1.webp","93373c1bb116a93e9b347fbb80227d94674bd61a30a2b1e65f16b6e2f7eddab1","477c7474322e2670","Publisher copyright retained; delivery hosting does not transfer copyright","Ninh Kiều Riverside Hotel — website/cổng thông tin đơn vị công bố","","2026-10-05T15:32:29.221Z"
"cc34eb5e-a50d-550f-88cb-4db41796774f","publisher:ninhkieu:room:fe5888ecd214e1e1","https://cdn.myguestdiary.com/uploads/1662/_room_deluxe_double_room_riverview_2.png?width=1920&height=1080&mode=crop","https://www.ninhkieuriversidehotel.vn/our-accommodation/14453/ph%C3%B2ng-%C4%91%C3%B4i-executive-deluxe-river-view-double","https://res.cloudinary.com/p1kxfhlw/image/upload/v1791214353/admin-uploads/seeder/676231313e70b145df1a3143ac96f7d74b79fc6a2a53e71a0a4349bdaee68916.webp","676231313e70b145df1a3143ac96f7d74b79fc6a2a53e71a0a4349bdaee68916","a0a0a09a0b272741","Publisher copyright retained; delivery hosting does not transfer copyright","Ninh Kiều Riverside Hotel — website/cổng thông tin đơn vị công bố","","2026-10-05T15:32:34.643Z"
"cc34eb5e-a50d-550f-88cb-4db41796774f","publisher:ninhkieu:room:fe5888ecd214e1e1","https://cdn.myguestdiary.com/uploads/1662/_room_superior_double_room_river_view.png?width=1920&height=1080&mode=crop","https://www.ninhkieuriversidehotel.vn/our-accommodation/14453/ph%C3%B2ng-%C4%91%C3%B4i-executive-deluxe-river-view-double","https://res.cloudinary.com/p1kxfhlw/image/upload/v1791214360/admin-uploads/seeder/5fba62f525087c6d647641000edc764726f053a3f8aac1deca817f187446091a.webp","5fba62f525087c6d647641000edc764726f053a3f8aac1deca817f187446091a","ff6d2c6ded84a666","Publisher copyright retained; delivery hosting does not transfer copyright","Ninh Kiều Riverside Hotel — website/cổng thông tin đơn vị công bố","","2026-10-05T15:32:42.210Z"
"b7332610-5da0-5868-89b8-323ec7840bae","publisher:ninhkieu:room:5b27d09db6191f90","https://cdn.myguestdiary.com/uploads/1662/_room_deluxe_double_room_riverview_3.png?width=1920&height=1080&mode=crop","https://www.ninhkieuriversidehotel.vn/our-accommodation/14452/ph%C3%B2ng-%C4%91%C3%B4i-executive-superior-river-view-double","https://res.cloudinary.com/p1kxfhlw/image/upload/v1791214361/admin-uploads/seeder/9c9389234f775c6ab2832cc3a1de0b88824088a7743305b840b65165f592f1ee.webp","9c9389234f775c6ab2832cc3a1de0b88824088a7743305b840b65165f592f1ee","696d6dec6262ec67","Publisher copyright retained; delivery hosting does not transfer copyright","Ninh Kiều Riverside Hotel — website/cổng thông tin đơn vị công bố","","2026-10-05T15:32:42.650Z"
"b7332610-5da0-5868-89b8-323ec7840bae","publisher:ninhkieu:room:5b27d09db6191f90","https://cdn.myguestdiary.com/uploads/1662/_room_superior_twin_room_city_view_3.png?width=1920&height=1080&mode=crop","https://www.ninhkieuriversidehotel.vn/our-accommodation/14452/ph%C3%B2ng-%C4%91%C3%B4i-executive-superior-river-view-double","https://res.cloudinary.com/p1kxfhlw/image/upload/v1791214368/admin-uploads/seeder/a4618af8254243037eb073626cc5e8bbb194ec998cc39b1d5f257d17da6a361c.webp","a4618af8254243037eb073626cc5e8bbb194ec998cc39b1d5f257d17da6a361c","a4a6a6ccc6ccd4d8","Publisher copyright retained; delivery hosting does not transfer copyright","Ninh Kiều Riverside Hotel — website/cổng thông tin đơn vị công bố","","2026-10-05T15:32:49.519Z"
"50febb19-1b38-5c39-8b2b-15b90c672d2e","publisher:ninhkieu:room:c4fffc44bc5acc6e","https://cdn.myguestdiary.com/uploads/1662/_room_superior_twin_room_city_view_4.png?width=1920&height=1080&mode=crop","https://www.ninhkieuriversidehotel.vn/our-accommodation/14457/ph%C3%B2ng-hai-%C4%91%C6%A1n-executive-deluxe-river-view-twin","https://res.cloudinary.com/p1kxfhlw/image/upload/v1791214351/admin-uploads/seeder/a4d64a26d78ffd4bb4c5c08d87dd2534ddd2d60da6edebf3e4832e728165a553.webp","a4d64a26d78ffd4bb4c5c08d87dd2534ddd2d60da6edebf3e4832e728165a553","c726a6a6e68333cd","Publisher copyright retained; delivery hosting does not transfer copyright","Ninh Kiều Riverside Hotel — website/cổng thông tin đơn vị công bố","","2026-10-05T15:32:32.134Z"
"50febb19-1b38-5c39-8b2b-15b90c672d2e","publisher:ninhkieu:room:c4fffc44bc5acc6e","https://cdn.myguestdiary.com/uploads/1662/_room_superior_twin_room_river_view_4.png?width=1920&height=1080&mode=crop","https://www.ninhkieuriversidehotel.vn/our-accommodation/14457/ph%C3%B2ng-hai-%C4%91%C6%A1n-executive-deluxe-river-view-twin","https://res.cloudinary.com/p1kxfhlw/image/upload/v1791214357/admin-uploads/seeder/c4d9c5c8873a03580b6fe2d9d45bd5085116c7b9e1966527af91f24e2ab9fdbd.webp","c4d9c5c8873a03580b6fe2d9d45bd5085116c7b9e1966527af91f24e2ab9fdbd","4d19939391c7c7cb","Publisher copyright retained; delivery hosting does not transfer copyright","Ninh Kiều Riverside Hotel — website/cổng thông tin đơn vị công bố","","2026-10-05T15:32:38.478Z"
"50febb19-1b38-5c39-8b2b-15b90c672d2e","publisher:ninhkieu:room:c4fffc44bc5acc6e","https://cdn.myguestdiary.com/uploads/1662/_room_superior_twin_room_river_view_5.png?width=1920&height=1080&mode=crop","https://www.ninhkieuriversidehotel.vn/our-accommodation/14457/ph%C3%B2ng-hai-%C4%91%C6%A1n-executive-deluxe-river-view-twin","https://res.cloudinary.com/p1kxfhlw/image/upload/v1791214363/admin-uploads/seeder/7250b009005a51f5708080daad0f5ffb16b49fb4ae069eea8d6fbd055f47580d.webp","7250b009005a51f5708080daad0f5ffb16b49fb4ae069eea8d6fbd055f47580d","9ecec5e4dccc4ddb","Publisher copyright retained; delivery hosting does not transfer copyright","Ninh Kiều Riverside Hotel — website/cổng thông tin đơn vị công bố","","2026-10-05T15:32:44.632Z"
"856cc7d1-f38c-52a1-8016-b63b39f60888","publisher:ninhkieu:room:eead57c590320601","https://cdn.myguestdiary.com/uploads/1662/_room_premium_deluxe.png?width=1920&height=1080&mode=crop","https://www.ninhkieuriversidehotel.vn/our-accommodation/14454/ph%C3%B2ng-%C4%91%C3%B4i-premium-deluxe","https://res.cloudinary.com/p1kxfhlw/image/upload/v1791214367/admin-uploads/seeder/67dbdb51b0cb04d6177fbbd45a610f01d9583bd7b705f557a46d7d2a69da66d7.webp","67dbdb51b0cb04d6177fbbd45a610f01d9583bd7b705f557a46d7d2a69da66d7","98c7e5ed99bba78c","Publisher copyright retained; delivery hosting does not transfer copyright","Ninh Kiều Riverside Hotel — website/cổng thông tin đơn vị công bố","","2026-10-05T15:32:48.290Z"
"856cc7d1-f38c-52a1-8016-b63b39f60888","publisher:ninhkieu:room:eead57c590320601","https://cdn.myguestdiary.com/uploads/1662/_room_premium_deluxe_3.png?width=1920&height=1080&mode=crop","https://www.ninhkieuriversidehotel.vn/our-accommodation/14454/ph%C3%B2ng-%C4%91%C3%B4i-premium-deluxe","https://res.cloudinary.com/p1kxfhlw/image/upload/v1791214373/admin-uploads/seeder/e9844a2e1aeabfa55a060fa7f618eef50b798b8690eef6b84f977933d51f76ce.webp","e9844a2e1aeabfa55a060fa7f618eef50b798b8690eef6b84f977933d51f76ce","2d37262baa282515","Publisher copyright retained; delivery hosting does not transfer copyright","Ninh Kiều Riverside Hotel — website/cổng thông tin đơn vị công bố","","2026-10-05T15:32:55.308Z"
"856cc7d1-f38c-52a1-8016-b63b39f60888","publisher:ninhkieu:room:eead57c590320601","https://cdn.myguestdiary.com/uploads/1662/_room_premium_deluxe_4.png?width=1920&height=1080&mode=crop","https://www.ninhkieuriversidehotel.vn/our-accommodation/14454/ph%C3%B2ng-%C4%91%C3%B4i-premium-deluxe","https://res.cloudinary.com/p1kxfhlw/image/upload/v1791214382/admin-uploads/seeder/a1604071844a5a32bfca3c072e05a397307b46c0e69cd3a9da595d457e741c36.webp","a1604071844a5a32bfca3c072e05a397307b46c0e69cd3a9da595d457e741c36","3696969c9a868ee6","Publisher copyright retained; delivery hosting does not transfer copyright","Ninh Kiều Riverside Hotel — website/cổng thông tin đơn vị công bố","","2026-10-05T15:33:03.859Z"
"ee38f58c-f8b5-5a5d-80bb-178c598d543a","publisher:ninhkieu:room:f5bbb47ac1a9c62c","https://cdn.myguestdiary.com/uploads/1662/_room_premium_suite_2.png?width=1920&height=1080&mode=crop","https://www.ninhkieuriversidehotel.vn/our-accommodation/14455/ph%C3%B2ng-%C4%91%C3%B4i-premium-suite","https://res.cloudinary.com/p1kxfhlw/image/upload/v1791214370/admin-uploads/seeder/1d46d812af715625498196f99b286db220d3ae67d8b9ab1585623db5106a98e3.webp","1d46d812af715625498196f99b286db220d3ae67d8b9ab1585623db5106a98e3","61cb4b525a5a6b6a","Publisher copyright retained; delivery hosting does not transfer copyright","Ninh Kiều Riverside Hotel — website/cổng thông tin đơn vị công bố","","2026-10-05T15:32:51.511Z"
"ee38f58c-f8b5-5a5d-80bb-178c598d543a","publisher:ninhkieu:room:f5bbb47ac1a9c62c","https://cdn.myguestdiary.com/uploads/1662/_room_premium_suite_3.png?width=1920&height=1080&mode=crop","https://www.ninhkieuriversidehotel.vn/our-accommodation/14455/ph%C3%B2ng-%C4%91%C3%B4i-premium-suite","https://res.cloudinary.com/p1kxfhlw/image/upload/v1791214378/admin-uploads/seeder/2d03e711d1060f83ea4439ac5b78fd8d451c05d484b5d62cc7afc5289a20a3a2.webp","2d03e711d1060f83ea4439ac5b78fd8d451c05d484b5d62cc7afc5289a20a3a2","999898948c5e78e2","Publisher copyright retained; delivery hosting does not transfer copyright","Ninh Kiều Riverside Hotel — website/cổng thông tin đơn vị công bố","","2026-10-05T15:32:59.884Z"
"ee38f58c-f8b5-5a5d-80bb-178c598d543a","publisher:ninhkieu:room:f5bbb47ac1a9c62c","https://cdn.myguestdiary.com/uploads/1662/_room_premium_suite_4.png?width=1920&height=1080&mode=crop","https://www.ninhkieuriversidehotel.vn/our-accommodation/14455/ph%C3%B2ng-%C4%91%C3%B4i-premium-suite","https://res.cloudinary.com/p1kxfhlw/image/upload/v1791214387/admin-uploads/seeder/a8032561eee072c1e534a52c645ce033b0516e9965de59daa2e2ff00185f4b04.webp","a8032561eee072c1e534a52c645ce033b0516e9965de59daa2e2ff00185f4b04","d3d9d9da99919157","Publisher copyright retained; delivery hosting does not transfer copyright","Ninh Kiều Riverside Hotel — website/cổng thông tin đơn vị công bố","","2026-10-05T15:33:09.530Z"
"6c4821a2-a1a5-5a1e-844f-6288e6471082","publisher:ninhkieu:room:fba4d136f1636726","https://cdn.myguestdiary.com/uploads/1662/_room_city3.jpg?width=1920&height=1080&mode=crop","https://www.ninhkieuriversidehotel.vn/our-accommodation/14501/ph%C3%B2ng-hai-%C4%91%C6%A1n-superior-city-view-twin-wing-b-3-floor-building","https://res.cloudinary.com/p1kxfhlw/image/upload/v1791214380/admin-uploads/seeder/330a92f6a1a12ef88deb9d3923bcbdf0f27e4ed93be2772e25f77fb22b92648c.webp","330a92f6a1a12ef88deb9d3923bcbdf0f27e4ed93be2772e25f77fb22b92648c","3430163744e23949","Publisher copyright retained; delivery hosting does not transfer copyright","Ninh Kiều Riverside Hotel — website/cổng thông tin đơn vị công bố","","2026-10-05T15:33:02.627Z"
"6c4821a2-a1a5-5a1e-844f-6288e6471082","publisher:ninhkieu:room:fba4d136f1636726","https://cdn.myguestdiary.com/uploads/1662/_room_mini-bar.jpg?width=1920&height=1080&mode=crop","https://www.ninhkieuriversidehotel.vn/our-accommodation/14501/ph%C3%B2ng-hai-%C4%91%C6%A1n-superior-city-view-twin-wing-b-3-floor-building","https://res.cloudinary.com/p1kxfhlw/image/upload/v1791214388/admin-uploads/seeder/5a6879e5bd207f8d3260e6ed53c9cad50c9ca484cf1abd54982dbb7bde08f557.webp","5a6879e5bd207f8d3260e6ed53c9cad50c9ca484cf1abd54982dbb7bde08f557","2000001050484702","Publisher copyright retained; delivery hosting does not transfer copyright","Ninh Kiều Riverside Hotel — website/cổng thông tin đơn vị công bố","","2026-10-05T15:33:10.097Z"
"6c4821a2-a1a5-5a1e-844f-6288e6471082","publisher:ninhkieu:room:fba4d136f1636726","https://cdn.myguestdiary.com/uploads/1662/_room_superior.jpg?width=1920&height=1080&mode=crop","https://www.ninhkieuriversidehotel.vn/our-accommodation/14501/ph%C3%B2ng-hai-%C4%91%C6%A1n-superior-city-view-twin-wing-b-3-floor-building","https://res.cloudinary.com/p1kxfhlw/image/upload/v1791214904/admin-uploads/seeder/3061a88635a584b021cb2b1e5d0dd8b240b7171e346f017f2cbcff9741adc81a.webp","3061a88635a584b021cb2b1e5d0dd8b240b7171e346f017f2cbcff9741adc81a","8c8c8d909b0e1387","Publisher copyright retained; delivery hosting does not transfer copyright","Ninh Kiều Riverside Hotel — website/cổng thông tin đơn vị công bố","","2026-10-05T15:41:46.455Z"
"4b90aa67-a17e-549f-896d-68ba19cbfda8","publisher:ninhkieu:room:19b6a4118ce8446a","https://cdn.myguestdiary.com/uploads/1662/_room_rv2-4.jpg?width=1920&height=1080&mode=crop","https://www.ninhkieuriversidehotel.vn/our-accommodation/14502/ph%C3%B2ng-hai-%C4%91%C6%A1n-executive-superior-city-view-twin","https://res.cloudinary.com/p1kxfhlw/image/upload/v1791214396/admin-uploads/seeder/96cbb3402ee5ff76451da22f37ffaf66a7ecec4c11f263f47a9c9f8cf4abbee0.webp","96cbb3402ee5ff76451da22f37ffaf66a7ecec4c11f263f47a9c9f8cf4abbee0","b36b9383c381c2c6","Publisher copyright retained; delivery hosting does not transfer copyright","Ninh Kiều Riverside Hotel — website/cổng thông tin đơn vị công bố","","2026-10-05T15:33:17.579Z"
"4b90aa67-a17e-549f-896d-68ba19cbfda8","publisher:ninhkieu:room:19b6a4118ce8446a","https://cdn.myguestdiary.com/uploads/1662/_room_rv2-5.jpg?width=1920&height=1080&mode=crop","https://www.ninhkieuriversidehotel.vn/our-accommodation/14502/ph%C3%B2ng-hai-%C4%91%C6%A1n-executive-superior-city-view-twin","https://res.cloudinary.com/p1kxfhlw/image/upload/v1791214400/admin-uploads/seeder/127ef4654bb80ae2cd34d1fc3874278a23f9cce5af68cf91da8e1e8cefedbfd5.webp","127ef4654bb80ae2cd34d1fc3874278a23f9cce5af68cf91da8e1e8cefedbfd5","e6e666071d0e82a5","Publisher copyright retained; delivery hosting does not transfer copyright","Ninh Kiều Riverside Hotel — website/cổng thông tin đơn vị công bố","","2026-10-05T15:33:22.175Z"
"4b90aa67-a17e-549f-896d-68ba19cbfda8","publisher:ninhkieu:room:19b6a4118ce8446a","https://cdn.myguestdiary.com/uploads/1662/_room_rv2-2.jpg?width=1920&height=1080&mode=crop","https://www.ninhkieuriversidehotel.vn/our-accommodation/14502/ph%C3%B2ng-hai-%C4%91%C6%A1n-executive-superior-city-view-twin","https://res.cloudinary.com/p1kxfhlw/image/upload/v1791214390/admin-uploads/seeder/441dd0a84709a4d637f94d76144160b56dffa284ca196c87273ee8616b35a4ff.webp","441dd0a84709a4d637f94d76144160b56dffa284ca196c87273ee8616b35a4ff","120a8b8b8bc9e5e1","Publisher copyright retained; delivery hosting does not transfer copyright","Ninh Kiều Riverside Hotel — website/cổng thông tin đơn vị công bố","","2026-10-05T15:33:11.838Z"
"6ca13ad3-7f07-55e0-834b-92f377960cba","publisher:ninhkieu:room:0c25290a90b82f9b","https://cdn.myguestdiary.com/uploads/1662/_room_standard-_khu_b.jpg?width=1920&height=1080&mode=crop","https://www.ninhkieuriversidehotel.vn/our-accommodation/18896/ph%C3%B2ng-hai-%C4%91%C6%A1n-superior-river-view-twin-wing-b-3-floor-building","https://res.cloudinary.com/p1kxfhlw/image/upload/v1791214395/admin-uploads/seeder/a057df796a3ecdbc3b41df42404d9b107312433ec8b31d9585b1e89ccc8ad726.webp","a057df796a3ecdbc3b41df42404d9b107312433ec8b31d9585b1e89ccc8ad726","03020a0b4323394c","Publisher copyright retained; delivery hosting does not transfer copyright","Ninh Kiều Riverside Hotel — website/cổng thông tin đơn vị công bố","","2026-10-05T15:33:16.835Z"
"6ca13ad3-7f07-55e0-834b-92f377960cba","publisher:ninhkieu:room:0c25290a90b82f9b","https://cdn.myguestdiary.com/uploads/1662/_room_superior_4.jpg?width=1920&height=1080&mode=crop","https://www.ninhkieuriversidehotel.vn/our-accommodation/18896/ph%C3%B2ng-hai-%C4%91%C6%A1n-superior-river-view-twin-wing-b-3-floor-building","https://res.cloudinary.com/p1kxfhlw/image/upload/v1791214400/admin-uploads/seeder/9c67ca3cafb8f5568387b4d9aabc57db0355e6d748cd96fc54a81d661d5d6e10.webp","9c67ca3cafb8f5568387b4d9aabc57db0355e6d748cd96fc54a81d661d5d6e10","624264c0b0ea4692","Publisher copyright retained; delivery hosting does not transfer copyright","Ninh Kiều Riverside Hotel — website/cổng thông tin đơn vị công bố","","2026-10-05T15:33:21.770Z"
"6ca13ad3-7f07-55e0-834b-92f377960cba","publisher:ninhkieu:room:0c25290a90b82f9b","https://cdn.myguestdiary.com/uploads/1662/_room_ph%C3%B2ng_t%E1%BA%AFm.jpg?width=1920&height=1080&mode=crop","https://www.ninhkieuriversidehotel.vn/our-accommodation/18896/ph%C3%B2ng-hai-%C4%91%C6%A1n-superior-river-view-twin-wing-b-3-floor-building","https://res.cloudinary.com/p1kxfhlw/image/upload/v1791214405/admin-uploads/seeder/fe754d4e9ab27d4d442149092cf7b93fd1e8b413493619537a3031b2b40cd3d2.webp","fe754d4e9ab27d4d442149092cf7b93fd1e8b413493619537a3031b2b40cd3d2","99999a9aba8e2663","Publisher copyright retained; delivery hosting does not transfer copyright","Ninh Kiều Riverside Hotel — website/cổng thông tin đơn vị công bố","","2026-10-05T15:33:26.852Z"
"ede190ab-3fcd-5d72-860b-e490ec53d285","publisher:ninhkieu:room:07ad71ddb22f169b","https://cdn.myguestdiary.com/uploads/1662/_room_deluxe.jpg?width=1920&height=1080&mode=crop","https://www.ninhkieuriversidehotel.vn/our-accommodation/18897/ph%C3%B2ng-%C4%91%C3%B4i-deluxe-wing-b-3-floor-building","https://res.cloudinary.com/p1kxfhlw/image/upload/v1791214395/admin-uploads/seeder/587638b9b5fbc9a85d4895562195c5f97602f1d90e48b78a0ebca952190f3722.webp","587638b9b5fbc9a85d4895562195c5f97602f1d90e48b78a0ebca952190f3722","3ebbb3839d8ccc8d","Publisher copyright retained; delivery hosting does not transfer copyright","Ninh Kiều Riverside Hotel — website/cổng thông tin đơn vị công bố","","2026-10-05T15:33:17.306Z"
"ede190ab-3fcd-5d72-860b-e490ec53d285","publisher:ninhkieu:room:07ad71ddb22f169b","https://cdn.myguestdiary.com/uploads/1662/_room_minibar-free.jpg?width=1920&height=1080&mode=crop","https://www.ninhkieuriversidehotel.vn/our-accommodation/18897/ph%C3%B2ng-%C4%91%C3%B4i-deluxe-wing-b-3-floor-building","https://res.cloudinary.com/p1kxfhlw/image/upload/v1791214401/admin-uploads/seeder/5310b0860b8eb5b40d9d3d019a2d8fce5e6086e2707acc9f4cd616a8bbe8ae1b.webp","5310b0860b8eb5b40d9d3d019a2d8fce5e6086e2707acc9f4cd616a8bbe8ae1b","3b3b1b334945251f","Publisher copyright retained; delivery hosting does not transfer copyright","Ninh Kiều Riverside Hotel — website/cổng thông tin đơn vị công bố","","2026-10-05T15:33:22.542Z"
"02b13f3a-3bb7-5f5c-81b4-79a93d07c719","publisher:ninhkieu:room:0783cc702f410e55","https://cdn.myguestdiary.com/uploads/1662/_room_suite_2_.jpg?width=1920&height=1080&mode=crop","https://www.ninhkieuriversidehotel.vn/our-accommodation/18898/ph%C3%B2ng-%C4%91%C3%B4i-deluxe-suite-wing-b-3-floor-building","https://res.cloudinary.com/p1kxfhlw/image/upload/v1791214405/admin-uploads/seeder/198fde8444930002a01c23ffb1400247fd1070a6992f065473800c65bebcd5bf.webp","198fde8444930002a01c23ffb1400247fd1070a6992f065473800c65bebcd5bf","07a7a0a0b0a082a6","Publisher copyright retained; delivery hosting does not transfer copyright","Ninh Kiều Riverside Hotel — website/cổng thông tin đơn vị công bố","","2026-10-05T15:33:26.995Z"
"02b13f3a-3bb7-5f5c-81b4-79a93d07c719","publisher:ninhkieu:room:0783cc702f410e55","https://cdn.myguestdiary.com/uploads/1662/_room_suite_3_.jpg?width=1920&height=1080&mode=crop","https://www.ninhkieuriversidehotel.vn/our-accommodation/18898/ph%C3%B2ng-%C4%91%C3%B4i-deluxe-suite-wing-b-3-floor-building","https://res.cloudinary.com/p1kxfhlw/image/upload/v1791214411/admin-uploads/seeder/5aa7fdea7f20fa95fafffd50f06a8b903fd4ed7c5ca5ca896f1849e06d011f78.webp","5aa7fdea7f20fa95fafffd50f06a8b903fd4ed7c5ca5ca896f1849e06d011f78","508989a5a3cecadb","Publisher copyright retained; delivery hosting does not transfer copyright","Ninh Kiều Riverside Hotel — website/cổng thông tin đơn vị công bố","","2026-10-05T15:33:32.567Z"
"02b13f3a-3bb7-5f5c-81b4-79a93d07c719","publisher:ninhkieu:room:0783cc702f410e55","https://cdn.myguestdiary.com/uploads/1662/_room_suite_4_.jpg?width=1920&height=1080&mode=crop","https://www.ninhkieuriversidehotel.vn/our-accommodation/18898/ph%C3%B2ng-%C4%91%C3%B4i-deluxe-suite-wing-b-3-floor-building","https://res.cloudinary.com/p1kxfhlw/image/upload/v1791214416/admin-uploads/seeder/3de27c76c60e8a5da54c142b92f1a1f0bf1d02574aec2d1b31d39651dc93efbe.webp","3de27c76c60e8a5da54c142b92f1a1f0bf1d02574aec2d1b31d39651dc93efbe","05031a126667e96d","Publisher copyright retained; delivery hosting does not transfer copyright","Ninh Kiều Riverside Hotel — website/cổng thông tin đơn vị công bố","","2026-10-05T15:33:37.555Z"
"b74f5d4b-7642-5430-8fc1-d347fd4c90ab","publisher:ninhkieu:experience:993670ff64e2deb0","https://cdn.myguestdiary.com/uploads/1662/_gallery_du_thuyn_20.jpg?width=600&height=450&mode=crop","https://www.ninhkieuriversidehotel.vn/cruise","https://res.cloudinary.com/p1kxfhlw/image/upload/v1791214406/admin-uploads/seeder/13c98421648a63496be68e29ac509a750e55fac4f4e7a9fbf9546f38b0eaacb8.webp","13c98421648a63496be68e29ac509a750e55fac4f4e7a9fbf9546f38b0eaacb8","19a41b3b3d1d1919","Publisher copyright retained; delivery hosting does not transfer copyright","Ninh Kiều Riverside Hotel — website/cổng thông tin đơn vị công bố","","2026-10-05T15:33:27.663Z"
"b74f5d4b-7642-5430-8fc1-d347fd4c90ab","publisher:ninhkieu:experience:993670ff64e2deb0","https://cdn.myguestdiary.com/uploads/1662/_gallery_img_8349.jpg?width=600&height=450&mode=crop","https://www.ninhkieuriversidehotel.vn/cruise","https://res.cloudinary.com/p1kxfhlw/image/upload/v1791214410/admin-uploads/seeder/5a83fb58ae59620139743c61a24c8cf8f9a9876c18805dc375861c3e8b7fe09d.webp","5a83fb58ae59620139743c61a24c8cf8f9a9876c18805dc375861c3e8b7fe09d","8f9e9e6ee8cdc762","Publisher copyright retained; delivery hosting does not transfer copyright","Ninh Kiều Riverside Hotel — website/cổng thông tin đơn vị công bố","","2026-10-05T15:33:31.082Z"
"b74f5d4b-7642-5430-8fc1-d347fd4c90ab","publisher:ninhkieu:experience:993670ff64e2deb0","https://cdn.myguestdiary.com/uploads/1662/_gallery_img_8345.jpg?width=600&height=450&mode=crop","https://www.ninhkieuriversidehotel.vn/cruise","https://res.cloudinary.com/p1kxfhlw/image/upload/v1791214412/admin-uploads/seeder/58caf788167da521556ae29b0f963a137e1e3b80612bc88f6011d67b456ce1e6.webp","58caf788167da521556ae29b0f963a137e1e3b80612bc88f6011d67b456ce1e6","2528b0f0de161e1f","Publisher copyright retained; delivery hosting does not transfer copyright","Ninh Kiều Riverside Hotel — website/cổng thông tin đơn vị công bố","","2026-10-05T15:33:33.131Z"
"b1ca4060-ed1c-500b-8cca-51a5fb74b5cb","publisher:mekongriverside","https://cdn.myguestdiary.com/uploads/1079/_gallery_lake_at_night_time.jpg?width=1920&height=1080&mode=crop","https://mekongriversideresort.vn/","https://res.cloudinary.com/p1kxfhlw/image/upload/v1791214410/admin-uploads/seeder/0ac3e7839acc3a72d4c92feab1db0e449be9757549603c1215991f0bf19a538e.webp","0ac3e7839acc3a72d4c92feab1db0e449be9757549603c1215991f0bf19a538e","3c3a1e484d594c0b","Publisher copyright retained; delivery hosting does not transfer copyright","Mekong Riverside Boutique Resort & Spa — website/cổng thông tin đơn vị công bố","","2026-10-05T15:33:31.701Z"
"e5d30a5c-db2e-5f41-83bc-7f1c9d38f12a","publisher:mekongriverside:room:ac08713fcad127cb","https://cdn.myguestdiary.com/uploads/1079/_room_deluxe-riverview-1.jpg?width=1920&height=1080&mode=crop","https://mekongriversideresort.vn/our-rooms-cai-be-vietnam/9163/deluxe-double-riverview-bungalow","https://res.cloudinary.com/p1kxfhlw/image/upload/v1791214414/admin-uploads/seeder/89dcb27601449d645209864195dc9598f1d11be397b58919f40db1c4efd5ac8d.webp","89dcb27601449d645209864195dc9598f1d11be397b58919f40db1c4efd5ac8d","6160600291c5240c","Publisher copyright retained; delivery hosting does not transfer copyright","Mekong Riverside Boutique Resort & Spa — website/cổng thông tin đơn vị công bố","","2026-10-05T15:33:35.643Z"
"e5d30a5c-db2e-5f41-83bc-7f1c9d38f12a","publisher:mekongriverside:room:ac08713fcad127cb","https://cdn.myguestdiary.com/uploads/1079/_room_deluxe-riverview-2.jpg?width=1920&height=1080&mode=crop","https://mekongriversideresort.vn/our-rooms-cai-be-vietnam/9163/deluxe-double-riverview-bungalow","https://res.cloudinary.com/p1kxfhlw/image/upload/v1791214418/admin-uploads/seeder/08c75c8a99d8e45205da67089d1e9effb0eef0753708aa6b28e2a24be25ac86e.webp","08c75c8a99d8e45205da67089d1e9effb0eef0753708aa6b28e2a24be25ac86e","5961680213dd653c","Publisher copyright retained; delivery hosting does not transfer copyright","Mekong Riverside Boutique Resort & Spa — website/cổng thông tin đơn vị công bố","","2026-10-05T15:33:40.102Z"
"e5d30a5c-db2e-5f41-83bc-7f1c9d38f12a","publisher:mekongriverside:room:ac08713fcad127cb","https://cdn.myguestdiary.com/uploads/1079/_room_deluxe-riverview-3.jpg?width=1920&height=1080&mode=crop","https://mekongriversideresort.vn/our-rooms-cai-be-vietnam/9163/deluxe-double-riverview-bungalow","https://res.cloudinary.com/p1kxfhlw/image/upload/v1791214422/admin-uploads/seeder/f469ac4d5f35076cdb58238084fc667f8aa807123c82a2acb4b5cb07b7e0bcd8.webp","f469ac4d5f35076cdb58238084fc667f8aa807123c82a2acb4b5cb07b7e0bcd8","63f7fb57973a3266","Publisher copyright retained; delivery hosting does not transfer copyright","Mekong Riverside Boutique Resort & Spa — website/cổng thông tin đơn vị công bố","","2026-10-05T15:33:44.278Z"
"1a1c44fb-bcfd-55bf-8f25-b979d89a0075","publisher:mekongriverside:room:1956ddd21f77263f","https://cdn.myguestdiary.com/uploads/1079/_room_riverview-1.jpg?width=1920&height=1080&mode=crop","https://mekongriversideresort.vn/our-rooms-cai-be-vietnam/9159/double-or-twin-riverview-bungalow","https://res.cloudinary.com/p1kxfhlw/image/upload/v1791214416/admin-uploads/seeder/64b41bf207ac6175824dba73c59974ae4b815483b75dac87a7baf21f2e99c9d3.webp","64b41bf207ac6175824dba73c59974ae4b815483b75dac87a7baf21f2e99c9d3","3e3e3f393189c7d3","Publisher copyright retained; delivery hosting does not transfer copyright","Mekong Riverside Boutique Resort & Spa — website/cổng thông tin đơn vị công bố","","2026-10-05T15:33:37.361Z"
"1a1c44fb-bcfd-55bf-8f25-b979d89a0075","publisher:mekongriverside:room:1956ddd21f77263f","https://cdn.myguestdiary.com/uploads/1079/_room_riverview-2.jpg?width=1920&height=1080&mode=crop","https://mekongriversideresort.vn/our-rooms-cai-be-vietnam/9159/double-or-twin-riverview-bungalow","https://res.cloudinary.com/p1kxfhlw/image/upload/v1791214420/admin-uploads/seeder/e6dd14096b82873455dab714afb651ae9ec29297b2cb84d9c489233763333ffc.webp","e6dd14096b82873455dab714afb651ae9ec29297b2cb84d9c489233763333ffc","f978ae2e3e7dd59e","Publisher copyright retained; delivery hosting does not transfer copyright","Mekong Riverside Boutique Resort & Spa — website/cổng thông tin đơn vị công bố","","2026-10-05T15:33:41.847Z"
"1a1c44fb-bcfd-55bf-8f25-b979d89a0075","publisher:mekongriverside:room:1956ddd21f77263f","https://cdn.myguestdiary.com/uploads/1079/_room_riverview-4.jpg?width=1920&height=1080&mode=crop","https://mekongriversideresort.vn/our-rooms-cai-be-vietnam/9159/double-or-twin-riverview-bungalow","https://res.cloudinary.com/p1kxfhlw/image/upload/v1791214425/admin-uploads/seeder/2ab01cde57d22c79c588c754cedee63ca29dbb421b57a82048687e04eb00141c.webp","2ab01cde57d22c79c588c754cedee63ca29dbb421b57a82048687e04eb00141c","39fad6cece863737","Publisher copyright retained; delivery hosting does not transfer copyright","Mekong Riverside Boutique Resort & Spa — website/cổng thông tin đơn vị công bố","","2026-10-05T15:33:46.289Z"
"64f139af-7da6-5957-81e8-6e3483a06970","publisher:mekongriverside:room:c30daf8535821a4e","https://cdn.myguestdiary.com/uploads/1079/_room_riverview-3.jpg?width=1920&height=1080&mode=crop","https://mekongriversideresort.vn/our-rooms-cai-be-vietnam/9161/double-riverview-bungalow","https://res.cloudinary.com/p1kxfhlw/image/upload/v1791214422/admin-uploads/seeder/6164a57ace6db7ab4687d91f5efc691d6676e01ed3e79f15a299d1cb0cb51c23.webp","6164a57ace6db7ab4687d91f5efc691d6676e01ed3e79f15a299d1cb0cb51c23","3b3b3323a52d3d3f","Publisher copyright retained; delivery hosting does not transfer copyright","Mekong Riverside Boutique Resort & Spa — website/cổng thông tin đơn vị công bố","","2026-10-05T15:33:43.288Z"
"64f139af-7da6-5957-81e8-6e3483a06970","publisher:mekongriverside:room:c30daf8535821a4e","https://cdn.myguestdiary.com/uploads/1079/_room_riverview-5.jpg?width=1920&height=1080&mode=crop","https://mekongriversideresort.vn/our-rooms-cai-be-vietnam/9161/double-riverview-bungalow","https://res.cloudinary.com/p1kxfhlw/image/upload/v1791214428/admin-uploads/seeder/66a502ef6c94d8891c4fa49b8c55e3dc796c925b69e0266305e85846dda23798.webp","66a502ef6c94d8891c4fa49b8c55e3dc796c925b69e0266305e85846dda23798","f98a8a9a86044480","Publisher copyright retained; delivery hosting does not transfer copyright","Mekong Riverside Boutique Resort & Spa — website/cổng thông tin đơn vị công bố","","2026-10-05T15:33:49.226Z"
"64f139af-7da6-5957-81e8-6e3483a06970","publisher:mekongriverside:room:c30daf8535821a4e","https://cdn.myguestdiary.com/uploads/1079/_room_riverview-6.jpg?width=1920&height=1080&mode=crop","https://mekongriversideresort.vn/our-rooms-cai-be-vietnam/9161/double-riverview-bungalow","https://res.cloudinary.com/p1kxfhlw/image/upload/v1791214433/admin-uploads/seeder/3f70a9b2bc753b119c50b68e0bf76ac98800bbe1e11b321d099eccd0f774a1e6.webp","3f70a9b2bc753b119c50b68e0bf76ac98800bbe1e11b321d099eccd0f774a1e6","b1b196d3d1f13970","Publisher copyright retained; delivery hosting does not transfer copyright","Mekong Riverside Boutique Resort & Spa — website/cổng thông tin đơn vị công bố","","2026-10-05T15:33:54.421Z"
"6622302a-1e49-51da-8dcc-f390825d41ff","publisher:mekongriverside:room:6242323842ba29d6","https://cdn.myguestdiary.com/uploads/1079/_room_deluxe-riverview-4.jpg?width=1920&height=1080&mode=crop","https://mekongriversideresort.vn/our-rooms-cai-be-vietnam/9166/deluxe-double-or-twin-riverview-bungalow","https://res.cloudinary.com/p1kxfhlw/image/upload/v1791214427/admin-uploads/seeder/0521374874a841da4df177374d6e7da2e5eea1fd0d18c72151ff0e9ac494f8ac.webp","0521374874a841da4df177374d6e7da2e5eea1fd0d18c72151ff0e9ac494f8ac","a0b0b1f9a5b29a3d","Publisher copyright retained; delivery hosting does not transfer copyright","Mekong Riverside Boutique Resort & Spa — website/cổng thông tin đơn vị công bố","","2026-10-05T15:33:48.332Z"
"6622302a-1e49-51da-8dcc-f390825d41ff","publisher:mekongriverside:room:6242323842ba29d6","https://cdn.myguestdiary.com/uploads/1079/_room_deluxe-riverview-7.jpg?width=1920&height=1080&mode=crop","https://mekongriversideresort.vn/our-rooms-cai-be-vietnam/9166/deluxe-double-or-twin-riverview-bungalow","https://res.cloudinary.com/p1kxfhlw/image/upload/v1791214431/admin-uploads/seeder/a6a172a552ed796688e4421c343a8172ad745cc31dffd2acb9b0c9c96e66799b.webp","a6a172a552ed796688e4421c343a8172ad745cc31dffd2acb9b0c9c96e66799b","dac7c7f75b939369","Publisher copyright retained; delivery hosting does not transfer copyright","Mekong Riverside Boutique Resort & Spa — website/cổng thông tin đơn vị công bố","","2026-10-05T15:33:53.120Z"
"6622302a-1e49-51da-8dcc-f390825d41ff","publisher:mekongriverside:room:6242323842ba29d6","https://cdn.myguestdiary.com/uploads/1079/_room_deluxe-riverview-6.jpg?width=1920&height=1080&mode=crop","https://mekongriversideresort.vn/our-rooms-cai-be-vietnam/9166/deluxe-double-or-twin-riverview-bungalow","https://res.cloudinary.com/p1kxfhlw/image/upload/v1791214437/admin-uploads/seeder/547f4d0b00dfc032b08ba6b8a6c6254f3fb254384c4ece25f4680379ac5d59e3.webp","547f4d0b00dfc032b08ba6b8a6c6254f3fb254384c4ece25f4680379ac5d59e3","0080706879251123","Publisher copyright retained; delivery hosting does not transfer copyright","Mekong Riverside Boutique Resort & Spa — website/cổng thông tin đơn vị công bố","","2026-10-05T15:33:59.229Z"
"2ca35f32-e89f-533e-8297-d377e92bc27b","publisher:mekongriverside:room:d0ebe5f692fd1926","https://cdn.myguestdiary.com/uploads/1079/_room_lakeview-1.jpg?width=1920&height=1080&mode=crop","https://mekongriversideresort.vn/our-rooms-cai-be-vietnam/9154/double-or-twin-lakeview-bungalow","https://res.cloudinary.com/p1kxfhlw/image/upload/v1791214429/admin-uploads/seeder/e8bbee9471bacd31c708c0b9bdcad1b279fdbcb6ad67be49ae3f15c7031f8f9d.webp","e8bbee9471bacd31c708c0b9bdcad1b279fdbcb6ad67be49ae3f15c7031f8f9d","3c3626b6b2cf8c2d","Publisher copyright retained; delivery hosting does not transfer copyright","Mekong Riverside Boutique Resort & Spa — website/cổng thông tin đơn vị công bố","","2026-10-05T15:33:50.324Z"
"2ca35f32-e89f-533e-8297-d377e92bc27b","publisher:mekongriverside:room:d0ebe5f692fd1926","https://cdn.myguestdiary.com/uploads/1079/_room_lakeview-2.jpg?width=1920&height=1080&mode=crop","https://mekongriversideresort.vn/our-rooms-cai-be-vietnam/9154/double-or-twin-lakeview-bungalow","https://res.cloudinary.com/p1kxfhlw/image/upload/v1791214432/admin-uploads/seeder/6801cd839b070eef2ce50b68a4804b3c9f02260bc4b0e04c262650daa41bb2d3.webp","6801cd839b070eef2ce50b68a4804b3c9f02260bc4b0e04c262650daa41bb2d3","b9f97cae2e7ef59d","Publisher copyright retained; delivery hosting does not transfer copyright","Mekong Riverside Boutique Resort & Spa — website/cổng thông tin đơn vị công bố","","2026-10-05T15:33:53.759Z"
"2ca35f32-e89f-533e-8297-d377e92bc27b","publisher:mekongriverside:room:d0ebe5f692fd1926","https://cdn.myguestdiary.com/uploads/1079/_room_lakeview-3.jpg?width=1920&height=1080&mode=crop","https://mekongriversideresort.vn/our-rooms-cai-be-vietnam/9154/double-or-twin-lakeview-bungalow","https://res.cloudinary.com/p1kxfhlw/image/upload/v1791214437/admin-uploads/seeder/d6845caac10274d29bcb17814fc60dff2a4b0743178a478f2f94effc7152b6ca.webp","d6845caac10274d29bcb17814fc60dff2a4b0743178a478f2f94effc7152b6ca","3631d2d6cecf8737","Publisher copyright retained; delivery hosting does not transfer copyright","Mekong Riverside Boutique Resort & Spa — website/cổng thông tin đơn vị công bố","","2026-10-05T15:33:57.997Z"
"3c5dfd6d-2b02-5700-871a-220ed8d776be","publisher:mekongriverside:room:ecd52780a685ce96","https://cdn.myguestdiary.com/uploads/1079/_room_lakeview-5.jpg?width=1920&height=1080&mode=crop","https://mekongriversideresort.vn/our-rooms-cai-be-vietnam/9156/double-lakeview-bungalow","https://res.cloudinary.com/p1kxfhlw/image/upload/v1791214444/admin-uploads/seeder/378b0fb79ef7f8ca33264231414e8f6b4fecdcc1163c9ae2572d65f090433772.webp","378b0fb79ef7f8ca33264231414e8f6b4fecdcc1163c9ae2572d65f090433772","ad6d4929213d37af","Publisher copyright retained; delivery hosting does not transfer copyright","Mekong Riverside Boutique Resort & Spa — website/cổng thông tin đơn vị công bố","","2026-10-05T15:34:05.665Z"
"3c5dfd6d-2b02-5700-871a-220ed8d776be","publisher:mekongriverside:room:ecd52780a685ce96","https://cdn.myguestdiary.com/uploads/1079/_room_lakeview-7.jpg?width=1920&height=1080&mode=crop","https://mekongriversideresort.vn/our-rooms-cai-be-vietnam/9156/double-lakeview-bungalow","https://res.cloudinary.com/p1kxfhlw/image/upload/v1791214452/admin-uploads/seeder/d1237344960ddbbc692b50b173fae185ef33aa6d313dd555005a17e2c355bed5.webp","d1237344960ddbbc692b50b173fae185ef33aa6d313dd555005a17e2c355bed5","bc79f2fc781c8d49","Publisher copyright retained; delivery hosting does not transfer copyright","Mekong Riverside Boutique Resort & Spa — website/cổng thông tin đơn vị công bố","","2026-10-05T15:34:13.550Z"
"3c5dfd6d-2b02-5700-871a-220ed8d776be","publisher:mekongriverside:room:ecd52780a685ce96","https://cdn.myguestdiary.com/uploads/1079/_room_lakeview-4.jpg?width=1920&height=1080&mode=crop","https://mekongriversideresort.vn/our-rooms-cai-be-vietnam/9156/double-lakeview-bungalow","https://res.cloudinary.com/p1kxfhlw/image/upload/v1791214438/admin-uploads/seeder/218e6f4298f06df2dd960b018b65c9636451690bdab41109a23dc0c2cf4b34d4.webp","218e6f4298f06df2dd960b018b65c9636451690bdab41109a23dc0c2cf4b34d4","f2f2f1f13d3d75fd","Publisher copyright retained; delivery hosting does not transfer copyright","Mekong Riverside Boutique Resort & Spa — website/cổng thông tin đơn vị công bố","","2026-10-05T15:33:59.963Z"
"db800f89-3f92-5db8-8cc7-fb5bbd7a9b04","publisher:mekongriverside:room:7a3fae786ae51fca","https://cdn.myguestdiary.com/uploads/1079/_room_gardenview-1.jpg?width=1920&height=1080&mode=crop","https://mekongriversideresort.vn/our-rooms-cai-be-vietnam/9148/double-gardenview-bungalow","https://res.cloudinary.com/p1kxfhlw/image/upload/v1791214441/admin-uploads/seeder/8eb468b52780700a3db27d51a51a118e5e13864bf7ae5acaae9462632e18fa86.webp","8eb468b52780700a3db27d51a51a118e5e13864bf7ae5acaae9462632e18fa86","0048ca733e0622b2","Publisher copyright retained; delivery hosting does not transfer copyright","Mekong Riverside Boutique Resort & Spa — website/cổng thông tin đơn vị công bố","","2026-10-05T15:34:03.881Z"
"db800f89-3f92-5db8-8cc7-fb5bbd7a9b04","publisher:mekongriverside:room:7a3fae786ae51fca","https://cdn.myguestdiary.com/uploads/1079/_room_gardenview-2.jpg?width=1920&height=1080&mode=crop","https://mekongriversideresort.vn/our-rooms-cai-be-vietnam/9148/double-gardenview-bungalow","https://res.cloudinary.com/p1kxfhlw/image/upload/v1791214448/admin-uploads/seeder/9f017303bef063a059afc74c86f247d9c0b71c8147b8272b973bb8297479ba5e.webp","9f017303bef063a059afc74c86f247d9c0b71c8147b8272b973bb8297479ba5e","8206030584050100","Publisher copyright retained; delivery hosting does not transfer copyright","Mekong Riverside Boutique Resort & Spa — website/cổng thông tin đơn vị công bố","","2026-10-05T15:34:09.228Z"
"db800f89-3f92-5db8-8cc7-fb5bbd7a9b04","publisher:mekongriverside:room:7a3fae786ae51fca","https://cdn.myguestdiary.com/uploads/1079/_room_gardenview-5.jpg?width=1920&height=1080&mode=crop","https://mekongriversideresort.vn/our-rooms-cai-be-vietnam/9148/double-gardenview-bungalow","https://res.cloudinary.com/p1kxfhlw/image/upload/v1791214453/admin-uploads/seeder/5b6cc03bf99e1d468b021992187fe2681eca4928762af2bb324d90af83b387e2.webp","5b6cc03bf99e1d468b021992187fe2681eca4928762af2bb324d90af83b387e2","b6a6b6b1b5b19a9b","Publisher copyright retained; delivery hosting does not transfer copyright","Mekong Riverside Boutique Resort & Spa — website/cổng thông tin đơn vị công bố","","2026-10-05T15:34:14.736Z"
"66e9a0b2-c5d9-5866-8923-043e1d3722b3","publisher:mekongriverside:room:f574ef03e55152b6","https://cdn.myguestdiary.com/uploads/1079/_room_gardenview-3.jpg?width=1920&height=1080&mode=crop","https://mekongriversideresort.vn/our-rooms-cai-be-vietnam/9151/double-or-twin-gardenview-bungalow","https://res.cloudinary.com/p1kxfhlw/image/upload/v1791214445/admin-uploads/seeder/705bcfbca9259f79a1b68b25beac48e849f51ba2f95437c99a90459e0b28ba76.webp","705bcfbca9259f79a1b68b25beac48e849f51ba2f95437c99a90459e0b28ba76","b2f9fddd6774dd0d","Publisher copyright retained; delivery hosting does not transfer copyright","Mekong Riverside Boutique Resort & Spa — website/cổng thông tin đơn vị công bố","","2026-10-05T15:34:06.546Z"
"66e9a0b2-c5d9-5866-8923-043e1d3722b3","publisher:mekongriverside:room:f574ef03e55152b6","https://cdn.myguestdiary.com/uploads/1079/_room_gardenview-4.jpg?width=1920&height=1080&mode=crop","https://mekongriversideresort.vn/our-rooms-cai-be-vietnam/9151/double-or-twin-gardenview-bungalow","https://res.cloudinary.com/p1kxfhlw/image/upload/v1791214452/admin-uploads/seeder/6d3b8d1bcd2e1bff61931a5b9fbf1dfd548f10fdc9a70116fe0617e1cb05bce2.webp","6d3b8d1bcd2e1bff61931a5b9fbf1dfd548f10fdc9a70116fe0617e1cb05bce2","19193076f0b96c7e","Publisher copyright retained; delivery hosting does not transfer copyright","Mekong Riverside Boutique Resort & Spa — website/cổng thông tin đơn vị công bố","","2026-10-05T15:34:13.485Z"
"66e9a0b2-c5d9-5866-8923-043e1d3722b3","publisher:mekongriverside:room:f574ef03e55152b6","https://cdn.myguestdiary.com/uploads/1079/_room_gardenview-6.jpg?width=1920&height=1080&mode=crop","https://mekongriversideresort.vn/our-rooms-cai-be-vietnam/9151/double-or-twin-gardenview-bungalow","https://res.cloudinary.com/p1kxfhlw/image/upload/v1791214456/admin-uploads/seeder/77b5dad12e09373c188a0a81fa4306a4ae613a6f40a39879dbca2be9cd4c4b8a.webp","77b5dad12e09373c188a0a81fa4306a4ae613a6f40a39879dbca2be9cd4c4b8a","c7651d5f5b5d2d3d","Publisher copyright retained; delivery hosting does not transfer copyright","Mekong Riverside Boutique Resort & Spa — website/cổng thông tin đơn vị công bố","","2026-10-05T15:34:17.801Z"
"d7d4dd8f-22e9-5c05-850f-49ee3760872a","publisher:mekongriverside:service:e5b6b09bea3bb75d","https://cdn.myguestdiary.com/uploads/1079/__page__oasis_spa_mrr_001.jpg?width=0&height=0","https://mekongriversideresort.vn/oasis-spa","https://res.cloudinary.com/p1kxfhlw/image/upload/v1791214455/admin-uploads/seeder/fe7c0af83719eabe15a539cf8935201c164020a16172188dd6fb79acbe0c77a0.webp","fe7c0af83719eabe15a539cf8935201c164020a16172188dd6fb79acbe0c77a0","e864463c7c7a3272","Publisher copyright retained; delivery hosting does not transfer copyright","Mekong Riverside Boutique Resort & Spa — website/cổng thông tin đơn vị công bố","","2026-10-05T15:34:16.785Z"
"d7d4dd8f-22e9-5c05-850f-49ee3760872a","publisher:mekongriverside:service:e5b6b09bea3bb75d","https://cdn.myguestdiary.com/uploads/1079/__page__oasis_spa_mrr_002.jpg?width=0&height=0","https://mekongriversideresort.vn/oasis-spa","https://res.cloudinary.com/p1kxfhlw/image/upload/v1791214458/admin-uploads/seeder/813fc02fb5f6980f1f3f1fd41ece624f65d1920006765e0a9e0a8f35a2a98f46.webp","813fc02fb5f6980f1f3f1fd41ece624f65d1920006765e0a9e0a8f35a2a98f46","0d1b32bd91b39298","Publisher copyright retained; delivery hosting does not transfer copyright","Mekong Riverside Boutique Resort & Spa — website/cổng thông tin đơn vị công bố","","2026-10-05T15:34:19.618Z"
"839bd815-34ff-5132-8c5d-77c8c7047e84","publisher:cocolodge:room:9f2aa5a7554db5ea","https://www.cocoriversidelodge.com/Uploads/Posts/Double3.jpg","https://www.cocoriversidelodge.com/double-room","https://res.cloudinary.com/p1kxfhlw/image/upload/v1791214459/admin-uploads/seeder/892dc20dff8b52871becb6ec68012ca34ee0ae5d2add727c25886096a2249d12.webp","892dc20dff8b52871becb6ec68012ca34ee0ae5d2add727c25886096a2249d12","2266a64232968684","Publisher copyright retained; delivery hosting does not transfer copyright","Coco Riverside Lodge — website/cổng thông tin đơn vị công bố","","2026-10-05T15:34:19.953Z"
"839bd815-34ff-5132-8c5d-77c8c7047e84","publisher:cocolodge:room:9f2aa5a7554db5ea","https://www.cocoriversidelodge.com/Uploads/Posts/Double1.jpg","https://www.cocoriversidelodge.com/double-room","https://res.cloudinary.com/p1kxfhlw/image/upload/v1791214460/admin-uploads/seeder/7ac8f2e5ced3c8f03e455d019177258e7ceaaadf86e1184ea192bf18da8a8061.webp","7ac8f2e5ced3c8f03e455d019177258e7ceaaadf86e1184ea192bf18da8a8061","b43223919ac4f232","Publisher copyright retained; delivery hosting does not transfer copyright","Coco Riverside Lodge — website/cổng thông tin đơn vị công bố","","2026-10-05T15:34:21.977Z"
"839bd815-34ff-5132-8c5d-77c8c7047e84","publisher:cocolodge:room:9f2aa5a7554db5ea","https://www.cocoriversidelodge.com/Uploads/Posts/P2-BED.jpg","https://www.cocoriversidelodge.com/double-room","https://res.cloudinary.com/p1kxfhlw/image/upload/v1791214463/admin-uploads/seeder/152ac9f1692f5ab8e6c0f7b7ab3027674d06be270d0d4ab8a1da25de1d884b77.webp","152ac9f1692f5ab8e6c0f7b7ab3027674d06be270d0d4ab8a1da25de1d884b77","c7eeaa8decccdaeb","Publisher copyright retained; delivery hosting does not transfer copyright","Coco Riverside Lodge — website/cổng thông tin đơn vị công bố","","2026-10-05T15:34:23.977Z"
"ac3beb01-527b-57c4-8883-7f1576abf3dd","publisher:cocolodge:room:424308c683e53505","https://www.cocoriversidelodge.com/Uploads/Posts/Family1.jpg","https://www.cocoriversidelodge.com/family-bungalows","https://res.cloudinary.com/p1kxfhlw/image/upload/v1791214460/admin-uploads/seeder/8257c103a4adc4be768e9e035bbdec13d3961422684bbf1263293dbbfcd5d64a.webp","8257c103a4adc4be768e9e035bbdec13d3961422684bbf1263293dbbfcd5d64a","dfdf7cc8bab8c93b","Publisher copyright retained; delivery hosting does not transfer copyright","Coco Riverside Lodge — website/cổng thông tin đơn vị công bố","","2026-10-05T15:34:21.359Z"
"ac3beb01-527b-57c4-8883-7f1576abf3dd","publisher:cocolodge:room:424308c683e53505","https://www.cocoriversidelodge.com/Uploads/Posts/Family2.jpg","https://www.cocoriversidelodge.com/family-bungalows","https://res.cloudinary.com/p1kxfhlw/image/upload/v1791214462/admin-uploads/seeder/6648d1194951f7c26ffcef5495548201f710b26b1cf4a67124a0bc78a85cdec5.webp","6648d1194951f7c26ffcef5495548201f710b26b1cf4a67124a0bc78a85cdec5","3efce0ec6c6ca826","Publisher copyright retained; delivery hosting does not transfer copyright","Coco Riverside Lodge — website/cổng thông tin đơn vị công bố","","2026-10-05T15:34:23.676Z"
"ac3beb01-527b-57c4-8883-7f1576abf3dd","publisher:cocolodge:room:424308c683e53505","https://www.cocoriversidelodge.com/Uploads/Posts/BEDp5.jpg","https://www.cocoriversidelodge.com/family-bungalows","https://res.cloudinary.com/p1kxfhlw/image/upload/v1791214464/admin-uploads/seeder/daf59f60601c6d3c76df1656c14042e5a54d52afd2ea66ba14142337f07384aa.webp","daf59f60601c6d3c76df1656c14042e5a54d52afd2ea66ba14142337f07384aa","1c1c96976c8c9cb1","Publisher copyright retained; delivery hosting does not transfer copyright","Coco Riverside Lodge — website/cổng thông tin đơn vị công bố","","2026-10-05T15:34:25.898Z"
"1a5dc724-68eb-5462-8e76-476be9b653e9","publisher:cocolodge:room:09a2dbb65984e502","https://www.cocoriversidelodge.com/Uploads/Posts/NOIBO-BALCONY.jpg","https://www.cocoriversidelodge.com/Standard-room","https://res.cloudinary.com/p1kxfhlw/image/upload/v1791214461/admin-uploads/seeder/445be6ac1d94a6b2ac25041fdfc2891a8b2131bd07f57fdf0c31894fb30cc071.webp","445be6ac1d94a6b2ac25041fdfc2891a8b2131bd07f57fdf0c31894fb30cc071","76352733f2e6c1c0","Publisher copyright retained; delivery hosting does not transfer copyright","Coco Riverside Lodge — website/cổng thông tin đơn vị công bố","","2026-10-05T15:34:23.052Z"
"1a5dc724-68eb-5462-8e76-476be9b653e9","publisher:cocolodge:room:09a2dbb65984e502","https://www.cocoriversidelodge.com/Uploads/Posts/Standar2.jpg","https://www.cocoriversidelodge.com/Standard-room","https://res.cloudinary.com/p1kxfhlw/image/upload/v1791214464/admin-uploads/seeder/b2128727697ec2dd5334170a6ca831ece0da535ee3cffa861ea3f277838dadd2.webp","b2128727697ec2dd5334170a6ca831ece0da535ee3cffa861ea3f277838dadd2","c994175b99edca2a","Publisher copyright retained; delivery hosting does not transfer copyright","Coco Riverside Lodge — website/cổng thông tin đơn vị công bố","","2026-10-05T15:34:25.326Z"
"1a5dc724-68eb-5462-8e76-476be9b653e9","publisher:cocolodge:room:09a2dbb65984e502","https://www.cocoriversidelodge.com/Uploads/Posts/NOIBO-TRIPLE.jpg","https://www.cocoriversidelodge.com/Standard-room","https://res.cloudinary.com/p1kxfhlw/image/upload/v1791214466/admin-uploads/seeder/bdba1dcf893ad3b97917d7fb1c96f061839de3883ffe3d31aec2a9c24d68efd5.webp","bdba1dcf893ad3b97917d7fb1c96f061839de3883ffe3d31aec2a9c24d68efd5","63a795b9a5a4d287","Publisher copyright retained; delivery hosting does not transfer copyright","Coco Riverside Lodge — website/cổng thông tin đơn vị công bố","","2026-10-05T15:34:27.548Z"
"9e2d6725-d23f-5ddc-8d6a-ede6e5519b7c","publisher:saigonbanme","https://saigonbanmehotel.com.vn/wp-content/uploads/2019/06/saigon-banme.jpg","https://saigonbanmehotel.com.vn/en/","https://res.cloudinary.com/p1kxfhlw/image/upload/v1791214465/admin-uploads/seeder/dcf728fb39377a189a4cb1f712c9f488e4abecd51aff6167118591e97f3a6576.webp","dcf728fb39377a189a4cb1f712c9f488e4abecd51aff6167118591e97f3a6576","1231d1d3d1e7a63a","Publisher copyright retained; delivery hosting does not transfer copyright","Khách sạn Sài Gòn Ban Mê — website/cổng thông tin đơn vị công bố","","2026-10-05T15:34:26.474Z"
"9e2d6725-d23f-5ddc-8d6a-ede6e5519b7c","publisher:saigonbanme","https://saigonbanmehotel.com.vn/wp-content/uploads/2019/06/saigon-banme-hotel.jpg","https://saigonbanmehotel.com.vn/en/","https://res.cloudinary.com/p1kxfhlw/image/upload/v1791214467/admin-uploads/seeder/41a4c5f47694b94b86eddd63cc61416a9bb06554c47e40d12b59fd44915a60e4.webp","41a4c5f47694b94b86eddd63cc61416a9bb06554c47e40d12b59fd44915a60e4","13ad2d050f4f5b2d","Publisher copyright retained; delivery hosting does not transfer copyright","Khách sạn Sài Gòn Ban Mê — website/cổng thông tin đơn vị công bố","","2026-10-05T15:34:28.818Z"
"ddb8b723-c1eb-5d07-87ba-bf1b346e9883","publisher:saigonbanme:room:ad74b4fb78406d8e","https://saigonbanmehotel.com.vn/wp-content/uploads/2019/06/DSC4646-1-1170x600.jpg","https://saigonbanmehotel.com.vn/en/accommodation/building-suite/","https://res.cloudinary.com/p1kxfhlw/image/upload/v1791214467/admin-uploads/seeder/b5665c427a115bb1f128804d785cc3dcfafa514a9534ca3ca3e4d0cffcc3d8cc.webp","b5665c427a115bb1f128804d785cc3dcfafa514a9534ca3ca3e4d0cffcc3d8cc","985030103c4c1931","Publisher copyright retained; delivery hosting does not transfer copyright","Khách sạn Sài Gòn Ban Mê — website/cổng thông tin đơn vị công bố","","2026-10-05T15:34:28.127Z"
"ddb8b723-c1eb-5d07-87ba-bf1b346e9883","publisher:saigonbanme:room:ad74b4fb78406d8e","https://saigonbanmehotel.com.vn/wp-content/uploads/2019/06/DSC4676-1170x600.jpg","https://saigonbanmehotel.com.vn/en/accommodation/building-suite/","https://res.cloudinary.com/p1kxfhlw/image/upload/v1791214469/admin-uploads/seeder/18c9d2a48d084b7e4b80f44c6960ddbd8be476cfda807d4f89b03e5f0a007624.webp","18c9d2a48d084b7e4b80f44c6960ddbd8be476cfda807d4f89b03e5f0a007624","27079303838c260b","Publisher copyright retained; delivery hosting does not transfer copyright","Khách sạn Sài Gòn Ban Mê — website/cổng thông tin đơn vị công bố","","2026-10-05T15:34:30.213Z"
"ddb8b723-c1eb-5d07-87ba-bf1b346e9883","publisher:saigonbanme:room:ad74b4fb78406d8e","https://saigonbanmehotel.com.vn/wp-content/uploads/2019/06/DSC4673-1170x600.jpg","https://saigonbanmehotel.com.vn/en/accommodation/building-suite/","https://res.cloudinary.com/p1kxfhlw/image/upload/v1791214471/admin-uploads/seeder/0ae531bc0715df413ff4833bebca356b05753e2c711bfc47abb8b808d4a4f715.webp","0ae531bc0715df413ff4833bebca356b05753e2c711bfc47abb8b808d4a4f715","8686c3636b496d13","Publisher copyright retained; delivery hosting does not transfer copyright","Khách sạn Sài Gòn Ban Mê — website/cổng thông tin đơn vị công bố","","2026-10-05T15:34:32.582Z"
"d0217ab0-9dc0-5c27-83a9-a974e40e21ae","publisher:saigonbanme:room:a42fc5d9dbb672d6","https://saigonbanmehotel.com.vn/wp-content/uploads/2019/06/DSC_0262-1170x600.jpg","https://saigonbanmehotel.com.vn/en/accommodation/building-superior/","https://res.cloudinary.com/p1kxfhlw/image/upload/v1791214468/admin-uploads/seeder/e430ed27f4bdedca7eddce145fe8005124b759e3733f203ce20007517683005b.webp","e430ed27f4bdedca7eddce145fe8005124b759e3733f203ce20007517683005b","3b391b3b7d5e6f4f","Publisher copyright retained; delivery hosting does not transfer copyright","Khách sạn Sài Gòn Ban Mê — website/cổng thông tin đơn vị công bố","","2026-10-05T15:34:30.024Z"
"d0217ab0-9dc0-5c27-83a9-a974e40e21ae","publisher:saigonbanme:room:a42fc5d9dbb672d6","https://saigonbanmehotel.com.vn/wp-content/uploads/2019/06/DSC_0273-1170x600.jpg","https://saigonbanmehotel.com.vn/en/accommodation/building-superior/","https://res.cloudinary.com/p1kxfhlw/image/upload/v1791214471/admin-uploads/seeder/9f5d1f195576af15d9929033e5c8ef0deb6cf7e03d1e847cb9768fa9d997cb21.webp","9f5d1f195576af15d9929033e5c8ef0deb6cf7e03d1e847cb9768fa9d997cb21","3e3e3e363250610e","Publisher copyright retained; delivery hosting does not transfer copyright","Khách sạn Sài Gòn Ban Mê — website/cổng thông tin đơn vị công bố","","2026-10-05T15:34:32.279Z"
"d0217ab0-9dc0-5c27-83a9-a974e40e21ae","publisher:saigonbanme:room:a42fc5d9dbb672d6","https://saigonbanmehotel.com.vn/wp-content/uploads/2019/06/DSC_0267-1170x600.jpg","https://saigonbanmehotel.com.vn/en/accommodation/building-superior/","https://res.cloudinary.com/p1kxfhlw/image/upload/v1791214474/admin-uploads/seeder/2aa5b7e0ee217c601ec6f0e9a1e6cefce042c85f382e78ce9afb777e6c335f2d.webp","2aa5b7e0ee217c601ec6f0e9a1e6cefce042c85f382e78ce9afb777e6c335f2d","c4c4c4c4c4e3df9d","Publisher copyright retained; delivery hosting does not transfer copyright","Khách sạn Sài Gòn Ban Mê — website/cổng thông tin đơn vị công bố","","2026-10-05T15:34:35.199Z"
"887ddaa8-2859-537e-8ba7-f626bb2dddfb","publisher:saigonbanme:room:577ba747289e17e5","https://saigonbanmehotel.com.vn/wp-content/uploads/2019/06/DSC4798-1170x600.jpg","https://saigonbanmehotel.com.vn/en/accommodation/building-superior-copy-2/","https://res.cloudinary.com/p1kxfhlw/image/upload/v1791214471/admin-uploads/seeder/01d3682e6c84238a1d9fc1ebbe3da9ea81c84cb822a03b126012817089e9971e.webp","01d3682e6c84238a1d9fc1ebbe3da9ea81c84cb822a03b126012817089e9971e","9999d1c1c9b79cb9","Publisher copyright retained; delivery hosting does not transfer copyright","Khách sạn Sài Gòn Ban Mê — website/cổng thông tin đơn vị công bố","","2026-10-05T15:34:32.156Z"
"887ddaa8-2859-537e-8ba7-f626bb2dddfb","publisher:saigonbanme:room:577ba747289e17e5","https://saigonbanmehotel.com.vn/wp-content/uploads/2019/06/DSC4669-1170x600.jpg","https://saigonbanmehotel.com.vn/en/accommodation/building-superior-copy-2/","https://res.cloudinary.com/p1kxfhlw/image/upload/v1791214474/admin-uploads/seeder/5e835ac8ae0a0acfa5ecdb1bfa4bebf40e145aa14455989a1b84e2afe5b58080.webp","5e835ac8ae0a0acfa5ecdb1bfa4bebf40e145aa14455989a1b84e2afe5b58080","bb9e8e978d9a9292","Publisher copyright retained; delivery hosting does not transfer copyright","Khách sạn Sài Gòn Ban Mê — website/cổng thông tin đơn vị công bố","","2026-10-05T15:34:35.913Z"
"887ddaa8-2859-537e-8ba7-f626bb2dddfb","publisher:saigonbanme:room:577ba747289e17e5","https://saigonbanmehotel.com.vn/wp-content/uploads/2019/06/DSC4664-1170x600.jpg","https://saigonbanmehotel.com.vn/en/accommodation/building-superior-copy-2/","https://res.cloudinary.com/p1kxfhlw/image/upload/v1791214477/admin-uploads/seeder/708ed8c1add5b3ca054a05433136072e0309a5b1f13c28ddaf3c20dbfa27ff49.webp","708ed8c1add5b3ca054a05433136072e0309a5b1f13c28ddaf3c20dbfa27ff49","c589e9f9c9a99b9b","Publisher copyright retained; delivery hosting does not transfer copyright","Khách sạn Sài Gòn Ban Mê — website/cổng thông tin đơn vị công bố","","2026-10-05T15:34:37.922Z"
"e682d0d5-6fbf-5c92-8cf8-3a9537a0e5be","publisher:saigonbanme:room:2f9f9af196aba787","https://saigonbanmehotel.com.vn/wp-content/uploads/2019/06/DSC_0310-1170x600.jpg","https://saigonbanmehotel.com.vn/en/accommodation/deluxe-room/","https://res.cloudinary.com/p1kxfhlw/image/upload/v1791214474/admin-uploads/seeder/d04c64f5593fb41538af5807e5736121a8c8c8d840ef5a290024a5987c24e2a4.webp","d04c64f5593fb41538af5807e5736121a8c8c8d840ef5a290024a5987c24e2a4","6161367511100d07","Publisher copyright retained; delivery hosting does not transfer copyright","Khách sạn Sài Gòn Ban Mê — website/cổng thông tin đơn vị công bố","","2026-10-05T15:34:35.068Z"
"66cc2e03-2f71-5f28-84c5-0acc437ab5e6","publisher:saigonbanme:service:f4a3e5edb81ffe9b","https://saigonbanmehotel.com.vn/wp-content/uploads/2019/06/DSC5661-1900x600.jpg","https://saigonbanmehotel.com.vn/en/dining/","https://res.cloudinary.com/p1kxfhlw/image/upload/v1791214476/admin-uploads/seeder/1a6078edb74d27fd4ba282be56f485196f3ff463a6d8c55dca6cd394bf940298.webp","1a6078edb74d27fd4ba282be56f485196f3ff463a6d8c55dca6cd394bf940298","8ccb939399998b8b","Publisher copyright retained; delivery hosting does not transfer copyright","Khách sạn Sài Gòn Ban Mê — website/cổng thông tin đơn vị công bố","","2026-10-05T15:34:38.239Z"
"66cc2e03-2f71-5f28-84c5-0acc437ab5e6","publisher:saigonbanme:service:f4a3e5edb81ffe9b","https://saigonbanmehotel.com.vn/wp-content/uploads/2019/06/DSC4847-571x573.jpg","https://saigonbanmehotel.com.vn/en/dining/","https://res.cloudinary.com/p1kxfhlw/image/upload/v1791214479/admin-uploads/seeder/31d0841d7730ed91f1e1603265e7dc03ab76fe329e4c78be5ac0a906b0ce06f5.webp","31d0841d7730ed91f1e1603265e7dc03ab76fe329e4c78be5ac0a906b0ce06f5","22d8b070b0b4d13c","Publisher copyright retained; delivery hosting does not transfer copyright","Khách sạn Sài Gòn Ban Mê — website/cổng thông tin đơn vị công bố","","2026-10-05T15:34:40.375Z"
"66cc2e03-2f71-5f28-84c5-0acc437ab5e6","publisher:saigonbanme:service:f4a3e5edb81ffe9b","https://saigonbanmehotel.com.vn/wp-content/uploads/2019/06/DSC4875-571x573.jpg","https://saigonbanmehotel.com.vn/en/dining/","https://res.cloudinary.com/p1kxfhlw/image/upload/v1791214481/admin-uploads/seeder/d5fd618f344131d1d5c7f12193862be8f13df4473263b40c440ea85a8019d49b.webp","d5fd618f344131d1d5c7f12193862be8f13df4473263b40c440ea85a8019d49b","2ee3e86866a8d9e3","Publisher copyright retained; delivery hosting does not transfer copyright","Khách sạn Sài Gòn Ban Mê — website/cổng thông tin đơn vị công bố","","2026-10-05T15:34:42.232Z"
"4b4b81e4-2e46-52ed-81b0-07c4c06426b4","publisher:babelake:room:8a19b7a9d9a91cbb","https://babelakeview-homestay.com/wp-content/uploads/2018/11/deluxe-room-1-e1543289156403.jpg","https://babelakeview-homestay.com/tour/deluxe-private-room-with-private-bathroom-and-ac","https://res.cloudinary.com/p1kxfhlw/image/upload/v1791214476/admin-uploads/seeder/8458ab5e077410ef135e0a2b99f84ff145fcc42b580ac3d86303c140afe78f7c.webp","8458ab5e077410ef135e0a2b99f84ff145fcc42b580ac3d86303c140afe78f7c","c64c6c4cc9d3c9e3","Publisher copyright retained; delivery hosting does not transfer copyright","Ba Be Lake View Homestay — website/cổng thông tin đơn vị công bố","","2026-10-05T15:34:37.721Z"
"4b4b81e4-2e46-52ed-81b0-07c4c06426b4","publisher:babelake:room:8a19b7a9d9a91cbb","https://babelakeview-homestay.com/wp-content/uploads/2018/11/deluxe-room-2-e1543289170933.jpg","https://babelakeview-homestay.com/tour/deluxe-private-room-with-private-bathroom-and-ac","https://res.cloudinary.com/p1kxfhlw/image/upload/v1791214478/admin-uploads/seeder/f5b376b978cdff0ddb689ba574b4efe52c10134f11b1a455ea19cb611393f24b.webp","f5b376b978cdff0ddb689ba574b4efe52c10134f11b1a455ea19cb611393f24b","f0b3b0b232f67719","Publisher copyright retained; delivery hosting does not transfer copyright","Ba Be Lake View Homestay — website/cổng thông tin đơn vị công bố","","2026-10-05T15:34:40.032Z"
"4b4b81e4-2e46-52ed-81b0-07c4c06426b4","publisher:babelake:room:8a19b7a9d9a91cbb","https://babelakeview-homestay.com/wp-content/uploads/2018/11/deluxe-room.jpg","https://babelakeview-homestay.com/tour/deluxe-private-room-with-private-bathroom-and-ac","https://res.cloudinary.com/p1kxfhlw/image/upload/v1791214480/admin-uploads/seeder/d8d1ce90a8a5e40116037619c8542f61131465012b1066a693ce462a78f5e743.webp","d8d1ce90a8a5e40116037619c8542f61131465012b1066a693ce462a78f5e743","c7c6cecede07034e","Publisher copyright retained; delivery hosting does not transfer copyright","Ba Be Lake View Homestay — website/cổng thông tin đơn vị công bố","","2026-10-05T15:34:41.942Z"
"8c9eaeae-9110-5879-8236-d7ccfafcbee8","publisher:saomai:service:e86ee0eccffd504d","https://dongthaptourist.com/wp-content/uploads/2024/11/KSSM_HP1.jpg","https://dongthaptourist.com/nha-hang-khach-san/khach-san-sao-mai/","https://res.cloudinary.com/p1kxfhlw/image/upload/v1791214479/admin-uploads/seeder/1e497e3e4646668bb4dfd9419b9b6c4cfcedaff9b1b4e858820a9b109f88a500.webp","1e497e3e4646668bb4dfd9419b9b6c4cfcedaff9b1b4e858820a9b109f88a500","ccd969cc9c59db1a","Publisher copyright retained; delivery hosting does not transfer copyright","Khách sạn Sao Mai Cao Lãnh — website/cổng thông tin đơn vị công bố","","2026-10-05T15:34:40.653Z"
"32018e68-2de6-55d1-889a-c246d557d015","publisher:saomai:service:6888195800ab8581","https://dongthaptourist.com/wp-content/uploads/2024/11/SM_HP2.jpg","https://dongthaptourist.com/nha-hang-khach-san/khach-san-sao-mai/","https://res.cloudinary.com/p1kxfhlw/image/upload/v1791214482/admin-uploads/seeder/3c8074fe58608348674f4bb3895776027b33f05c615ae59f2a663571bc4c60b6.webp","3c8074fe58608348674f4bb3895776027b33f05c615ae59f2a663571bc4c60b6","94a9dededbabac2c","Publisher copyright retained; delivery hosting does not transfer copyright","Khách sạn Sao Mai Cao Lãnh — website/cổng thông tin đơn vị công bố","","2026-10-05T15:34:43.232Z"
"913434fb-b2f3-5ead-85d0-1f093b82c34e","publisher:lila:room:1e87b44619fce99b","https://lilainn.tours/wp-content/uploads/2025/12/lila-hostel4-scaled.webp","https://lilainn.tours/stay/","https://res.cloudinary.com/p1kxfhlw/image/upload/v1791214903/admin-uploads/seeder/757ca42e96386c00009000fcab0cdcff6debb89a86b85f7857624e283d7e15b2.webp","757ca42e96386c00009000fcab0cdcff6debb89a86b85f7857624e283d7e15b2","c6a6a6e6848c3c18","Publisher copyright retained; delivery hosting does not transfer copyright","Lila Inn & Tours — website/cổng thông tin đơn vị công bố","","2026-10-05T15:41:44.392Z"
"f20cf3cf-25be-59dd-8da3-a281dea5832e","publisher:lila:room:ae22477b443de5c4","https://lilainn.tours/wp-content/uploads/2025/12/lila-hostel8-scaled.webp","https://lilainn.tours/stay/","https://res.cloudinary.com/p1kxfhlw/image/upload/v1791214905/admin-uploads/seeder/95d2dcbe7e507b6b2cc1f4a31175eb67db2810546d260dc7ae1ae918d9dc65da.webp","95d2dcbe7e507b6b2cc1f4a31175eb67db2810546d260dc7ae1ae918d9dc65da","cc690f0f1f597968","Publisher copyright retained; delivery hosting does not transfer copyright","Lila Inn & Tours — website/cổng thông tin đơn vị công bố","","2026-10-05T15:41:47.465Z"
"f20cf3cf-25be-59dd-8da3-a281dea5832e","publisher:lila:room:ae22477b443de5c4","https://lilainn.tours/wp-content/uploads/2025/12/lila-hostel6-scaled.webp","https://lilainn.tours/stay/","https://res.cloudinary.com/p1kxfhlw/image/upload/v1791214910/admin-uploads/seeder/24736fd988069ea0c32bfbb3fc5098480af8aebf8e4ccab06f26dfb9bb322a80.webp","24736fd988069ea0c32bfbb3fc5098480af8aebf8e4ccab06f26dfb9bb322a80","c7cfcbcfcfcfcfcf","Publisher copyright retained; delivery hosting does not transfer copyright","Lila Inn & Tours — website/cổng thông tin đơn vị công bố","","2026-10-05T15:41:51.515Z"
"b9443078-e232-5a73-8e5c-f7b24d6b098b","publisher:lila:experience:361a49e31e18b513","https://lilainn.tours/wp-content/uploads/2025/10/nho-que-river-in-ha-giang-loop-tour-2-day.webp","https://lilainn.tours/tour/2-day-ha-giang-loop/","https://res.cloudinary.com/p1kxfhlw/image/upload/v1791214486/admin-uploads/seeder/56aec5a44ff5877a7cbea50c8747d5a3c359df45dfb5bd32d02364dc6a765c5d.webp","56aec5a44ff5877a7cbea50c8747d5a3c359df45dfb5bd32d02364dc6a765c5d","1b0b5c6ecc7667e3","Publisher copyright retained; delivery hosting does not transfer copyright","Lila Inn & Tours — website/cổng thông tin đơn vị công bố","","2026-10-05T15:34:47.109Z"
"b9443078-e232-5a73-8e5c-f7b24d6b098b","publisher:lila:experience:361a49e31e18b513","https://lilainn.tours/wp-content/uploads/2025/08/ma-pi-leng-ha-giang-loop-2D1N.jpg","https://lilainn.tours/tour/2-day-ha-giang-loop/","https://res.cloudinary.com/p1kxfhlw/image/upload/v1791214488/admin-uploads/seeder/31deefd1c7f2156020bbf6f77f7ed8c9d7d2beae0778c0a5af53b53ae4f3d8bc.webp","31deefd1c7f2156020bbf6f77f7ed8c9d7d2beae0778c0a5af53b53ae4f3d8bc","99748b86868cc9a7","Publisher copyright retained; delivery hosting does not transfer copyright","Lila Inn & Tours — website/cổng thông tin đơn vị công bố","","2026-10-05T15:34:49.935Z"
"b9443078-e232-5a73-8e5c-f7b24d6b098b","publisher:lila:experience:361a49e31e18b513","https://lilainn.tours/wp-content/uploads/2025/08/tham-ma-pass-ha-giang-loop-2D1N.jpg","https://lilainn.tours/tour/2-day-ha-giang-loop/","https://res.cloudinary.com/p1kxfhlw/image/upload/v1791214491/admin-uploads/seeder/fe4771cc3d98f68d2e5b62f30c91758414e013de279a9297034f00b5b639f909.webp","fe4771cc3d98f68d2e5b62f30c91758414e013de279a9297034f00b5b639f909","0583e32a54c78b12","Publisher copyright retained; delivery hosting does not transfer copyright","Lila Inn & Tours — website/cổng thông tin đơn vị công bố","","2026-10-05T15:34:52.088Z"
"58f389c3-1b71-50be-8803-05a5253952ff","publisher:lila:experience:b5e3b4cee58dcbc0","https://lilainn.tours/wp-content/uploads/2025/10/white-cliff-in-ha-giang-loop-tour-3-day.webp","https://lilainn.tours/tour/3-day-ha-giang-loop/","https://res.cloudinary.com/p1kxfhlw/image/upload/v1791214484/admin-uploads/seeder/99b5eebf1fd810820cb155e3d7d48c8f830b862535cc3c4ed3b5b83fa485da87.webp","99b5eebf1fd810820cb155e3d7d48c8f830b862535cc3c4ed3b5b83fa485da87","356bf97e2bb7860e","Publisher copyright retained; delivery hosting does not transfer copyright","Lila Inn & Tours — website/cổng thông tin đơn vị công bố","","2026-10-05T15:34:45.891Z"
"58f389c3-1b71-50be-8803-05a5253952ff","publisher:lila:experience:b5e3b4cee58dcbc0","https://lilainn.tours/wp-content/uploads/2025/10/hike-to-white-cliff-in-ha-giang-loop-tour-3-day.webp","https://lilainn.tours/tour/3-day-ha-giang-loop/","https://res.cloudinary.com/p1kxfhlw/image/upload/v1791214487/admin-uploads/seeder/531f3ddd9429527fa289cabbb7d42b85502d7630a87e465fda5a4f089bee4a65.webp","531f3ddd9429527fa289cabbb7d42b85502d7630a87e465fda5a4f089bee4a65","47062e2c6c7e391a","Publisher copyright retained; delivery hosting does not transfer copyright","Lila Inn & Tours — website/cổng thông tin đơn vị công bố","","2026-10-05T15:34:48.631Z"
"58f389c3-1b71-50be-8803-05a5253952ff","publisher:lila:experience:b5e3b4cee58dcbc0","https://lilainn.tours/wp-content/uploads/2025/10/nho-que-river-in-ha-giang-loop-tour-3-day.webp","https://lilainn.tours/tour/3-day-ha-giang-loop/","https://res.cloudinary.com/p1kxfhlw/image/upload/v1791214490/admin-uploads/seeder/214785741f536a49052082c0aed92af502912b910e36f914275857e9a4263fc6.webp","214785741f536a49052082c0aed92af502912b910e36f914275857e9a4263fc6","36276d5de7fbfe6c","Publisher copyright retained; delivery hosting does not transfer copyright","Lila Inn & Tours — website/cổng thông tin đơn vị công bố","","2026-10-05T15:34:51.063Z"
"40cbe575-176f-5e5c-8526-fbbcef14d12b","publisher:lila:experience:345a3c8d24930466","https://lilainn.tours/wp-content/uploads/2024/10/Lila-Web-1st-photo-of-tour-page-1.jpg","https://lilainn.tours/tour/4-day-ha-giang-loop/","https://res.cloudinary.com/p1kxfhlw/image/upload/v1791214489/admin-uploads/seeder/76bf6a3a491a83425a6df5e913b4873325cb4008a0a81bbb310177ac8087dde8.webp","76bf6a3a491a83425a6df5e913b4873325cb4008a0a81bbb310177ac8087dde8","3fc0c8c268625a94","Publisher copyright retained; delivery hosting does not transfer copyright","Lila Inn & Tours — website/cổng thông tin đơn vị công bố","","2026-10-05T15:34:50.695Z"
"40cbe575-176f-5e5c-8526-fbbcef14d12b","publisher:lila:experience:345a3c8d24930466","https://lilainn.tours/wp-content/uploads/2025/08/Lila-Inn-Tours-Packing-List-for-Ha-Giang-Loop-scaled.webp","https://lilainn.tours/tour/4-day-ha-giang-loop/","https://res.cloudinary.com/p1kxfhlw/image/upload/v1791214500/admin-uploads/seeder/cf0f8435b64de36d3dca5494eec59b8fb9c92163da3f2aa4950ef03aaf848ca5.webp","cf0f8435b64de36d3dca5494eec59b8fb9c92163da3f2aa4950ef03aaf848ca5","98d4cc8c8c888c8c","Publisher copyright retained; delivery hosting does not transfer copyright","Lila Inn & Tours — website/cổng thông tin đơn vị công bố","","2026-10-05T15:35:01.428Z"
"40cbe575-176f-5e5c-8526-fbbcef14d12b","publisher:lila:experience:345a3c8d24930466","https://lilainn.tours/wp-content/uploads/2025/12/dorm-room-on-the-ha-giang-loop-tour1.webp","https://lilainn.tours/tour/4-day-ha-giang-loop/","https://res.cloudinary.com/p1kxfhlw/image/upload/v1791214500/admin-uploads/seeder/b8e5e06eec7ce7978d54bff1dd8a6a8de736b243813e3f4fe52a07a928be8b71.webp","b8e5e06eec7ce7978d54bff1dd8a6a8de736b243813e3f4fe52a07a928be8b71","0f646631e466262b","Publisher copyright retained; delivery hosting does not transfer copyright","Lila Inn & Tours — website/cổng thông tin đơn vị công bố","","2026-10-05T15:35:01.369Z"
"460baf84-4f38-5bd6-8e2a-649504d32b77","publisher:lila:experience:0c38f3144552ffe4","https://lilainn.tours/wp-content/uploads/2025/10/ban-gioc-waterfall-ha-giang-loop-cao-bang-tour.webp","https://lilainn.tours/tour/ha-giang-loop-cao-bang-5-day/","https://res.cloudinary.com/p1kxfhlw/image/upload/v1791214492/admin-uploads/seeder/93cd58ad7bf38d89c98b6f20beabc4a80a86830bfc1d7fc000e37c9d5cb24006.webp","93cd58ad7bf38d89c98b6f20beabc4a80a86830bfc1d7fc000e37c9d5cb24006","193466677752d737","Publisher copyright retained; delivery hosting does not transfer copyright","Lila Inn & Tours — website/cổng thông tin đơn vị công bố","","2026-10-05T15:34:53.436Z"
"460baf84-4f38-5bd6-8e2a-649504d32b77","publisher:lila:experience:0c38f3144552ffe4","https://lilainn.tours/wp-content/uploads/2025/10/mountain-angel-eyes-in-ha-giang-loop-cao-bang-tour.webp","https://lilainn.tours/tour/ha-giang-loop-cao-bang-5-day/","https://res.cloudinary.com/p1kxfhlw/image/upload/v1791214494/admin-uploads/seeder/f0b599a2aa1eafd54172c74a3d392b94bd89e9cd3f2604dcd0d808f4caf83576.webp","f0b599a2aa1eafd54172c74a3d392b94bd89e9cd3f2604dcd0d808f4caf83576","0b1373033d6d387c","Publisher copyright retained; delivery hosting does not transfer copyright","Lila Inn & Tours — website/cổng thông tin đơn vị công bố","","2026-10-05T15:34:57.768Z"
"460baf84-4f38-5bd6-8e2a-649504d32b77","publisher:lila:experience:0c38f3144552ffe4","https://lilainn.tours/wp-content/uploads/2025/10/ngoc-con-village-in-ha-giang-loop-cao-bang-tour.webp","https://lilainn.tours/tour/ha-giang-loop-cao-bang-5-day/","https://res.cloudinary.com/p1kxfhlw/image/upload/v1791214499/admin-uploads/seeder/f388788101c1fc1b05af602aada5852d638df539352d6fe4198ef9a1012239fe.webp","f388788101c1fc1b05af602aada5852d638df539352d6fe4198ef9a1012239fe","cdec5878acd6d6b2","Publisher copyright retained; delivery hosting does not transfer copyright","Lila Inn & Tours — website/cổng thông tin đơn vị công bố","","2026-10-05T15:35:00.349Z"
"82809d8f-51be-5344-8dc8-aa2206318614","publisher:lila:experience:cf1c6ecc9188b8f5","https://lilainn.tours/wp-content/uploads/2024/10/Ban-Gioc-Waterfall-3.jpg","https://lilainn.tours/tour/7-day-ha-giang-loop-cao-bang-ba-be/","https://res.cloudinary.com/p1kxfhlw/image/upload/v1791214909/admin-uploads/seeder/1c5c43256816af649002087ef594f01135c5a5febfaacef01cac5dd53e5e8e8d.webp","1c5c43256816af649002087ef594f01135c5a5febfaacef01cac5dd53e5e8e8d","07bff264eca4a790","Publisher copyright retained; delivery hosting does not transfer copyright","Lila Inn & Tours — website/cổng thông tin đơn vị công bố","","2026-10-05T15:41:50.918Z"
"82809d8f-51be-5344-8dc8-aa2206318614","publisher:lila:experience:cf1c6ecc9188b8f5","https://lilainn.tours/wp-content/uploads/2024/10/Ba-Be-3.jpg","https://lilainn.tours/tour/7-day-ha-giang-loop-cao-bang-ba-be/","https://res.cloudinary.com/p1kxfhlw/image/upload/v1791214914/admin-uploads/seeder/fa18f7ba7b7c7e811cf3c58ca1d6a550d4a2a246c4b7761be1e2d3c04265300f.webp","fa18f7ba7b7c7e811cf3c58ca1d6a550d4a2a246c4b7761be1e2d3c04265300f","2b232116212b0707","Publisher copyright retained; delivery hosting does not transfer copyright","Lila Inn & Tours — website/cổng thông tin đơn vị công bố","","2026-10-05T15:41:57.737Z"
"82809d8f-51be-5344-8dc8-aa2206318614","publisher:lila:experience:cf1c6ecc9188b8f5","https://lilainn.tours/wp-content/uploads/2024/10/Lo-Lo-1.jpg","https://lilainn.tours/tour/7-day-ha-giang-loop-cao-bang-ba-be/","https://res.cloudinary.com/p1kxfhlw/image/upload/v1791214921/admin-uploads/seeder/336073e4886892a1734a91b8faab259fe07e35a5ebe76c04a714c73805cfe09b.webp","336073e4886892a1734a91b8faab259fe07e35a5ebe76c04a714c73805cfe09b","a61ce2c39e8db333","Publisher copyright retained; delivery hosting does not transfer copyright","Lila Inn & Tours — website/cổng thông tin đơn vị công bố","","2026-10-05T15:42:02.285Z"
"b30562a6-1f1b-5358-8644-c20d6fc5b98d","real-place:https://vi.wikipedia.org/wiki/R%E1%BB%ABng_tr%C3%A0m_Tr%C3%A0_S%C6%B0","https://thumb.wikimedia.org/wikipedia/commons/thumb/b/b8/Tr%C3%A0_S%C6%B0_1.jpg/1920px-Tr%C3%A0_S%C6%B0_1.jpg?utm_source=commons.wikimedia.org&utm_campaign=imageinfo&utm_content=thumbnail","https://commons.wikimedia.org/wiki/File:Tr%C3%A0_S%C6%B0_1.jpg","https://res.cloudinary.com/p1kxfhlw/image/upload/v1791214506/admin-uploads/seeder/3697611d208d974f09f047184485e8d2d8265b3711dfb638d89c2614f988d106.webp","3697611d208d974f09f047184485e8d2d8265b3711dfb638d89c2614f988d106","00616a9e363238bc","CC BY-SA 3.0","Bùi Thụy Đào Nguyên","https://creativecommons.org/licenses/by-sa/3.0","2026-10-05T15:35:08.340Z"
"b30562a6-1f1b-5358-8644-c20d6fc5b98d","real-place:https://vi.wikipedia.org/wiki/R%E1%BB%ABng_tr%C3%A0m_Tr%C3%A0_S%C6%B0","https://thumb.wikimedia.org/wikipedia/commons/thumb/f/f3/R%E1%BB%ABng_tr%C3%A0m_Tr%C3%A0_S%C6%B0.jpg/1920px-R%E1%BB%ABng_tr%C3%A0m_Tr%C3%A0_S%C6%B0.jpg?utm_source=commons.wikimedia.org&utm_campaign=imageinfo&utm_content=thumbnail","https://commons.wikimedia.org/wiki/File:R%E1%BB%ABng_tr%C3%A0m_Tr%C3%A0_S%C6%B0.jpg","https://res.cloudinary.com/p1kxfhlw/image/upload/v1791214514/admin-uploads/seeder/1997bdd4eb2fbdf51383057c6e5acbebc242ab0cf4423c2455b8fc168f0b337e.webp","1997bdd4eb2fbdf51383057c6e5acbebc242ab0cf4423c2455b8fc168f0b337e","67277717372335f1","CC BY-SA 3.0","Bùi Thụy Đào Nguyên","https://creativecommons.org/licenses/by-sa/3.0","2026-10-05T15:35:16.365Z"
"e7a0a67d-7f42-5dbf-83ce-d0f4de560b11","real-place:https://vi.wikipedia.org/wiki/Mi%E1%BA%BFu_B%C3%A0_Ch%C3%BAa_X%E1%BB%A9_N%C3%BAi_Sam","https://thumb.wikimedia.org/wikipedia/commons/thumb/7/71/Mieuba2.jpg/1920px-Mieuba2.jpg?utm_source=commons.wikimedia.org&utm_campaign=imageinfo&utm_content=thumbnail","https://commons.wikimedia.org/wiki/File:Mieuba2.jpg","https://res.cloudinary.com/p1kxfhlw/image/upload/v1791214507/admin-uploads/seeder/514819ff9d33b862f63c8b8e75539d5242b9093fa173c4ade10cce32b50e7fe4.webp","514819ff9d33b862f63c8b8e75539d5242b9093fa173c4ade10cce32b50e7fe4","0f157271498fe965","Public domain","Bùi Thuỵ Đào Nguyên ( thảo luận )","","2026-10-05T15:35:08.762Z"
"e7a0a67d-7f42-5dbf-83ce-d0f4de560b11","real-place:https://vi.wikipedia.org/wiki/Mi%E1%BA%BFu_B%C3%A0_Ch%C3%BAa_X%E1%BB%A9_N%C3%BAi_Sam","https://thumb.wikimedia.org/wikipedia/commons/thumb/9/99/Mi%E1%BA%BFu_B%C3%A0_Ch%C3%BAa_X%E1%BB%A9_N%C3%BAi_Sam.jpg/1920px-Mi%E1%BA%BFu_B%C3%A0_Ch%C3%BAa_X%E1%BB%A9_N%C3%BAi_Sam.jpg?utm_source=commons.wikimedia.org&utm_campaign=imageinfo&utm_content=thumbnail","https://commons.wikimedia.org/wiki/File:Mi%E1%BA%BFu_B%C3%A0_Ch%C3%BAa_X%E1%BB%A9_N%C3%BAi_Sam.jpg","https://res.cloudinary.com/p1kxfhlw/image/upload/v1791214516/admin-uploads/seeder/7cd8219fa4de6d646cd0acbd8bddd209f7107d8f525efcfb76a32747861e694e.webp","7cd8219fa4de6d646cd0acbd8bddd209f7107d8f525efcfb76a32747861e694e","0f3373624606371f","CC BY-SA 3.0","Bùi Thụy Đào Nguyên","https://creativecommons.org/licenses/by-sa/3.0","2026-10-05T15:35:17.982Z"
"39f34a2d-0146-59fd-8635-d28d65a86ec7","real-place:https://vi.wikipedia.org/wiki/N%C3%BAi_C%E1%BA%A5m","https://thumb.wikimedia.org/wikipedia/commons/thumb/d/dc/Th%E1%BA%A5t_S%C6%A1n.jpg/1920px-Th%E1%BA%A5t_S%C6%A1n.jpg?utm_source=commons.wikimedia.org&utm_campaign=imageinfo&utm_content=thumbnail","https://commons.wikimedia.org/wiki/File:Th%E1%BA%A5t_S%C6%A1n.jpg","https://res.cloudinary.com/p1kxfhlw/image/upload/v1791214512/admin-uploads/seeder/0f7eda5beafecde146cc57b8b920821d817541fd994e84b2a614b5d8496b3c51.webp","0f7eda5beafecde146cc57b8b920821d817541fd994e84b2a614b5d8496b3c51","dffdf9c343c363e0","CC BY 2.0","Bem photography:","https://creativecommons.org/licenses/by/2.0","2026-10-05T15:35:14.982Z"
"c72e4123-4e0d-518e-8bad-ddde14398651","real-place:https://vi.wikipedia.org/wiki/N%C3%BAi_Sam","https://thumb.wikimedia.org/wikipedia/commons/thumb/1/18/Nh%C3%A0_ngh%E1%BB%89_tr%C3%AAn_N%C3%BAi_Sam%2C_th%C3%A0nh_ph%E1%BB%91_Ch%C3%A2u_%C4%90%E1%BB%91c.jpg/1920px-Nh%C3%A0_ngh%E1%BB%89_tr%C3%AAn_N%C3%BAi_Sam%2C_th%C3%A0nh_ph%E1%BB%91_Ch%C3%A2u_%C4%90%E1%BB%91c.jpg?utm_source=commons.wikimedia.org&utm_campaign=imageinfo&utm_content=thumbnail","https://commons.wikimedia.org/wiki/File:Nh%C3%A0_ngh%E1%BB%89_tr%C3%AAn_N%C3%BAi_Sam,_th%C3%A0nh_ph%E1%BB%91_Ch%C3%A2u_%C4%90%E1%BB%91c.jpg","https://res.cloudinary.com/p1kxfhlw/image/upload/v1791214521/admin-uploads/seeder/e16bdb0f9d7ffc075d0920c12d7115f819b102959ca67f89d14414ed6daa990e.webp","e16bdb0f9d7ffc075d0920c12d7115f819b102959ca67f89d14414ed6daa990e","81090800e0e91b87","CC BY-SA 3.0","Mrdee2103 ( thảo luận )","https://creativecommons.org/licenses/by-sa/3.0","2026-10-05T15:35:22.647Z"
"c72e4123-4e0d-518e-8bad-ddde14398651","real-place:https://vi.wikipedia.org/wiki/N%C3%BAi_Sam","https://upload.wikimedia.org/wikipedia/commons/b/bb/Le_Mont_Sam_%28Vietnam%29_%286589335173%29.jpg?utm_source=commons.wikimedia.org&utm_campaign=imageinfo&utm_content=thumbnail_unscaled","https://commons.wikimedia.org/wiki/File:Le_Mont_Sam_(Vietnam)_(6589335173).jpg","https://res.cloudinary.com/p1kxfhlw/image/upload/v1791214528/admin-uploads/seeder/62064237ad11cb0d5df83f20ffb7b8c7a2fedce54062990ce43cee66484ddd21.webp","62064237ad11cb0d5df83f20ffb7b8c7a2fedce54062990ce43cee66484ddd21","8ece4ed6968ea6a7","CC BY 2.0","Jean-Pierre Dalbéra from Paris, France","https://creativecommons.org/licenses/by/2.0","2026-10-05T15:35:29.280Z"
"82d23f10-020c-5515-889e-e9ad5ae9a07b","real-place:https://vi.wikipedia.org/wiki/H%C3%B2n_%C4%90%C3%A1_B%E1%BA%A1c","https://thumb.wikimedia.org/wikipedia/commons/thumb/e/e0/C%E1%BA%A7u_b%C3%AA_t%C3%B4ng_%E1%BB%9F_H%C3%B2n_%C4%90%C3%A1_B%E1%BA%A1c.jpg/1920px-C%E1%BA%A7u_b%C3%AA_t%C3%B4ng_%E1%BB%9F_H%C3%B2n_%C4%90%C3%A1_B%E1%BA%A1c.jpg?utm_source=commons.wikimedia.org&utm_campaign=imageinfo&utm_content=thumbnail","https://commons.wikimedia.org/wiki/File:C%E1%BA%A7u_b%C3%AA_t%C3%B4ng_%E1%BB%9F_H%C3%B2n_%C4%90%C3%A1_B%E1%BA%A1c.jpg","https://res.cloudinary.com/p1kxfhlw/image/upload/v1791214524/admin-uploads/seeder/5c9e4970d671f878c5a8b2f1102fb3c52668a99ed06456544d04f7840813c8f2.webp","5c9e4970d671f878c5a8b2f1102fb3c52668a99ed06456544d04f7840813c8f2","1b0b0703197db39e","CC BY-SA 3.0","Bùi Thụy Đào Nguyên","https://creativecommons.org/licenses/by-sa/3.0","2026-10-05T15:35:25.853Z"
"82d23f10-020c-5515-889e-e9ad5ae9a07b","real-place:https://vi.wikipedia.org/wiki/H%C3%B2n_%C4%90%C3%A1_B%E1%BA%A1c","https://thumb.wikimedia.org/wikipedia/commons/thumb/a/a0/Bia_di_t%C3%ADch_H%C3%B2n_%C4%90%C3%A1_B%E1%BA%A1c.jpg/1920px-Bia_di_t%C3%ADch_H%C3%B2n_%C4%90%C3%A1_B%E1%BA%A1c.jpg?utm_source=commons.wikimedia.org&utm_campaign=imageinfo&utm_content=thumbnail","https://commons.wikimedia.org/wiki/File:Bia_di_t%C3%ADch_H%C3%B2n_%C4%90%C3%A1_B%E1%BA%A1c.jpg","https://res.cloudinary.com/p1kxfhlw/image/upload/v1791214535/admin-uploads/seeder/37cc131e1b7a920c276fdc5b7cd932192a0443eec41f130005fb7dfd528844b2.webp","37cc131e1b7a920c276fdc5b7cd932192a0443eec41f130005fb7dfd528844b2","61668e9b078edab4","CC BY-SA 3.0","Bùi Thụy Đào Nguyên","https://creativecommons.org/licenses/by-sa/3.0","2026-10-05T15:35:37.476Z"
"82d23f10-020c-5515-889e-e9ad5ae9a07b","real-place:https://vi.wikipedia.org/wiki/H%C3%B2n_%C4%90%C3%A1_B%E1%BA%A1c","https://thumb.wikimedia.org/wikipedia/commons/thumb/2/28/B%E1%BB%99_x%C6%B0%C6%A1ng_c%C3%A1_voi.jpg/1920px-B%E1%BB%99_x%C6%B0%C6%A1ng_c%C3%A1_voi.jpg?utm_source=commons.wikimedia.org&utm_campaign=imageinfo&utm_content=thumbnail","https://commons.wikimedia.org/wiki/File:B%E1%BB%99_x%C6%B0%C6%A1ng_c%C3%A1_voi.jpg","https://res.cloudinary.com/p1kxfhlw/image/upload/v1791214544/admin-uploads/seeder/cec46936599edc7cb6cac137a92369490ee40883416fd0a3703123d3944859bd.webp","cec46936599edc7cb6cac137a92369490ee40883416fd0a3703123d3944859bd","0b0ec4cad9c4c650","CC BY-SA 3.0","Bùi Thụy Đào Nguyên","https://creativecommons.org/licenses/by-sa/3.0","2026-10-05T15:35:46.376Z"
"cb935229-8913-58a4-8f63-1e8f1dc049b0","real-place:https://vi.wikipedia.org/wiki/V%C6%B0%E1%BB%9Dn_qu%E1%BB%91c_gia_U_Minh_H%E1%BA%A1","https://thumb.wikimedia.org/wikipedia/commons/thumb/1/1b/Chu%E1%BB%91i_t%E1%BA%A1i_r%E1%BB%ABng_U_Minh_h%E1%BA%A1.jpg/1920px-Chu%E1%BB%91i_t%E1%BA%A1i_r%E1%BB%ABng_U_Minh_h%E1%BA%A1.jpg?utm_source=commons.wikimedia.org&utm_campaign=imageinfo&utm_content=thumbnail","https://commons.wikimedia.org/wiki/File:Chu%E1%BB%91i_t%E1%BA%A1i_r%E1%BB%ABng_U_Minh_h%E1%BA%A1.jpg","https://res.cloudinary.com/p1kxfhlw/image/upload/v1791214531/admin-uploads/seeder/09e76d0ee1ad7214b36375036fd5ef5b2728940a5ceeb40cd069c32c7eb7cbcf.webp","09e76d0ee1ad7214b36375036fd5ef5b2728940a5ceeb40cd069c32c7eb7cbcf","75313331390f0f39","CC BY-SA 4.0","TuanUt","https://creativecommons.org/licenses/by-sa/4.0","2026-10-05T15:35:33.416Z"
"a028faca-c92b-5d2f-8867-89361615d8cf","real-place:https://vi.wikipedia.org/wiki/M%C5%A9i_C%C3%A0_Mau","https://upload.wikimedia.org/wikipedia/commons/7/7b/Tuongdaimuicamau.jpg?utm_source=commons.wikimedia.org&utm_campaign=imageinfo&utm_content=thumbnail_unscaled","https://commons.wikimedia.org/wiki/File:Tuongdaimuicamau.jpg","https://res.cloudinary.com/p1kxfhlw/image/upload/v1791214533/admin-uploads/seeder/92a81f51020a0b2478c5ce6a46c44219e73920b74ed9da5cf830740892aa5ab6.webp","92a81f51020a0b2478c5ce6a46c44219e73920b74ed9da5cf830740892aa5ab6","90d08c681d1c1bc5","CC BY-SA 4.0","Thanhminh2000","https://creativecommons.org/licenses/by-sa/4.0","2026-10-05T15:35:34.381Z"
"a028faca-c92b-5d2f-8867-89361615d8cf","real-place:https://vi.wikipedia.org/wiki/M%C5%A9i_C%C3%A0_Mau","https://thumb.wikimedia.org/wikipedia/commons/thumb/8/81/Mui_Ca_Mau_005.JPG/1920px-Mui_Ca_Mau_005.JPG?utm_source=commons.wikimedia.org&utm_campaign=imageinfo&utm_content=thumbnail","https://commons.wikimedia.org/wiki/File:Mui_Ca_Mau_005.JPG","https://res.cloudinary.com/p1kxfhlw/image/upload/v1791214542/admin-uploads/seeder/2a16c7406aaf30cf3707d28d4d7dc5215dcbf268e9e712bdaee6d904ec416186.webp","2a16c7406aaf30cf3707d28d4d7dc5215dcbf268e9e712bdaee6d904ec416186","0f4f4f6f4fcfcdcc","Public domain","Ctvn wikiviet","","2026-10-05T15:35:44.224Z"
"a028faca-c92b-5d2f-8867-89361615d8cf","real-place:https://vi.wikipedia.org/wiki/M%C5%A9i_C%C3%A0_Mau","https://thumb.wikimedia.org/wikipedia/commons/thumb/1/1a/Muicamau.jpg/1920px-Muicamau.jpg?utm_source=commons.wikimedia.org&utm_campaign=imageinfo&utm_content=thumbnail","https://commons.wikimedia.org/wiki/File:Muicamau.jpg","https://res.cloudinary.com/p1kxfhlw/image/upload/v1791214552/admin-uploads/seeder/6e435c0e8c03e9aecf47f154d7c1a6d649b99f9670cef5d9145ea9ec8cdc78a5.webp","6e435c0e8c03e9aecf47f154d7c1a6d649b99f9670cef5d9145ea9ec8cdc78a5","96c951a6e3314444","CC BY-SA 4.0","Colalumbu","https://creativecommons.org/licenses/by-sa/4.0","2026-10-05T15:35:54.079Z"
"2e12bdd3-60ea-5107-8e3e-ecf092671560","real-place:https://vi.wikipedia.org/wiki/Ch%E1%BB%A3_n%E1%BB%95i_C%C3%A1i_R%C4%83ng","https://thumb.wikimedia.org/wikipedia/commons/thumb/2/28/Cai_Rang_1.jpg/1920px-Cai_Rang_1.jpg?utm_source=commons.wikimedia.org&utm_campaign=imageinfo&utm_content=thumbnail","https://commons.wikimedia.org/wiki/File:Cai_Rang_1.jpg","https://res.cloudinary.com/p1kxfhlw/image/upload/v1791214542/admin-uploads/seeder/3857472f0a9bbd9577a50e307e4b7a39148d98ffdffefb56486adfc7c139c287.webp","3857472f0a9bbd9577a50e307e4b7a39148d98ffdffefb56486adfc7c139c287","0d49434d58bc59db","CC BY-SA 3.0","Liftold","https://creativecommons.org/licenses/by-sa/3.0","2026-10-05T15:35:43.733Z"
"2e12bdd3-60ea-5107-8e3e-ecf092671560","real-place:https://vi.wikipedia.org/wiki/Ch%E1%BB%A3_n%E1%BB%95i_C%C3%A1i_R%C4%83ng","https://thumb.wikimedia.org/wikipedia/commons/thumb/f/ff/Cai_rang3.jpg/1920px-Cai_rang3.jpg?utm_source=commons.wikimedia.org&utm_campaign=imageinfo&utm_content=thumbnail","https://commons.wikimedia.org/wiki/File:Cai_rang3.jpg","https://res.cloudinary.com/p1kxfhlw/image/upload/v1791214553/admin-uploads/seeder/723b6c15987c2fd6fd58066d74d355e781d5c49a6510e3f406e2ef5fc900d743.webp","723b6c15987c2fd6fd58066d74d355e781d5c49a6510e3f406e2ef5fc900d743","2dedcd9d59599b73","CC BY-SA 3.0","Liftold","https://creativecommons.org/licenses/by-sa/3.0","2026-10-05T15:35:55.570Z"
"2e12bdd3-60ea-5107-8e3e-ecf092671560","real-place:https://vi.wikipedia.org/wiki/Ch%E1%BB%A3_n%E1%BB%95i_C%C3%A1i_R%C4%83ng","https://upload.wikimedia.org/wikipedia/commons/7/71/Cho_noi_%28Cai_Rang%2C_Can_Tho%29.JPG?utm_source=commons.wikimedia.org&utm_campaign=imageinfo&utm_content=thumbnail_unscaled","https://commons.wikimedia.org/wiki/File:Cho_noi_(Cai_Rang,_Can_Tho).JPG","https://res.cloudinary.com/p1kxfhlw/image/upload/v1791214559/admin-uploads/seeder/65f468c2adfec1090fe27c82fa40126fa795bea6f3a02863f23458418b66f384.webp","65f468c2adfec1090fe27c82fa40126fa795bea6f3a02863f23458418b66f384","2f8c854546a00441","CC BY-SA 3.0","David at Dutch Wikipedia","http://creativecommons.org/licenses/by-sa/3.0/","2026-10-05T15:36:00.926Z"
"38269d3f-2de6-5ed3-8053-71c13772c5c0","real-place:https://vi.wikipedia.org/wiki/Ch%C3%B9a_D%C6%A1i","https://upload.wikimedia.org/wikipedia/commons/8/87/Ch%C3%B9a_D%C6%A1i%2C_ban_th%E1%BB%9D.JPG?utm_source=commons.wikimedia.org&utm_campaign=imageinfo&utm_content=thumbnail_unscaled","https://commons.wikimedia.org/wiki/File:Ch%C3%B9a_D%C6%A1i,_ban_th%E1%BB%9D.JPG","https://res.cloudinary.com/p1kxfhlw/image/upload/v1791214555/admin-uploads/seeder/12d0b2b38fab54287d8ee73216602d5b1dc5e5035ff8d826d912a7c6b684db10.webp","12d0b2b38fab54287d8ee73216602d5b1dc5e5035ff8d826d912a7c6b684db10","363648586aa23139","Public domain","Nguyễn Thanh Quang","","2026-10-05T15:35:56.893Z"
"38269d3f-2de6-5ed3-8053-71c13772c5c0","real-place:https://vi.wikipedia.org/wiki/Ch%C3%B9a_D%C6%A1i","https://thumb.wikimedia.org/wikipedia/commons/thumb/5/59/Ch%C3%B9a_D%C6%A1i%2C_tranh_t%C6%B0%E1%BB%9Dng.JPG/1920px-Ch%C3%B9a_D%C6%A1i%2C_tranh_t%C6%B0%E1%BB%9Dng.JPG?utm_source=commons.wikimedia.org&utm_campaign=imageinfo&utm_content=thumbnail","https://commons.wikimedia.org/wiki/File:Ch%C3%B9a_D%C6%A1i,_tranh_t%C6%B0%E1%BB%9Dng.JPG","https://res.cloudinary.com/p1kxfhlw/image/upload/v1791214565/admin-uploads/seeder/4ecee07a757a07bb98b1b38da4400373c5b162d68a1b9bf28ae161500676281d.webp","4ecee07a757a07bb98b1b38da4400373c5b162d68a1b9bf28ae161500676281d","0a80971b13375d59","Public domain","Nguyễn Thanh Quang","","2026-10-05T15:36:06.848Z"
"38269d3f-2de6-5ed3-8053-71c13772c5c0","real-place:https://vi.wikipedia.org/wiki/Ch%C3%B9a_D%C6%A1i","https://thumb.wikimedia.org/wikipedia/commons/thumb/6/6e/Ch%C3%B9a_Mahat%C3%BAp.JPG/1920px-Ch%C3%B9a_Mahat%C3%BAp.JPG?utm_source=commons.wikimedia.org&utm_campaign=imageinfo&utm_content=thumbnail","https://commons.wikimedia.org/wiki/File:Ch%C3%B9a_Mahat%C3%BAp.JPG","https://res.cloudinary.com/p1kxfhlw/image/upload/v1791214583/admin-uploads/seeder/3cd15860a473e306c1c9f09bf2d95e6db16a7fd4d136be9b1a8a6b053da6c239.webp","3cd15860a473e306c1c9f09bf2d95e6db16a7fd4d136be9b1a8a6b053da6c239","2c22919947072527","Public domain","Nguyễn Thanh Quang","","2026-10-05T15:36:24.447Z"
"cd33000d-6bdb-58d5-84f2-3e6e7e0221e9","real-place:https://vi.wikipedia.org/wiki/V%C6%B0%E1%BB%9Dn_qu%E1%BB%91c_gia_C%C3%A1t_Ti%C3%AAn","https://thumb.wikimedia.org/wikipedia/commons/thumb/4/45/BenCu_forest_structure_23Dec08.jpg/1920px-BenCu_forest_structure_23Dec08.jpg?utm_source=commons.wikimedia.org&utm_campaign=imageinfo&utm_content=thumbnail","https://commons.wikimedia.org/wiki/File:BenCu_forest_structure_23Dec08.jpg","https://res.cloudinary.com/p1kxfhlw/image/upload/v1791214560/admin-uploads/seeder/b43110fcc93eee88d9cc8a554d09c1633d6bbc2d2888761d4495289f937fdbd3.webp","b43110fcc93eee88d9cc8a554d09c1633d6bbc2d2888761d4495289f937fdbd3","2097d7aaca563961","CC BY-SA 4.0","Roy Bateman","https://creativecommons.org/licenses/by-sa/4.0","2026-10-05T15:36:02.134Z"
"cd33000d-6bdb-58d5-84f2-3e6e7e0221e9","real-place:https://vi.wikipedia.org/wiki/V%C6%B0%E1%BB%9Dn_qu%E1%BB%91c_gia_C%C3%A1t_Ti%C3%AAn","https://thumb.wikimedia.org/wikipedia/commons/thumb/1/18/Cat_Tien_National_Park%2C_Vietnam.jpg/1920px-Cat_Tien_National_Park%2C_Vietnam.jpg?utm_source=commons.wikimedia.org&utm_campaign=imageinfo&utm_content=thumbnail","https://commons.wikimedia.org/wiki/File:Cat_Tien_National_Park,_Vietnam.jpg","https://res.cloudinary.com/p1kxfhlw/image/upload/v1791214573/admin-uploads/seeder/3b05de92db1df2ba97532da38af49c4c32f949da3c2ebb31e511496b17dcaff0.webp","3b05de92db1df2ba97532da38af49c4c32f949da3c2ebb31e511496b17dcaff0","7f1342489c9e2337","CC BY 2.0","Vyacheslav Argenberg","https://creativecommons.org/licenses/by/2.0","2026-10-05T15:36:15.201Z"
"b4691444-b2ad-5484-8989-d93c345bd273","real-place:https://vi.wikipedia.org/wiki/X%E1%BA%BBo_Qu%C3%BDt","https://thumb.wikimedia.org/wikipedia/commons/thumb/e/ea/X%E1%BA%BBo_qu%C3%BDt.jpg/1920px-X%E1%BA%BBo_qu%C3%BDt.jpg?utm_source=commons.wikimedia.org&utm_campaign=imageinfo&utm_content=thumbnail","https://commons.wikimedia.org/wiki/File:X%E1%BA%BBo_qu%C3%BDt.jpg","https://res.cloudinary.com/p1kxfhlw/image/upload/v1791214573/admin-uploads/seeder/95a9b5047a5d81eb9dcb56d255113a955800e5d7efe684e575fc118fd185361b.webp","95a9b5047a5d81eb9dcb56d255113a955800e5d7efe684e575fc118fd185361b","060309cf36331307","CC BY-SA 4.0","ZuckPham","https://creativecommons.org/licenses/by-sa/4.0","2026-10-05T15:36:15.306Z"
"a098c839-82a0-536e-87da-229d9d1c5ff4","real-place:https://vi.wikipedia.org/wiki/G%C3%B2_Th%C3%A1p","https://thumb.wikimedia.org/wikipedia/commons/thumb/4/44/%C4%90%E1%BB%81n_th%E1%BB%9D_V%C3%B5_Duy_D%C6%B0%C6%A1ng_v%C3%A0_%C4%90%E1%BB%91c_Binh_Ki%E1%BB%81u.jpg/1920px-%C4%90%E1%BB%81n_th%E1%BB%9D_V%C3%B5_Duy_D%C6%B0%C6%A1ng_v%C3%A0_%C4%90%E1%BB%91c_Binh_Ki%E1%BB%81u.jpg?utm_source=commons.wikimedia.org&utm_campaign=imageinfo&utm_content=thumbnail","https://commons.wikimedia.org/wiki/File:%C4%90%E1%BB%81n_th%E1%BB%9D_V%C3%B5_Duy_D%C6%B0%C6%A1ng_v%C3%A0_%C4%90%E1%BB%91c_Binh_Ki%E1%BB%81u.jpg","https://res.cloudinary.com/p1kxfhlw/image/upload/v1791214582/admin-uploads/seeder/9ace9a616605db157e4230cf988af2e8ac42f5afeb9d508ee27ff2bea9e09137.webp","9ace9a616605db157e4230cf988af2e8ac42f5afeb9d508ee27ff2bea9e09137","a68c9c9f9d3d1327","CC BY-SA 4.0","Bùi Thụy Đào Nguyên","https://creativecommons.org/licenses/by-sa/4.0","2026-10-05T15:36:23.699Z"
"a098c839-82a0-536e-87da-229d9d1c5ff4","real-place:https://vi.wikipedia.org/wiki/G%C3%B2_Th%C3%A1p","https://thumb.wikimedia.org/wikipedia/commons/thumb/1/1b/Cong_vao_khu_di_tich_go_thap.xa_My_hoa%2C_huyen_Th%C3%A1p_M%C6%B0%E1%BB%9Di%2C_%C4%90%E1%BB%93ng_Th%C3%A1p%2C_Vi%E1%BB%87t_Nam_-_panoramio.jpg/1920px-Cong_vao_khu_di_tich_go_thap.xa_My_hoa%2C_huyen_Th%C3%A1p_M%C6%B0%E1%BB%9Di%2C_%C4%90%E1%BB%93ng_Th%C3%A1p%2C_Vi%E1%BB%87t_Nam_-_panoramio.jpg?utm_source=commons.wikimedia.org&utm_campaign=imageinfo&utm_content=thumbnail","https://commons.wikimedia.org/wiki/File:Cong_vao_khu_di_tich_go_thap.xa_My_hoa,_huyen_Th%C3%A1p_M%C6%B0%E1%BB%9Di,_%C4%90%E1%BB%93ng_Th%C3%A1p,_Vi%E1%BB%87t_Nam_-_panoramio.jpg","https://res.cloudinary.com/p1kxfhlw/image/upload/v1791214589/admin-uploads/seeder/a03062f2f33bc6d353a4f999a181a510558db2a91dfa622cd05d6c31a1f137a8.webp","a03062f2f33bc6d353a4f999a181a510558db2a91dfa622cd05d6c31a1f137a8","9f9f97cf6b29a98b","CC BY 3.0","trungydang","https://creativecommons.org/licenses/by/3.0","2026-10-05T15:36:31.419Z"
"626bd29a-8e6c-572b-858c-89ba763699c9","real-place:https://vi.wikipedia.org/wiki/C%E1%BB%93n_Ph%E1%BB%A5ng","https://thumb.wikimedia.org/wikipedia/commons/thumb/3/3c/T%C3%A0u_du_l%E1%BB%8Bch_c%E1%BA%B7p_b%E1%BA%BFn_c%E1%BB%93n_Ph%E1%BB%A5ng.jpg/1920px-T%C3%A0u_du_l%E1%BB%8Bch_c%E1%BA%B7p_b%E1%BA%BFn_c%E1%BB%93n_Ph%E1%BB%A5ng.jpg?utm_source=commons.wikimedia.org&utm_campaign=imageinfo&utm_content=thumbnail","https://commons.wikimedia.org/wiki/File:T%C3%A0u_du_l%E1%BB%8Bch_c%E1%BA%B7p_b%E1%BA%BFn_c%E1%BB%93n_Ph%E1%BB%A5ng.jpg","https://res.cloudinary.com/p1kxfhlw/image/upload/v1791214583/admin-uploads/seeder/fdc260d55f9159b7f6c5c3e64b2653e0f095fc2a8b568370b66d1107caf787f3.webp","fdc260d55f9159b7f6c5c3e64b2653e0f095fc2a8b568370b66d1107caf787f3","8526230101050303","CC BY-SA 3.0","Bùi Thụy Đào Nguyên","https://creativecommons.org/licenses/by-sa/3.0","2026-10-05T15:36:24.958Z"
"aeebfc03-5ba9-50ca-860e-9a3c11d43b1b","real-place:https://vi.wikipedia.org/wiki/Nh%C3%A0_th%E1%BB%9D_ch%C3%ADnh_t%C3%B2a_Kon_Tum","https://thumb.wikimedia.org/wikipedia/commons/thumb/d/dd/Nh%C3%A0_th%E1%BB%9D_g%E1%BB%97_Kon_Tum.jpg/1920px-Nh%C3%A0_th%E1%BB%9D_g%E1%BB%97_Kon_Tum.jpg?utm_source=commons.wikimedia.org&utm_campaign=imageinfo&utm_content=thumbnail","https://commons.wikimedia.org/wiki/File:Nh%C3%A0_th%E1%BB%9D_g%E1%BB%97_Kon_Tum.jpg","https://res.cloudinary.com/p1kxfhlw/image/upload/v1791214591/admin-uploads/seeder/4553148f084711f776df4d81d4005eacfdb336105ef5731e0776b8923d891dd4.webp","4553148f084711f776df4d81d4005eacfdb336105ef5731e0776b8923d891dd4","05262727b386a607","CC BY-SA 4.0","Bùi Thụy Đào Nguyên","https://creativecommons.org/licenses/by-sa/4.0","2026-10-05T15:36:33.463Z"
"dcdd2bcb-5767-5aa9-8362-95ebdccb3d8b","real-place:https://vi.wikipedia.org/wiki/M%C4%83ng_%C4%90en","https://thumb.wikimedia.org/wikipedia/commons/thumb/d/d9/Pa_S%C4%A9_Waterfall%2C_Mang_Den_Vietnam.jpg/1920px-Pa_S%C4%A9_Waterfall%2C_Mang_Den_Vietnam.jpg?utm_source=commons.wikimedia.org&utm_campaign=imageinfo&utm_content=thumbnail","https://commons.wikimedia.org/wiki/File:Pa_S%C4%A9_Waterfall,_Mang_Den_Vietnam.jpg","https://res.cloudinary.com/p1kxfhlw/image/upload/v1791214593/admin-uploads/seeder/3770a2b3bc23ae53624f5ef0b3709812c897404f7de79fe5486cc56ae5ce2be6.webp","3770a2b3bc23ae53624f5ef0b3709812c897404f7de79fe5486cc56ae5ce2be6","8e0f4f1f0e0d2c0c","CC BY-SA 3.0","Weendang","https://creativecommons.org/licenses/by-sa/3.0","2026-10-05T15:36:34.812Z"
"455dafa2-1e4f-5819-8f63-4a47921ad02e","real-place:https://vi.wikipedia.org/wiki/Khu_ch%E1%BB%A9ng_t%C3%ADch_S%C6%A1n_M%E1%BB%B9","https://thumb.wikimedia.org/wikipedia/commons/thumb/8/89/Monument_of_the_My_Lai_Massacre_%282%29.jpg/1920px-Monument_of_the_My_Lai_Massacre_%282%29.jpg?utm_source=commons.wikimedia.org&utm_campaign=imageinfo&utm_content=thumbnail","https://commons.wikimedia.org/wiki/File:Monument_of_the_My_Lai_Massacre_(2).jpg","https://res.cloudinary.com/p1kxfhlw/image/upload/v1791214594/admin-uploads/seeder/9f37e0c7c2d90bf2377d016f81e3aac6b8311f9b7ef7eb2517e3bd248dfab866.webp","9f37e0c7c2d90bf2377d016f81e3aac6b8311f9b7ef7eb2517e3bd248dfab866","433735bd8c0d130f","CC BY 2.0","-JvL- from Netherlands","https://creativecommons.org/licenses/by/2.0","2026-10-05T15:36:36.004Z"
"455dafa2-1e4f-5819-8f63-4a47921ad02e","real-place:https://vi.wikipedia.org/wiki/Khu_ch%E1%BB%A9ng_t%C3%ADch_S%C6%A1n_M%E1%BB%B9","https://thumb.wikimedia.org/wikipedia/commons/thumb/3/3d/Co_Luy_-_My_Lai_Massacre_Village_-_Vietnam_-_Monument_1.JPG/1920px-Co_Luy_-_My_Lai_Massacre_Village_-_Vietnam_-_Monument_1.JPG?utm_source=commons.wikimedia.org&utm_campaign=imageinfo&utm_content=thumbnail","https://commons.wikimedia.org/wiki/File:Co_Luy_-_My_Lai_Massacre_Village_-_Vietnam_-_Monument_1.JPG","https://res.cloudinary.com/p1kxfhlw/image/upload/v1791214603/admin-uploads/seeder/10930900b5ae6824f54a09fbb9f2647a799dafc9e497b8e84d02a1935a80005b.webp","10930900b5ae6824f54a09fbb9f2647a799dafc9e497b8e84d02a1935a80005b","e78c8cc9c5cc6c1e","CC BY-SA 3.0","Adam Jones Adam63","https://creativecommons.org/licenses/by-sa/3.0","2026-10-05T15:36:45.315Z"
"455dafa2-1e4f-5819-8f63-4a47921ad02e","real-place:https://vi.wikipedia.org/wiki/Khu_ch%E1%BB%A9ng_t%C3%ADch_S%C6%A1n_M%E1%BB%B9","https://thumb.wikimedia.org/wikipedia/commons/thumb/8/88/My_Lai_Memorial_Site_-_Vietnam_-_12_Victims.JPG/1920px-My_Lai_Memorial_Site_-_Vietnam_-_12_Victims.JPG?utm_source=commons.wikimedia.org&utm_campaign=imageinfo&utm_content=thumbnail","https://commons.wikimedia.org/wiki/File:My_Lai_Memorial_Site_-_Vietnam_-_12_Victims.JPG","https://res.cloudinary.com/p1kxfhlw/image/upload/v1791214612/admin-uploads/seeder/3b54f0180ee5d24f626416a2f313174cface831a3e0e5e1749af26436298d1bb.webp","3b54f0180ee5d24f626416a2f313174cface831a3e0e5e1749af26436298d1bb","d6f3e52c0ce13c3e","CC BY-SA 3.0","Adam Jones Adam63","https://creativecommons.org/licenses/by-sa/3.0","2026-10-05T15:36:53.627Z"
"65261ed7-84af-5785-8a23-3dd9e43661f2","real-place:https://vi.wikipedia.org/wiki/L%C3%BD_S%C6%A1n","https://thumb.wikimedia.org/wikipedia/commons/thumb/d/dd/C%E1%BB%95ng_ch%C3%A0o_tr%C3%AAn_Huy%E1%BB%87n_%C4%90%E1%BA%A3o_L%C3%BD_S%C6%A1n_-_Qu%E1%BA%A3ng_Ng%C3%A3i.jpg/1920px-C%E1%BB%95ng_ch%C3%A0o_tr%C3%AAn_Huy%E1%BB%87n_%C4%90%E1%BA%A3o_L%C3%BD_S%C6%A1n_-_Qu%E1%BA%A3ng_Ng%C3%A3i.jpg?utm_source=commons.wikimedia.org&utm_campaign=imageinfo&utm_content=thumbnail","https://commons.wikimedia.org/wiki/File:C%E1%BB%95ng_ch%C3%A0o_tr%C3%AAn_Huy%E1%BB%87n_%C4%90%E1%BA%A3o_L%C3%BD_S%C6%A1n_-_Qu%E1%BA%A3ng_Ng%C3%A3i.jpg","https://res.cloudinary.com/p1kxfhlw/image/upload/v1791214599/admin-uploads/seeder/bb873a226a432a042a209bec250673f8495091391b007379bcbdbc3afc2814d1.webp","bb873a226a432a042a209bec250673f8495091391b007379bcbdbc3afc2814d1","d6958d37b6128ca5","CC BY-SA 4.0","VuTuanHung1804","https://creativecommons.org/licenses/by-sa/4.0","2026-10-05T15:36:40.291Z"
"65261ed7-84af-5785-8a23-3dd9e43661f2","real-place:https://vi.wikipedia.org/wiki/L%C3%BD_S%C6%A1n","https://upload.wikimedia.org/wikipedia/commons/e/ef/Ly_Son3.jpg?utm_source=commons.wikimedia.org&utm_campaign=imageinfo&utm_content=thumbnail_unscaled","https://commons.wikimedia.org/wiki/File:Ly_Son3.jpg","https://res.cloudinary.com/p1kxfhlw/image/upload/v1791214604/admin-uploads/seeder/82c2c8dc1af234d59fc9a4488c17b56e2deb524b69d88b5b291489294b24159a.webp","82c2c8dc1af234d59fc9a4488c17b56e2deb524b69d88b5b291489294b24159a","058a93fc38a5e0d0","CC BY-SA 3.0","BertholdD","https://creativecommons.org/licenses/by-sa/3.0","2026-10-05T15:36:45.847Z"
"65261ed7-84af-5785-8a23-3dd9e43661f2","real-place:https://vi.wikipedia.org/wiki/L%C3%BD_S%C6%A1n","https://thumb.wikimedia.org/wikipedia/commons/thumb/0/0e/B%C3%A3i_t%E1%BA%AFm_%C4%91%E1%BA%A3o_b%C3%A9_L%C3%BD_S%C6%A1n.jpg/1920px-B%C3%A3i_t%E1%BA%AFm_%C4%91%E1%BA%A3o_b%C3%A9_L%C3%BD_S%C6%A1n.jpg?utm_source=commons.wikimedia.org&utm_campaign=imageinfo&utm_content=thumbnail","https://commons.wikimedia.org/wiki/File:B%C3%A3i_t%E1%BA%AFm_%C4%91%E1%BA%A3o_b%C3%A9_L%C3%BD_S%C6%A1n.jpg","https://res.cloudinary.com/p1kxfhlw/image/upload/v1791214613/admin-uploads/seeder/e51a2ce286194186803dea9f61f36b905f61254b680532fd430ee45e8e6009d7.webp","e51a2ce286194186803dea9f61f36b905f61254b680532fd430ee45e8e6009d7","1b0526121f983e0c","CC BY-SA 4.0","Đôi Ta Đi","https://creativecommons.org/licenses/by-sa/4.0","2026-10-05T15:36:54.596Z"
"f3400f97-f5a1-51e3-8771-45ffdfaee4f8","real-place:https://vi.wikipedia.org/wiki/H%E1%BB%93_N%C3%BAi_C%E1%BB%91c","https://thumb.wikimedia.org/wikipedia/commons/thumb/e/e2/Nui_Coc_Lake1.jpg/1920px-Nui_Coc_Lake1.jpg?utm_source=commons.wikimedia.org&utm_campaign=imageinfo&utm_content=thumbnail","https://commons.wikimedia.org/wiki/File:Nui_Coc_Lake1.jpg","https://res.cloudinary.com/p1kxfhlw/image/upload/v1791214601/admin-uploads/seeder/35755c015d236fb479734df20c768f08a3fa262edd3a47465667dbb83e5f77c2.webp","35755c015d236fb479734df20c768f08a3fa262edd3a47465667dbb83e5f77c2","0000002321000000","CC BY-SA 3.0","Khanhlinh061288","https://creativecommons.org/licenses/by-sa/3.0","2026-10-05T15:36:43.310Z"
"f3400f97-f5a1-51e3-8771-45ffdfaee4f8","real-place:https://vi.wikipedia.org/wiki/H%E1%BB%93_N%C3%BAi_C%E1%BB%91c","https://thumb.wikimedia.org/wikipedia/commons/thumb/f/ff/Nui_Coc_Lake5.jpg/1920px-Nui_Coc_Lake5.jpg?utm_source=commons.wikimedia.org&utm_campaign=imageinfo&utm_content=thumbnail","https://commons.wikimedia.org/wiki/File:Nui_Coc_Lake5.jpg","https://res.cloudinary.com/p1kxfhlw/image/upload/v1791214608/admin-uploads/seeder/477e116017d490c2e0b76b4caa48b02f0e35999a3a84528cff01c0b03cbd3173.webp","477e116017d490c2e0b76b4caa48b02f0e35999a3a84528cff01c0b03cbd3173","3e7e3f9fcf5b7f6d","CC BY-SA 3.0","Khanhlinh061288","https://creativecommons.org/licenses/by-sa/3.0","2026-10-05T15:36:49.593Z"
"f3400f97-f5a1-51e3-8771-45ffdfaee4f8","real-place:https://vi.wikipedia.org/wiki/H%E1%BB%93_N%C3%BAi_C%E1%BB%91c","https://thumb.wikimedia.org/wikipedia/commons/thumb/3/39/H%E1%BB%93_N%C3%BAi_C%E1%BB%91c_01.JPG/1920px-H%E1%BB%93_N%C3%BAi_C%E1%BB%91c_01.JPG?utm_source=commons.wikimedia.org&utm_campaign=imageinfo&utm_content=thumbnail","https://commons.wikimedia.org/wiki/File:H%E1%BB%93_N%C3%BAi_C%E1%BB%91c_01.JPG","https://res.cloudinary.com/p1kxfhlw/image/upload/v1791214618/admin-uploads/seeder/765f765a8a85a79f20cd2b55068428c544a558d7db76409df8cd07cfdca7c0a7.webp","765f765a8a85a79f20cd2b55068428c544a558d7db76409df8cd07cfdca7c0a7","0101070701010101","CC BY-SA 3.0","Nguyễn Thanh Quang","https://creativecommons.org/licenses/by-sa/3.0","2026-10-05T15:37:00.025Z"
"80946808-b2fc-5545-890b-02499c26e38c","real-place:https://vi.wikipedia.org/wiki/H%E1%BB%93_D%E1%BA%A7u_Ti%E1%BA%BFng","https://thumb.wikimedia.org/wikipedia/commons/thumb/8/8f/Dau_Tieng_Lake_-_50767513742.png/1920px-Dau_Tieng_Lake_-_50767513742.png?utm_source=commons.wikimedia.org&utm_campaign=imageinfo&utm_content=thumbnail","https://commons.wikimedia.org/wiki/File:Dau_Tieng_Lake_-_50767513742.png","https://res.cloudinary.com/p1kxfhlw/image/upload/v1791214622/admin-uploads/seeder/19e6096b4f4d6a6f159088ef458e1672c78f698592ec04c979cb76879f804485.webp","19e6096b4f4d6a6f159088ef458e1672c78f698592ec04c979cb76879f804485","fd1fd6363a76929a","Public domain","Cuong Tran","","2026-10-05T15:37:04.011Z"
"80946808-b2fc-5545-890b-02499c26e38c","real-place:https://vi.wikipedia.org/wiki/H%E1%BB%93_D%E1%BA%A7u_Ti%E1%BA%BFng","https://thumb.wikimedia.org/wikipedia/commons/thumb/a/ae/Dau_Tieng_Lake_-_50766650163.png/1920px-Dau_Tieng_Lake_-_50766650163.png?utm_source=commons.wikimedia.org&utm_campaign=imageinfo&utm_content=thumbnail","https://commons.wikimedia.org/wiki/File:Dau_Tieng_Lake_-_50766650163.png","https://res.cloudinary.com/p1kxfhlw/image/upload/v1791214630/admin-uploads/seeder/023657eed211d01440e22de201b4282098b043f689641711b1b2b9a6748f02ed.webp","023657eed211d01440e22de201b4282098b043f689641711b1b2b9a6748f02ed","63befff83afbffff","Public domain","Cuong Tran","","2026-10-05T15:37:11.495Z"
"80946808-b2fc-5545-890b-02499c26e38c","real-place:https://vi.wikipedia.org/wiki/H%E1%BB%93_D%E1%BA%A7u_Ti%E1%BA%BFng","https://thumb.wikimedia.org/wikipedia/commons/thumb/d/de/Dau_Tieng_Lake_-_50766648278.png/1920px-Dau_Tieng_Lake_-_50766648278.png?utm_source=commons.wikimedia.org&utm_campaign=imageinfo&utm_content=thumbnail","https://commons.wikimedia.org/wiki/File:Dau_Tieng_Lake_-_50766648278.png","https://res.cloudinary.com/p1kxfhlw/image/upload/v1791214640/admin-uploads/seeder/94b672d75dd4fdc7e50e5ac61268991f110a147166c0fa0ab15b3e993e16b29f.webp","94b672d75dd4fdc7e50e5ac61268991f110a147166c0fa0ab15b3e993e16b29f","0f6b1b0b6b2f0d28","Public domain","Cuong Tran","","2026-10-05T15:37:21.489Z"
"78d52f58-08bd-5997-884b-ae8ef4121af2","real-place:https://vi.wikipedia.org/wiki/C%E1%BB%99t_c%E1%BB%9D_L%C5%A9ng_C%C3%BA","https://thumb.wikimedia.org/wikipedia/commons/thumb/2/20/C%E1%BB%99t_c%E1%BB%9D_L%C5%A9ng_C%C3%BA.JPG/1920px-C%E1%BB%99t_c%E1%BB%9D_L%C5%A9ng_C%C3%BA.JPG?utm_source=commons.wikimedia.org&utm_campaign=imageinfo&utm_content=thumbnail","https://commons.wikimedia.org/wiki/File:C%E1%BB%99t_c%E1%BB%9D_L%C5%A9ng_C%C3%BA.JPG","https://res.cloudinary.com/p1kxfhlw/image/upload/v1791214625/admin-uploads/seeder/4ea5ed1207d96c4fcfeed2a09950fe18c15e43b21a4e4f5288b6c2b024ea3cf9.webp","4ea5ed1207d96c4fcfeed2a09950fe18c15e43b21a4e4f5288b6c2b024ea3cf9","cc30da9b7afccea7","Public domain","Leminhel at Vietnamese Wikipedia","","2026-10-05T15:37:06.770Z"
"f1daf1ab-0619-535e-849e-90ad855b1d6c","real-place:https://vi.wikipedia.org/wiki/%C4%90%C3%A8o_M%C3%A3_P%C3%AD_L%C3%A8ng","https://upload.wikimedia.org/wikipedia/commons/2/2f/%C4%90%C3%A8o_M%C3%A3_P%C3%AC_L%C3%A8ng.jpg?utm_source=commons.wikimedia.org&utm_campaign=imageinfo&utm_content=thumbnail_unscaled","https://commons.wikimedia.org/wiki/File:%C4%90%C3%A8o_M%C3%A3_P%C3%AC_L%C3%A8ng.jpg","https://res.cloudinary.com/p1kxfhlw/image/upload/v1791214625/admin-uploads/seeder/92478ae468264f1caa1c810492ece4fc924fc8a8b936812e6bb97d7b440b8a62.webp","92478ae468264f1caa1c810492ece4fc924fc8a8b936812e6bb97d7b440b8a62","7f3b3bf9a364c443","CC BY 2.0","haithanh","https://creativecommons.org/licenses/by/2.0","2026-10-05T15:37:06.243Z"
"1a682a85-57f5-5bb1-8aac-69dabe282209","real-place:https://vi.wikipedia.org/wiki/Pu_Ta_Leng","https://upload.wikimedia.org/wikipedia/commons/1/1d/Putaleng_summit.jpg?utm_source=commons.wikimedia.org&utm_campaign=imageinfo&utm_content=thumbnail_unscaled","https://commons.wikimedia.org/wiki/File:Putaleng_summit.jpg","https://res.cloudinary.com/p1kxfhlw/image/upload/v1791214630/admin-uploads/seeder/db0f61865228832e1a47f56e1a1a59432eedb6dcefdd36acf99efaf85205554d.webp","db0f61865228832e1a47f56e1a1a59432eedb6dcefdd36acf99efaf85205554d","60644c8d9e2f6fcb","CC BY-SA 4.0","NKSTTSSHNVN","https://creativecommons.org/licenses/by-sa/4.0","2026-10-05T15:37:11.906Z"
"38afc048-d322-5605-8751-1673bedf81a3","real-place:https://vi.wikipedia.org/wiki/Pu_Si_Lung","https://upload.wikimedia.org/wikipedia/commons/6/66/Pusilung_summit.jpg?utm_source=commons.wikimedia.org&utm_campaign=imageinfo&utm_content=thumbnail_unscaled","https://commons.wikimedia.org/wiki/File:Pusilung_summit.jpg","https://res.cloudinary.com/p1kxfhlw/image/upload/v1791214639/admin-uploads/seeder/d1bc98ed312b2bcc0eab9a98d918948f01b22414b3d32652b7e9ead34e7810c4.webp","d1bc98ed312b2bcc0eab9a98d918948f01b22414b3d32652b7e9ead34e7810c4","0b2b2523630d8dc8","CC BY-SA 4.0","NKSTTSSHNVN","https://creativecommons.org/licenses/by-sa/4.0","2026-10-05T15:37:20.131Z"
"6b8c831b-ee9b-5510-8bbe-cfa41c582013","real-place:https://vi.wikipedia.org/wiki/M%E1%BA%ABu_S%C6%A1n","https://thumb.wikimedia.org/wikipedia/commons/thumb/d/d2/Mau_Son.JPG/1920px-Mau_Son.JPG?utm_source=commons.wikimedia.org&utm_campaign=imageinfo&utm_content=thumbnail","https://commons.wikimedia.org/wiki/File:Mau_Son.JPG","https://res.cloudinary.com/p1kxfhlw/image/upload/v1791214642/admin-uploads/seeder/b253dd865a969313afd70c2faef65717345d344df9fb22ffc794c33c8ef4765a.webp","b253dd865a969313afd70c2faef65717345d344df9fb22ffc794c33c8ef4765a","0f31cefed1998f63","Public domain","Viethavvh at vi.wikipedia","","2026-10-05T15:37:23.750Z"
"6b8c831b-ee9b-5510-8bbe-cfa41c582013","real-place:https://vi.wikipedia.org/wiki/M%E1%BA%ABu_S%C6%A1n","https://thumb.wikimedia.org/wikipedia/commons/thumb/0/01/Mau_Son_road.JPG/1920px-Mau_Son_road.JPG?utm_source=commons.wikimedia.org&utm_campaign=imageinfo&utm_content=thumbnail","https://commons.wikimedia.org/wiki/File:Mau_Son_road.JPG","https://res.cloudinary.com/p1kxfhlw/image/upload/v1791214649/admin-uploads/seeder/1f03629450fa9096a553dab08d2c5d03906f61e3e59e3fe0fe92e0a55005ce78.webp","1f03629450fa9096a553dab08d2c5d03906f61e3e59e3fe0fe92e0a55005ce78","0307ccc841030398","Public domain","Viethavvh at vi.wikipedia","","2026-10-05T15:37:31.383Z"
"ad86e118-a1ca-5a90-81fb-2c2a918a302f","real-place:https://vi.wikipedia.org/wiki/V%C6%B0%E1%BB%9Dn_qu%E1%BB%91c_gia_C%C3%A1t_B%C3%A0","https://upload.wikimedia.org/wikipedia/commons/b/b6/Cat_Ba_national_park.JPG?utm_source=commons.wikimedia.org&utm_campaign=imageinfo&utm_content=thumbnail_unscaled","https://commons.wikimedia.org/wiki/File:Cat_Ba_national_park.JPG","https://res.cloudinary.com/p1kxfhlw/image/upload/v1791214643/admin-uploads/seeder/07394011efb5519a135055f2808b34c6a988927007db8238c8454d0b3693a383.webp","07394011efb5519a135055f2808b34c6a988927007db8238c8454d0b3693a383","00f9980900219182","Public domain","Binh Giang","","2026-10-05T15:37:24.464Z"
"ad86e118-a1ca-5a90-81fb-2c2a918a302f","real-place:https://vi.wikipedia.org/wiki/V%C6%B0%E1%BB%9Dn_qu%E1%BB%91c_gia_C%C3%A1t_B%C3%A0","https://thumb.wikimedia.org/wikipedia/commons/thumb/4/4d/C%C3%A1t_b%C3%A01.JPG/1920px-C%C3%A1t_b%C3%A01.JPG?utm_source=commons.wikimedia.org&utm_campaign=imageinfo&utm_content=thumbnail","https://commons.wikimedia.org/wiki/File:C%C3%A1t_b%C3%A01.JPG","https://res.cloudinary.com/p1kxfhlw/image/upload/v1791214655/admin-uploads/seeder/a001515eded4b438cc4d80f7208d30bbf6bf6cbf1428917d84b6a231e6552bfd.webp","a001515eded4b438cc4d80f7208d30bbf6bf6cbf1428917d84b6a231e6552bfd","1f1f5959dcdc5139","CC BY 3.0","Gió Đông","https://creativecommons.org/licenses/by/3.0","2026-10-05T15:37:37.069Z"
"ad86e118-a1ca-5a90-81fb-2c2a918a302f","real-place:https://vi.wikipedia.org/wiki/V%C6%B0%E1%BB%9Dn_qu%E1%BB%91c_gia_C%C3%A1t_B%C3%A0","https://thumb.wikimedia.org/wikipedia/commons/thumb/3/35/Rung_QG_Cat_Ba.jpg/1920px-Rung_QG_Cat_Ba.jpg?utm_source=commons.wikimedia.org&utm_campaign=imageinfo&utm_content=thumbnail","https://commons.wikimedia.org/wiki/File:Rung_QG_Cat_Ba.jpg","https://res.cloudinary.com/p1kxfhlw/image/upload/v1791214666/admin-uploads/seeder/2dd89c4f544e040531c535e346fe9f5e1a0e5004e1a32a2b66b4198db1afa9ad.webp","2dd89c4f544e040531c535e346fe9f5e1a0e5004e1a32a2b66b4198db1afa9ad","1f1d15171d1f1f1f","Public domain","Viethavvh at vi.wikipedia","","2026-10-05T15:37:48.497Z"
"a6c3b93a-d940-519a-849f-3012dc163c6f","real-place:https://vi.wikipedia.org/wiki/S%C3%B4ng_B%E1%BA%A1ch_%C4%90%E1%BA%B1ng","https://thumb.wikimedia.org/wikipedia/commons/thumb/7/7d/Cua_song_Bach_Dang.JPG/1920px-Cua_song_Bach_Dang.JPG?utm_source=commons.wikimedia.org&utm_campaign=imageinfo&utm_content=thumbnail","https://commons.wikimedia.org/wiki/File:Cua_song_Bach_Dang.JPG","https://res.cloudinary.com/p1kxfhlw/image/upload/v1791214645/admin-uploads/seeder/4b5eb4db0823727be1573be5525b16fee000425a07502f3b1588a98c36f11c69.webp","4b5eb4db0823727be1573be5525b16fee000425a07502f3b1588a98c36f11c69","1f0e0c35074c0c07","Public domain","Viethavvh at vi.wikipedia","","2026-10-05T15:37:27.041Z"
"a6c3b93a-d940-519a-849f-3012dc163c6f","real-place:https://vi.wikipedia.org/wiki/S%C3%B4ng_B%E1%BA%A1ch_%C4%90%E1%BA%B1ng","https://upload.wikimedia.org/wikipedia/commons/1/1a/B%E1%BA%A1ch_%C4%90%E1%BA%B1ng_Giang_chi_chi%E1%BA%BFn_%28938%29.jpg?utm_source=commons.wikimedia.org&utm_campaign=imageinfo&utm_content=thumbnail_unscaled","https://commons.wikimedia.org/wiki/File:B%E1%BA%A1ch_%C4%90%E1%BA%B1ng_Giang_chi_chi%E1%BA%BFn_(938).jpg","https://res.cloudinary.com/p1kxfhlw/image/upload/v1791214652/admin-uploads/seeder/46d333e5bfee0785f330ad79e4ec25052071ef41a5da079521d6b88c0aa17657.webp","46d333e5bfee0785f330ad79e4ec25052071ef41a5da079521d6b88c0aa17657","1f310d695f270f0f","Public domain","Kinh nghiệm - bán không ai mua, mua không ai bán ( thảo luận )","","2026-10-05T15:37:33.779Z"
"a6c3b93a-d940-519a-849f-3012dc163c6f","real-place:https://vi.wikipedia.org/wiki/S%C3%B4ng_B%E1%BA%A1ch_%C4%90%E1%BA%B1ng","https://upload.wikimedia.org/wikipedia/commons/4/49/C%E1%BB%8Dc_B%E1%BA%A1ch_%C4%90%E1%BA%B1ng.jpg?utm_source=commons.wikimedia.org&utm_campaign=imageinfo&utm_content=thumbnail_unscaled","https://commons.wikimedia.org/wiki/File:C%E1%BB%8Dc_B%E1%BA%A1ch_%C4%90%E1%BA%B1ng.jpg","https://res.cloudinary.com/p1kxfhlw/image/upload/v1791214658/admin-uploads/seeder/84ac245863f5223c61eca5b90466208ac3b083d5b0ee6cade338ce72f3daec95.webp","84ac245863f5223c61eca5b90466208ac3b083d5b0ee6cade338ce72f3daec95","b3db6b6aa2b1b5b0","CC BY-SA 3.0","Bùi Thụy Đào Nguyên","https://creativecommons.org/licenses/by-sa/3.0","2026-10-05T15:37:39.609Z"
"01025e85-22ec-5830-8287-64f3d821e51c","real-place:https://vi.wikipedia.org/wiki/Ch%C3%B9a_Keo_Th%C3%A1i_B%C3%ACnh","https://upload.wikimedia.org/wikipedia/commons/f/fb/Chuakeothaibinh.jpg?utm_source=commons.wikimedia.org&utm_campaign=imageinfo&utm_content=thumbnail_unscaled","https://commons.wikimedia.org/wiki/File:Chuakeothaibinh.jpg","https://res.cloudinary.com/p1kxfhlw/image/upload/v1791214656/admin-uploads/seeder/7ed1d88106f5f5e41577eed9f93f052f0573dc413336cf6b9e67b60da4becf35.webp","7ed1d88106f5f5e41577eed9f93f052f0573dc413336cf6b9e67b60da4becf35","8f93f37919d39e89","CC BY 3.0","Casablanca1911","https://creativecommons.org/licenses/by/3.0","2026-10-05T15:37:37.693Z"
"742d979c-db93-5a6c-8187-95e4b4430a16","real-place:https://vi.wikipedia.org/wiki/V%C4%83n_mi%E1%BA%BFu_X%C3%ADch_%C4%90%E1%BA%B1ng","https://thumb.wikimedia.org/wikipedia/commons/thumb/0/08/V%C4%83n_mi%E1%BA%BFu_X%C3%ADch_%C4%90%E1%BA%B1ng_02.JPG/1920px-V%C4%83n_mi%E1%BA%BFu_X%C3%ADch_%C4%90%E1%BA%B1ng_02.JPG?utm_source=commons.wikimedia.org&utm_campaign=imageinfo&utm_content=thumbnail","https://commons.wikimedia.org/wiki/File:V%C4%83n_mi%E1%BA%BFu_X%C3%ADch_%C4%90%E1%BA%B1ng_02.JPG","https://res.cloudinary.com/p1kxfhlw/image/upload/v1791214666/admin-uploads/seeder/1cb8679cb9d4d1c2eb0a59da4c6a6417c88fefb4cde0997ce49f37c142ab57b7.webp","1cb8679cb9d4d1c2eb0a59da4c6a6417c88fefb4cde0997ce49f37c142ab57b7","3034100b17529213","CC BY-SA 3.0","Nguyễn Thanh Quang","https://creativecommons.org/licenses/by-sa/3.0","2026-10-05T15:37:47.388Z"
"742d979c-db93-5a6c-8187-95e4b4430a16","real-place:https://vi.wikipedia.org/wiki/V%C4%83n_mi%E1%BA%BFu_X%C3%ADch_%C4%90%E1%BA%B1ng","https://thumb.wikimedia.org/wikipedia/commons/thumb/a/af/V%C4%83n_mi%E1%BA%BFu_X%C3%ADch_%C4%90%E1%BA%B1ng_03.JPG/1920px-V%C4%83n_mi%E1%BA%BFu_X%C3%ADch_%C4%90%E1%BA%B1ng_03.JPG?utm_source=commons.wikimedia.org&utm_campaign=imageinfo&utm_content=thumbnail","https://commons.wikimedia.org/wiki/File:V%C4%83n_mi%E1%BA%BFu_X%C3%ADch_%C4%90%E1%BA%B1ng_03.JPG","https://res.cloudinary.com/p1kxfhlw/image/upload/v1791214675/admin-uploads/seeder/91faa24b1bf32d0f31f04955dcbb4ddae40c53103405cb56f0f401dac6644a4b.webp","91faa24b1bf32d0f31f04955dcbb4ddae40c53103405cb56f0f401dac6644a4b","97071f2f464e4607","CC BY-SA 3.0","Nguyễn Thanh Quang","https://creativecommons.org/licenses/by-sa/3.0","2026-10-05T15:37:56.357Z"
"742d979c-db93-5a6c-8187-95e4b4430a16","real-place:https://vi.wikipedia.org/wiki/V%C4%83n_mi%E1%BA%BFu_X%C3%ADch_%C4%90%E1%BA%B1ng","https://thumb.wikimedia.org/wikipedia/commons/thumb/9/9b/V%C4%83n_mi%E1%BA%BFu_X%C3%ADch_%C4%90%E1%BA%B1ng_04.JPG/1920px-V%C4%83n_mi%E1%BA%BFu_X%C3%ADch_%C4%90%E1%BA%B1ng_04.JPG?utm_source=commons.wikimedia.org&utm_campaign=imageinfo&utm_content=thumbnail","https://commons.wikimedia.org/wiki/File:V%C4%83n_mi%E1%BA%BFu_X%C3%ADch_%C4%90%E1%BA%B1ng_04.JPG","https://res.cloudinary.com/p1kxfhlw/image/upload/v1791214684/admin-uploads/seeder/4cc28a835af2f1d7db11fafc46f025d2fb2816c3877a03f650d2c0f77eeb891f.webp","4cc28a835af2f1d7db11fafc46f025d2fb2816c3877a03f650d2c0f77eeb891f","70b2b696aad4860b","CC BY-SA 3.0","Nguyễn Thanh Quang","https://creativecommons.org/licenses/by-sa/3.0","2026-10-05T15:38:06.187Z"
"dd11d7e1-d4f5-57f9-8d61-db8860237bb8","real-place:https://vi.wikipedia.org/wiki/Ph%E1%BB%91_Hi%E1%BA%BFn","https://upload.wikimedia.org/wikipedia/commons/f/fd/Ph%C6%B0%E1%BB%9Dng_Ph%E1%BB%91_Hi%E1%BA%BFn.jpg?utm_source=commons.wikimedia.org&utm_campaign=imageinfo&utm_content=thumbnail_unscaled","https://commons.wikimedia.org/wiki/File:Ph%C6%B0%E1%BB%9Dng_Ph%E1%BB%91_Hi%E1%BA%BFn.jpg","https://res.cloudinary.com/p1kxfhlw/image/upload/v1791214664/admin-uploads/seeder/c7c96002c0093ef4fdc8425a4dd8aaef27358deca032eef282d3c257802a6bc4.webp","c7c96002c0093ef4fdc8425a4dd8aaef27358deca032eef282d3c257802a6bc4","0f6c9e492c99a1b5","CC BY 3.0","Hoàng Huy","https://creativecommons.org/licenses/by/3.0","2026-10-05T15:37:46.996Z"
"8377d4e4-df98-5157-86a2-41b326631499","real-place:https://vi.wikipedia.org/wiki/Th%C3%A0nh_nh%C3%A0_H%E1%BB%93","https://thumb.wikimedia.org/wikipedia/commons/thumb/a/ab/C%E1%BB%95ng_Nam.jpg/1920px-C%E1%BB%95ng_Nam.jpg?utm_source=commons.wikimedia.org&utm_campaign=imageinfo&utm_content=thumbnail","https://commons.wikimedia.org/wiki/File:C%E1%BB%95ng_Nam.jpg","https://res.cloudinary.com/p1kxfhlw/image/upload/v1791214672/admin-uploads/seeder/b237513dbe336d523fadc046c44de9e11cea9372074b29e43d9814ab4dcddd6b.webp","b237513dbe336d523fadc046c44de9e11cea9372074b29e43d9814ab4dcddd6b","0b2351eccc0f0707","CC BY-SA 3.0","Cổng Nam Thành Nhà Hồ","https://creativecommons.org/licenses/by-sa/3.0","2026-10-05T15:37:53.572Z"
"8377d4e4-df98-5157-86a2-41b326631499","real-place:https://vi.wikipedia.org/wiki/Th%C3%A0nh_nh%C3%A0_H%E1%BB%93","https://thumb.wikimedia.org/wikipedia/commons/thumb/0/06/Ho_dynasty%27s_citadel%2C_Vietnam.jpg/1920px-Ho_dynasty%27s_citadel%2C_Vietnam.jpg?utm_source=commons.wikimedia.org&utm_campaign=imageinfo&utm_content=thumbnail","https://commons.wikimedia.org/wiki/File:Ho_dynasty%27s_citadel,_Vietnam.jpg","https://res.cloudinary.com/p1kxfhlw/image/upload/v1791214679/admin-uploads/seeder/34e4bf201671aa39fa6ffe6cbbf5ee148f81e44bab8a51b08f4057a0c0dc369f.webp","34e4bf201671aa39fa6ffe6cbbf5ee148f81e44bab8a51b08f4057a0c0dc369f","44c09195948e196c","CC BY 2.0","Loi Nguyen Duc","https://creativecommons.org/licenses/by/2.0","2026-10-05T15:38:01.551Z"
"31e35ec4-66e6-5a12-8fe3-a0599a7fd07b","real-place:https://vi.wikipedia.org/wiki/V%C6%B0%E1%BB%9Dn_qu%E1%BB%91c_gia_B%E1%BA%BFn_En","https://upload.wikimedia.org/wikipedia/commons/f/fc/Lake_Song_Muc.jpg?utm_source=commons.wikimedia.org&utm_campaign=imageinfo&utm_content=thumbnail_unscaled","https://commons.wikimedia.org/wiki/File:Lake_Song_Muc.jpg","https://res.cloudinary.com/p1kxfhlw/image/upload/v1791214673/admin-uploads/seeder/05a8f61a54e8e832b3c262b045955dfab9e10518863425895402996315a21d2f.webp","05a8f61a54e8e832b3c262b045955dfab9e10518863425895402996315a21d2f","0001032c20d4dc28","CC0","Hannes Zimmer","http://creativecommons.org/publicdomain/zero/1.0/deed.en","2026-10-05T15:37:54.655Z"
"31e35ec4-66e6-5a12-8fe3-a0599a7fd07b","real-place:https://vi.wikipedia.org/wiki/V%C6%B0%E1%BB%9Dn_qu%E1%BB%91c_gia_B%E1%BA%BFn_En","https://upload.wikimedia.org/wikipedia/commons/2/25/Afternoon_on_lake.jpg?utm_source=commons.wikimedia.org&utm_campaign=imageinfo&utm_content=thumbnail_unscaled","https://commons.wikimedia.org/wiki/File:Afternoon_on_lake.jpg","https://res.cloudinary.com/p1kxfhlw/image/upload/v1791214681/admin-uploads/seeder/bf9556c192b67424a05de21cf48c2a58ea7e5ce5179ac3b69cd8f0eea2453ae4.webp","bf9556c192b67424a05de21cf48c2a58ea7e5ce5179ac3b69cd8f0eea2453ae4","69297bcab2a78dc3","CC BY 2.0","Classic","https://creativecommons.org/licenses/by/2.0","2026-10-05T15:38:02.513Z"
"d8dd6718-4fa6-5a44-823d-4d5e2a49b5b9","real-place:https://vi.wikipedia.org/wiki/P%C3%B9_Lu%C3%B4ng","https://thumb.wikimedia.org/wikipedia/commons/thumb/a/ad/Ru%E1%BB%99ng_b%E1%BA%ADc_thang_P%C3%B9_Lu%C3%B4ng_1_-_NKS.jpg/1920px-Ru%E1%BB%99ng_b%E1%BA%ADc_thang_P%C3%B9_Lu%C3%B4ng_1_-_NKS.jpg?utm_source=commons.wikimedia.org&utm_campaign=imageinfo&utm_content=thumbnail","https://commons.wikimedia.org/wiki/File:Ru%E1%BB%99ng_b%E1%BA%ADc_thang_P%C3%B9_Lu%C3%B4ng_1_-_NKS.jpg","https://res.cloudinary.com/p1kxfhlw/image/upload/v1791214687/admin-uploads/seeder/ddd3cb89bb19504c544f2bf3e16f2859c98f86dbf1be40ed4fc091b43043c536.webp","ddd3cb89bb19504c544f2bf3e16f2859c98f86dbf1be40ed4fc091b43043c536","69c81e9f7a4f4318","CC BY-SA 4.0","NKSTTSSHNVN","https://creativecommons.org/licenses/by-sa/4.0","2026-10-05T15:38:08.935Z"
"b41f3bb7-4d6e-5b7c-8fcb-9226e376f0c3","real-place:https://vi.wikipedia.org/wiki/Lam_Kinh","https://upload.wikimedia.org/wikipedia/commons/5/57/Lam_Kinh.jpg?utm_source=commons.wikimedia.org&utm_campaign=imageinfo&utm_content=thumbnail_unscaled","https://commons.wikimedia.org/wiki/File:Lam_Kinh.jpg","https://res.cloudinary.com/p1kxfhlw/image/upload/v1791214695/admin-uploads/seeder/b6aa6be7419d85931f2bea44099ed125016812d62220e14a783f30bbeafd64ec.webp","b6aa6be7419d85931f2bea44099ed125016812d62220e14a783f30bbeafd64ec","0c5c58bbb43d35bf","CC BY-SA 4.0","Bùi Lê Việt Cường","https://creativecommons.org/licenses/by-sa/4.0","2026-10-05T15:38:15.945Z"
"2fecc2f5-2bff-561b-8ff5-18ca5a53b1b6","real-place:https://vi.wikipedia.org/wiki/V%C6%B0%E1%BB%9Dn_qu%E1%BB%91c_gia_Xu%C3%A2n_S%C6%A1n","https://thumb.wikimedia.org/wikipedia/commons/thumb/0/0d/Xuan_Son_3.jpg/1920px-Xuan_Son_3.jpg?utm_source=commons.wikimedia.org&utm_campaign=imageinfo&utm_content=thumbnail","https://commons.wikimedia.org/wiki/File:Xuan_Son_3.jpg","https://res.cloudinary.com/p1kxfhlw/image/upload/v1791214692/admin-uploads/seeder/e7b56dfd1e3fb038b010ae2699c149efcf672eb7190deaf6686ceb028ad6ef7f.webp","e7b56dfd1e3fb038b010ae2699c149efcf672eb7190deaf6686ceb028ad6ef7f","00034b874d4d4919","Public domain","Viethavvh","","2026-10-05T15:38:14.200Z"
"2eb68855-2bee-5307-8161-bf93dd386ded","real-place:https://vi.wikipedia.org/wiki/H%E1%BB%93_Th%C3%A1c_B%C3%A0","https://upload.wikimedia.org/wikipedia/commons/2/2b/Th%C3%A1c_B%C3%A0_lake.jpg?utm_source=commons.wikimedia.org&utm_campaign=imageinfo&utm_content=thumbnail_unscaled","https://commons.wikimedia.org/wiki/File:Th%C3%A1c_B%C3%A0_lake.jpg","https://res.cloudinary.com/p1kxfhlw/image/upload/v1791214692/admin-uploads/seeder/45c37011e15d15054a8fec42c972ebec277aef29d9d5ac0cb319556d63b6f24a.webp","45c37011e15d15054a8fec42c972ebec277aef29d9d5ac0cb319556d63b6f24a","0d1f8d8d5f5e4cc7","CC BY-SA 4.0","Kiếm Anh","https://creativecommons.org/licenses/by-sa/4.0","2026-10-05T15:38:13.640Z"
"2eb68855-2bee-5307-8161-bf93dd386ded","real-place:https://vi.wikipedia.org/wiki/H%E1%BB%93_Th%C3%A1c_B%C3%A0","https://upload.wikimedia.org/wikipedia/commons/0/0d/Th%C3%A1c_B%C3%A0_lake_-_panorama.jpg?utm_source=commons.wikimedia.org&utm_campaign=imageinfo&utm_content=thumbnail_unscaled","https://commons.wikimedia.org/wiki/File:Th%C3%A1c_B%C3%A0_lake_-_panorama.jpg","https://res.cloudinary.com/p1kxfhlw/image/upload/v1791214696/admin-uploads/seeder/752f8de83dfc2bb78e3ab92be11b04cc5b4e750bfa9acc852f320a43bce6d38f.webp","752f8de83dfc2bb78e3ab92be11b04cc5b4e750bfa9acc852f320a43bce6d38f","6070f4c8e24523a7","CC BY-SA 4.0","Kiếm Anh","https://creativecommons.org/licenses/by-sa/4.0","2026-10-05T15:38:20.079Z"
"d8b8c9e5-47e7-5447-8ce6-72174a2af038","real-place:https://vi.wikipedia.org/wiki/Fansipan","https://thumb.wikimedia.org/wikipedia/commons/thumb/a/a2/Cable_car_station_going_Fansipan.jpg/1920px-Cable_car_station_going_Fansipan.jpg?utm_source=commons.wikimedia.org&utm_campaign=imageinfo&utm_content=thumbnail","https://commons.wikimedia.org/wiki/File:Cable_car_station_going_Fansipan.jpg","https://res.cloudinary.com/p1kxfhlw/image/upload/v1791214702/admin-uploads/seeder/4e00bb7fc74013b81e8e3cb820ba36fac5f97c52608ff2d05fac710db52a524c.webp","4e00bb7fc74013b81e8e3cb820ba36fac5f97c52608ff2d05fac710db52a524c","7f7ffff9b5d9cbd7","CC BY-SA 4.0","Khoitran1957","https://creativecommons.org/licenses/by-sa/4.0","2026-10-05T15:38:23.616Z"
"d8b8c9e5-47e7-5447-8ce6-72174a2af038","real-place:https://vi.wikipedia.org/wiki/Fansipan","https://thumb.wikimedia.org/wikipedia/commons/thumb/4/47/Fansipan-vietnam.jpg/1920px-Fansipan-vietnam.jpg?utm_source=commons.wikimedia.org&utm_campaign=imageinfo&utm_content=thumbnail","https://commons.wikimedia.org/wiki/File:Fansipan-vietnam.jpg","https://res.cloudinary.com/p1kxfhlw/image/upload/v1791214709/admin-uploads/seeder/632478a133eab7aee760defd3a60c06e5defe4ccd5a2a4bdd1e6195595341d6f.webp","632478a133eab7aee760defd3a60c06e5defe4ccd5a2a4bdd1e6195595341d6f","7e2daf7f3d4fd219","CC BY-SA 3.0","Hadzunghiep","https://creativecommons.org/licenses/by-sa/3.0","2026-10-05T15:38:30.587Z"
"d8b8c9e5-47e7-5447-8ce6-72174a2af038","real-place:https://vi.wikipedia.org/wiki/Fansipan","https://thumb.wikimedia.org/wikipedia/commons/thumb/7/71/Fansipan.jpg/1920px-Fansipan.jpg?utm_source=commons.wikimedia.org&utm_campaign=imageinfo&utm_content=thumbnail","https://commons.wikimedia.org/wiki/File:Fansipan.jpg","https://res.cloudinary.com/p1kxfhlw/image/upload/v1791214717/admin-uploads/seeder/09198ac785e81e29e270032efe5b54ca097a2b9c3d7bcabbf625f25e6b837e00.webp","09198ac785e81e29e270032efe5b54ca097a2b9c3d7bcabbf625f25e6b837e00","f819bbf6ffffdcce","CC BY-SA 4.0","Christophe95","https://creativecommons.org/licenses/by-sa/4.0","2026-10-05T15:38:39.116Z"
"0ccdf687-9ad2-5015-8ea6-f9db533050ea","real-place:https://vi.wikipedia.org/wiki/B%E1%BA%A3n_C%C3%A1t_C%C3%A1t","https://thumb.wikimedia.org/wikipedia/commons/thumb/3/36/Trong_b%E1%BA%A3n_C%C3%A1t_C%C3%A1t.png/1920px-Trong_b%E1%BA%A3n_C%C3%A1t_C%C3%A1t.png?utm_source=commons.wikimedia.org&utm_campaign=imageinfo&utm_content=thumbnail","https://commons.wikimedia.org/wiki/File:Trong_b%E1%BA%A3n_C%C3%A1t_C%C3%A1t.png","https://res.cloudinary.com/p1kxfhlw/image/upload/v1791214706/admin-uploads/seeder/cd003f74d83af2933ea5339fc2e5460f2822fa5817f13bc25919c622dbd730a2.webp","cd003f74d83af2933ea5339fc2e5460f2822fa5817f13bc25919c622dbd730a2","13496d67a4a65bd4","CC BY-SA 4.0","Bùi Thụy Đào Nguyên","https://creativecommons.org/licenses/by-sa/4.0","2026-10-05T15:38:28.175Z"
"443a7111-4890-57b4-8813-c57faf929df5","real-place:https://vi.wikipedia.org/wiki/Th%C3%A1p_B%C3%A1nh_%C3%8Dt","https://thumb.wikimedia.org/wikipedia/commons/thumb/6/63/C%E1%BB%A5m_th%C3%A1p_B%C3%A1nh_%C3%8Dt%2C_Tuy_Ph%C6%B0%E1%BB%9Bc%2C_B%C3%ACnh_%C4%90%E1%BB%8Bnh.JPG/1920px-C%E1%BB%A5m_th%C3%A1p_B%C3%A1nh_%C3%8Dt%2C_Tuy_Ph%C6%B0%E1%BB%9Bc%2C_B%C3%ACnh_%C4%90%E1%BB%8Bnh.JPG?utm_source=commons.wikimedia.org&utm_campaign=imageinfo&utm_content=thumbnail","https://commons.wikimedia.org/wiki/File:C%E1%BB%A5m_th%C3%A1p_B%C3%A1nh_%C3%8Dt,_Tuy_Ph%C6%B0%E1%BB%9Bc,_B%C3%ACnh_%C4%90%E1%BB%8Bnh.JPG","https://res.cloudinary.com/p1kxfhlw/image/upload/v1791214707/admin-uploads/seeder/685f56a9d6e5e46245c266b4b23d59abdfb23522144308123afbc0fe58ec0856.webp","685f56a9d6e5e46245c266b4b23d59abdfb23522144308123afbc0fe58ec0856","1d9f87e2330d275b","CC BY-SA 3.0","Dongson*vmvn at Vietnamese Wikipedia","https://creativecommons.org/licenses/by-sa/3.0","2026-10-05T15:38:28.830Z"
"443a7111-4890-57b4-8813-c57faf929df5","real-place:https://vi.wikipedia.org/wiki/Th%C3%A1p_B%C3%A1nh_%C3%8Dt","https://thumb.wikimedia.org/wikipedia/commons/thumb/a/af/0040323_Thap_Banh_It_complex%2C_Nhon_Hoa%2C_Binh_Dinh_Vietnam_001.jpg/1920px-0040323_Thap_Banh_It_complex%2C_Nhon_Hoa%2C_Binh_Dinh_Vietnam_001.jpg?utm_source=commons.wikimedia.org&utm_campaign=imageinfo&utm_content=thumbnail","https://commons.wikimedia.org/wiki/File:0040323_Thap_Banh_It_complex,_Nhon_Hoa,_Binh_Dinh_Vietnam_001.jpg","https://res.cloudinary.com/p1kxfhlw/image/upload/v1791214721/admin-uploads/seeder/ff5c4deff71da01300ced9207165fbcb3d04a498877ac00efde8e7ef571bf3a9.webp","ff5c4deff71da01300ced9207165fbcb3d04a498877ac00efde8e7ef571bf3a9","d0e8e4b45609a5a6","CC0","Ms Sarah Welch","http://creativecommons.org/publicdomain/zero/1.0/deed.en","2026-10-05T15:38:43.155Z"
"c03204f7-d8b5-599c-88a6-9c7376b854c4","real-place:https://vi.wikipedia.org/wiki/G%C3%A0nh_%C4%90%C3%A1_%C4%90%C4%A9a","https://thumb.wikimedia.org/wikipedia/commons/thumb/5/5d/G%C3%A0nh_%C4%90%C3%A1_%C4%90%C4%A9a.jpg/1920px-G%C3%A0nh_%C4%90%C3%A1_%C4%90%C4%A9a.jpg?utm_source=commons.wikimedia.org&utm_campaign=imageinfo&utm_content=thumbnail","https://commons.wikimedia.org/wiki/File:G%C3%A0nh_%C4%90%C3%A1_%C4%90%C4%A9a.jpg","https://res.cloudinary.com/p1kxfhlw/image/upload/v1791214720/admin-uploads/seeder/b15b2d023882c02977758e81b6e4e502aab7b4257385362b9489612f805fc62d.webp","b15b2d023882c02977758e81b6e4e502aab7b4257385362b9489612f805fc62d","798c814818d262a2","CC BY-SA 2.0","Đông Hồ","https://creativecommons.org/licenses/by-sa/2.0","2026-10-05T15:38:42.300Z"
"20a900fe-3309-5d57-8e62-42a2b0320f84","real-place:https://vi.wikipedia.org/wiki/%C4%90%E1%BB%81n_%C4%90%C3%B4","https://thumb.wikimedia.org/wikipedia/commons/thumb/2/21/%C4%90%E1%BB%81n_%C4%90%C3%B4_-_14061132515.jpg/1920px-%C4%90%E1%BB%81n_%C4%90%C3%B4_-_14061132515.jpg?utm_source=commons.wikimedia.org&utm_campaign=imageinfo&utm_content=thumbnail","https://commons.wikimedia.org/wiki/File:%C4%90%E1%BB%81n_%C4%90%C3%B4_-_14061132515.jpg","https://res.cloudinary.com/p1kxfhlw/image/upload/v1791214724/admin-uploads/seeder/d1aa8e93309f367e0ebf41040c4373128917df89024971b76badf41bc0b951c9.webp","d1aa8e93309f367e0ebf41040c4373128917df89024971b76badf41bc0b951c9","3f3f2e2c38343333","CC BY 2.0","Cuong PM","https://creativecommons.org/licenses/by/2.0","2026-10-05T15:38:46.445Z"
"20a900fe-3309-5d57-8e62-42a2b0320f84","real-place:https://vi.wikipedia.org/wiki/%C4%90%E1%BB%81n_%C4%90%C3%B4","https://thumb.wikimedia.org/wikipedia/commons/thumb/d/d0/%C4%90%E1%BB%81n_%C4%90%C3%B4_%C4%90%C3%ACnh_B%E1%BA%A3ng.jpeg/1920px-%C4%90%E1%BB%81n_%C4%90%C3%B4_%C4%90%C3%ACnh_B%E1%BA%A3ng.jpeg?utm_source=commons.wikimedia.org&utm_campaign=imageinfo&utm_content=thumbnail","https://commons.wikimedia.org/wiki/File:%C4%90%E1%BB%81n_%C4%90%C3%B4_%C4%90%C3%ACnh_B%E1%BA%A3ng.jpeg","https://res.cloudinary.com/p1kxfhlw/image/upload/v1791214736/admin-uploads/seeder/2690d16ff17b97ccf43d4eb6e2552b0e62669e916389678be6d04118e0451bda.webp","2690d16ff17b97ccf43d4eb6e2552b0e62669e916389678be6d04118e0451bda","1717c8ccc4458fcc","CC BY-SA 4.0","Truongson78","https://creativecommons.org/licenses/by-sa/4.0","2026-10-05T15:38:57.805Z"
"20a900fe-3309-5d57-8e62-42a2b0320f84","real-place:https://vi.wikipedia.org/wiki/%C4%90%E1%BB%81n_%C4%90%C3%B4","https://thumb.wikimedia.org/wikipedia/commons/thumb/2/2f/4G4A3973A_HDR.jpg/1920px-4G4A3973A_HDR.jpg?utm_source=commons.wikimedia.org&utm_campaign=imageinfo&utm_content=thumbnail","https://commons.wikimedia.org/wiki/File:4G4A3973A_HDR.jpg","https://res.cloudinary.com/p1kxfhlw/image/upload/v1791214746/admin-uploads/seeder/c2b6c96378d288c2ee60c80344704f39e142f4833f8b26a87c06f0b0e2be7fd7.webp","c2b6c96378d288c2ee60c80344704f39e142f4833f8b26a87c06f0b0e2be7fd7","170f4f8f8671470f","CC BY-SA 4.0","Khoitran1957","https://creativecommons.org/licenses/by-sa/4.0","2026-10-05T15:39:07.547Z"
"b03b0a05-ffb9-5e18-8926-e4498cb6b62c","real-place:https://vi.wikipedia.org/wiki/Ch%C3%B9a_V%C4%A9nh_Nghi%C3%AAm_(B%E1%BA%AFc_Ninh)","https://thumb.wikimedia.org/wikipedia/commons/thumb/c/c8/Ch%C3%B9a_V%C4%A9nh_Nghi%C3%AAm_-_Y%C3%AAn_D%C5%A9ng_-_B%E1%BA%AFc_Giang_-_panoramio_%2824%29.jpg/1920px-Ch%C3%B9a_V%C4%A9nh_Nghi%C3%AAm_-_Y%C3%AAn_D%C5%A9ng_-_B%E1%BA%AFc_Giang_-_panoramio_%2824%29.jpg?utm_source=commons.wikimedia.org&utm_campaign=imageinfo&utm_content=thumbnail","https://commons.wikimedia.org/wiki/File:Ch%C3%B9a_V%C4%A9nh_Nghi%C3%AAm_-_Y%C3%AAn_D%C5%A9ng_-_B%E1%BA%AFc_Giang_-_panoramio_(24).jpg","https://res.cloudinary.com/p1kxfhlw/image/upload/v1791214732/admin-uploads/seeder/3165833eaca391c927b5588f13db3e0d15edd550b054145798a0c40d2ee293bb.webp","3165833eaca391c927b5588f13db3e0d15edd550b054145798a0c40d2ee293bb","33175ed9f18b6eff","CC BY 3.0","ngocchat1014","https://creativecommons.org/licenses/by/3.0","2026-10-05T15:38:54.195Z"
"a6dfb68b-7e41-516d-82ff-07667e0b4ec7","real-place:https://vi.wikipedia.org/wiki/V%C6%B0%E1%BB%9Dn_qu%E1%BB%91c_gia_C%C3%BAc_Ph%C6%B0%C6%A1ng","https://thumb.wikimedia.org/wikipedia/commons/thumb/4/4e/Cuc_Phuong_01.jpg/1920px-Cuc_Phuong_01.jpg?utm_source=commons.wikimedia.org&utm_campaign=imageinfo&utm_content=thumbnail","https://commons.wikimedia.org/wiki/File:Cuc_Phuong_01.jpg","https://res.cloudinary.com/p1kxfhlw/image/upload/v1791214734/admin-uploads/seeder/c4087dc996454db5569d3b8c08b8f2056ae5c05a724b435839e83a73cda2d849.webp","c4087dc996454db5569d3b8c08b8f2056ae5c05a724b435839e83a73cda2d849","178f4e66250d0707","Public domain","Kien1980v ( thảo luận )","","2026-10-05T15:38:56.248Z"
"a6dfb68b-7e41-516d-82ff-07667e0b4ec7","real-place:https://vi.wikipedia.org/wiki/V%C6%B0%E1%BB%9Dn_qu%E1%BB%91c_gia_C%C3%BAc_Ph%C6%B0%C6%A1ng","https://upload.wikimedia.org/wikipedia/commons/b/ba/Cuc.Phuong.National.Park.jpg?utm_source=commons.wikimedia.org&utm_campaign=imageinfo&utm_content=thumbnail_unscaled","https://commons.wikimedia.org/wiki/File:Cuc.Phuong.National.Park.jpg","https://res.cloudinary.com/p1kxfhlw/image/upload/v1791214742/admin-uploads/seeder/306a16ffa159959fa49e8ac242a1083c6d28c3075f4012045415c290f32d6d73.webp","306a16ffa159959fa49e8ac242a1083c6d28c3075f4012045415c290f32d6d73","250b0383838b899f","Public domain","No machine-readable author provided. Ravikiran r assumed (based on copyright claims).","","2026-10-05T15:39:04.058Z"
"985fbda0-09d9-57aa-87e1-17bcc48f4199","real-place:https://vi.wikipedia.org/wiki/Nh%C3%A0_th%E1%BB%9D_ch%C3%ADnh_t%C3%B2a_Ph%C3%A1t_Di%E1%BB%87m","https://thumb.wikimedia.org/wikipedia/commons/thumb/0/07/Phatdiemk-77.jpg/1920px-Phatdiemk-77.jpg?utm_source=commons.wikimedia.org&utm_campaign=imageinfo&utm_content=thumbnail","https://commons.wikimedia.org/wiki/File:Phatdiemk-77.jpg","https://res.cloudinary.com/p1kxfhlw/image/upload/v1791214740/admin-uploads/seeder/d368941c9e156fc0e7be5fbd4d0abd0b79f29abcc25eff96fec69ab5b84f370d.webp","d368941c9e156fc0e7be5fbd4d0abd0b79f29abcc25eff96fec69ab5b84f370d","3534784a972f0181","Public domain","Kien1980v at Vietnamese Wikipedia","","2026-10-05T15:39:02.054Z"
"985fbda0-09d9-57aa-87e1-17bcc48f4199","real-place:https://vi.wikipedia.org/wiki/Nh%C3%A0_th%E1%BB%9D_ch%C3%ADnh_t%C3%B2a_Ph%C3%A1t_Di%E1%BB%87m","https://thumb.wikimedia.org/wikipedia/commons/thumb/b/b9/Kimsonk10.JPG/1920px-Kimsonk10.JPG?utm_source=commons.wikimedia.org&utm_campaign=imageinfo&utm_content=thumbnail","https://commons.wikimedia.org/wiki/File:Kimsonk10.JPG","https://res.cloudinary.com/p1kxfhlw/image/upload/v1791214748/admin-uploads/seeder/602aede22244fe87e14ee2292211edd0b760eed67f21903e73b7a500b1878b20.webp","602aede22244fe87e14ee2292211edd0b760eed67f21903e73b7a500b1878b20","16361e1f0e989ae7","Public domain","Kien1980v ( thảo luận )","","2026-10-05T15:39:09.322Z"
"985fbda0-09d9-57aa-87e1-17bcc48f4199","real-place:https://vi.wikipedia.org/wiki/Nh%C3%A0_th%E1%BB%9D_ch%C3%ADnh_t%C3%B2a_Ph%C3%A1t_Di%E1%BB%87m","https://thumb.wikimedia.org/wikipedia/commons/thumb/9/90/Kimsonk7.JPG/1920px-Kimsonk7.JPG?utm_source=commons.wikimedia.org&utm_campaign=imageinfo&utm_content=thumbnail","https://commons.wikimedia.org/wiki/File:Kimsonk7.JPG","https://res.cloudinary.com/p1kxfhlw/image/upload/v1791214758/admin-uploads/seeder/de23fd09c0d1f519da869f4aafedcacf977fcbdb37bbb4b785ab6fb7476eb5c6.webp","de23fd09c0d1f519da869f4aafedcacf977fcbdb37bbb4b785ab6fb7476eb5c6","8e173372d2ea51d4","Public domain","Kien1980v ( thảo luận )","","2026-10-05T15:39:19.743Z"
"aec8e3d9-c89e-5792-8ab3-8d4fb56c7186","real-place:https://vi.wikipedia.org/wiki/T%C3%A0_X%C3%B9a","https://thumb.wikimedia.org/wikipedia/commons/thumb/1/1e/S%E1%BB%91ng_l%C6%B0ng_kh%E1%BB%A7ng_long_T%C3%A0_X%C3%B9a.jpg/1920px-S%E1%BB%91ng_l%C6%B0ng_kh%E1%BB%A7ng_long_T%C3%A0_X%C3%B9a.jpg?utm_source=commons.wikimedia.org&utm_campaign=imageinfo&utm_content=thumbnail","https://commons.wikimedia.org/wiki/File:S%E1%BB%91ng_l%C6%B0ng_kh%E1%BB%A7ng_long_T%C3%A0_X%C3%B9a.jpg","https://res.cloudinary.com/p1kxfhlw/image/upload/v1791214747/admin-uploads/seeder/184f52d7e1549a893ec5a49c4a2f9cd5caac1be27ed2b8e07b4126729d0ac498.webp","184f52d7e1549a893ec5a49c4a2f9cd5caac1be27ed2b8e07b4126729d0ac498","1f1f1f3f179b1d1d","CC BY-SA 4.0","NKSTTSSHNVN","https://creativecommons.org/licenses/by-sa/4.0","2026-10-05T15:39:09.108Z"
"89449e9e-246c-53fb-87a5-36f207a8ccb5","real-place:https://vi.wikipedia.org/wiki/Th%C3%A0nh_c%E1%BB%95_Qu%E1%BA%A3ng_Tr%E1%BB%8B","https://thumb.wikimedia.org/wikipedia/commons/thumb/0/09/Th%C3%A0nh_c%E1%BB%95_Qu%E1%BA%A3ng_Tr%E1%BB%8B_4.jpg/1920px-Th%C3%A0nh_c%E1%BB%95_Qu%E1%BA%A3ng_Tr%E1%BB%8B_4.jpg?utm_source=commons.wikimedia.org&utm_campaign=imageinfo&utm_content=thumbnail","https://commons.wikimedia.org/wiki/File:Th%C3%A0nh_c%E1%BB%95_Qu%E1%BA%A3ng_Tr%E1%BB%8B_4.jpg","https://res.cloudinary.com/p1kxfhlw/image/upload/v1791214753/admin-uploads/seeder/5ab86dc1d688384065dfcc8af9c86c37500bcb04c0a0768ea07db352976a716f.webp","5ab86dc1d688384065dfcc8af9c86c37500bcb04c0a0768ea07db352976a716f","7b7397326a666215","CC BY-SA 3.0","Bùi Thụy Đào Nguyên","https://creativecommons.org/licenses/by-sa/3.0","2026-10-05T15:39:14.981Z"
"527332b4-225c-56da-8aca-8133badbafb9","real-place:https://vi.wikipedia.org/wiki/C%E1%BA%A7u_Hi%E1%BB%81n_L%C6%B0%C6%A1ng","https://upload.wikimedia.org/wikipedia/commons/3/31/Benhairiver1.jpg?utm_source=commons.wikimedia.org&utm_campaign=imageinfo&utm_content=thumbnail_unscaled","https://commons.wikimedia.org/wiki/File:Benhairiver1.jpg","https://res.cloudinary.com/p1kxfhlw/image/upload/v1791214754/admin-uploads/seeder/8898628c5dfee384c3a29a2fbebd1b71914a9d913ed58f6f5f06c860b3305380.webp","8898628c5dfee384c3a29a2fbebd1b71914a9d913ed58f6f5f06c860b3305380","070f0f0fc7343133","CC BY-SA 3.0","Rolf Müller ( User:Rolfmueller )","http://creativecommons.org/licenses/by-sa/3.0/","2026-10-05T15:39:15.543Z"
"be2c409d-4631-53f8-8691-cd0c46fb1219","real-place:https://vi.wikipedia.org/wiki/Th%C3%A1p_Po_Nagar","https://thumb.wikimedia.org/wikipedia/commons/thumb/b/b1/04052023_Ponagar_Hindu_temples_complex%2C_Nha_Trang_Vietnam_-_240.jpg/1920px-04052023_Ponagar_Hindu_temples_complex%2C_Nha_Trang_Vietnam_-_240.jpg?utm_source=commons.wikimedia.org&utm_campaign=imageinfo&utm_content=thumbnail","https://commons.wikimedia.org/wiki/File:04052023_Ponagar_Hindu_temples_complex,_Nha_Trang_Vietnam_-_240.jpg","https://res.cloudinary.com/p1kxfhlw/image/upload/v1791214762/admin-uploads/seeder/c753f9b4a06a5cb9808bf2704cbbd6b34f51fa11219dd5667b65e7f4e2fce1cc.webp","c753f9b4a06a5cb9808bf2704cbbd6b34f51fa11219dd5667b65e7f4e2fce1cc","e490b1362e933f06","CC0","Ms Sarah Welch","http://creativecommons.org/publicdomain/zero/1.0/deed.en","2026-10-05T15:39:24.785Z"
"be2c409d-4631-53f8-8691-cd0c46fb1219","real-place:https://vi.wikipedia.org/wiki/Th%C3%A1p_Po_Nagar","https://thumb.wikimedia.org/wikipedia/commons/thumb/1/13/B%C3%ACnh_%C4%91%C3%A0i_%E1%BB%9F_th%C3%A1p_Ponagar%2C_Nha_Trang.JPG/1920px-B%C3%ACnh_%C4%91%C3%A0i_%E1%BB%9F_th%C3%A1p_Ponagar%2C_Nha_Trang.JPG?utm_source=commons.wikimedia.org&utm_campaign=imageinfo&utm_content=thumbnail","https://commons.wikimedia.org/wiki/File:B%C3%ACnh_%C4%91%C3%A0i_%E1%BB%9F_th%C3%A1p_Ponagar,_Nha_Trang.JPG","https://res.cloudinary.com/p1kxfhlw/image/upload/v1791214770/admin-uploads/seeder/4d7a3007b7c453eeef2de35579044aa6b705fb06dbdec42702ae2dde246cd687.webp","4d7a3007b7c453eeef2de35579044aa6b705fb06dbdec42702ae2dde246cd687","17133b5bc98f1917","CC BY-SA 3.0","Dongson*vmvn at Vietnamese Wikipedia","https://creativecommons.org/licenses/by-sa/3.0","2026-10-05T15:39:31.836Z"
"be2c409d-4631-53f8-8691-cd0c46fb1219","real-place:https://vi.wikipedia.org/wiki/Th%C3%A1p_Po_Nagar","https://upload.wikimedia.org/wikipedia/commons/0/03/Champa_Po_Nagar_Nha_Trang.jpg?utm_source=commons.wikimedia.org&utm_campaign=imageinfo&utm_content=thumbnail_unscaled","https://commons.wikimedia.org/wiki/File:Champa_Po_Nagar_Nha_Trang.jpg","https://res.cloudinary.com/p1kxfhlw/image/upload/v1791214779/admin-uploads/seeder/773c74e03d776070a0c4a660eb63e86b39beb2c66d6b7500e57d131792e17f65.webp","773c74e03d776070a0c4a660eb63e86b39beb2c66d6b7500e57d131792e17f65","c7c3d1e1ae2e6ebc","CC BY 2.0","Petr & Bara Ruzicka","https://creativecommons.org/licenses/by/2.0","2026-10-05T15:39:41.894Z"
"2390e5e5-5e64-5ca2-8714-deb6a1eab884","real-place:https://vi.wikipedia.org/wiki/V%E1%BB%8Bnh_V%C4%A9nh_Hy","https://thumb.wikimedia.org/wikipedia/commons/thumb/7/78/Vinh_hy_bay.jpg/1920px-Vinh_hy_bay.jpg?utm_source=commons.wikimedia.org&utm_campaign=imageinfo&utm_content=thumbnail","https://commons.wikimedia.org/wiki/File:Vinh_hy_bay.jpg","https://res.cloudinary.com/p1kxfhlw/image/upload/v1791214763/admin-uploads/seeder/1feed581f14799a03a3ea720e5241755a7040a63dc422d66258dad1f4b1c370f.webp","1feed581f14799a03a3ea720e5241755a7040a63dc422d66258dad1f4b1c370f","1210c03414135392","CC BY-SA 4.0","Karel Bilek","https://creativecommons.org/licenses/by-sa/4.0","2026-10-05T15:39:25.590Z"
"77efffb3-a1cf-5e35-806b-767b680e3908","real-place:https://vi.wikipedia.org/wiki/Y%C3%AAn_T%E1%BB%AD","https://upload.wikimedia.org/wikipedia/commons/b/b4/Ch%C3%B9a_%C4%90%E1%BB%93ng%2C_Y%C3%AAn_T%E1%BB%AD.jpg?utm_source=commons.wikimedia.org&utm_campaign=imageinfo&utm_content=thumbnail_unscaled","https://commons.wikimedia.org/wiki/File:Ch%C3%B9a_%C4%90%E1%BB%93ng,_Y%C3%AAn_T%E1%BB%AD.jpg","https://res.cloudinary.com/p1kxfhlw/image/upload/v1791214764/admin-uploads/seeder/0900f39442ec318feed41511cc2d40ce3d9e4efdcfaf7937ffb51842110f24b9.webp","0900f39442ec318feed41511cc2d40ce3d9e4efdcfaf7937ffb51842110f24b9","4fc3e1e4f1d19597","CC BY-SA 2.0","Thang Nguyen from Nottingham, United Kingdom","https://creativecommons.org/licenses/by-sa/2.0","2026-10-05T15:39:26.108Z"
"77efffb3-a1cf-5e35-806b-767b680e3908","real-place:https://vi.wikipedia.org/wiki/Y%C3%AAn_T%E1%BB%AD","https://thumb.wikimedia.org/wikipedia/commons/thumb/a/a4/Hoa_Y%C3%AAn.JPG/1920px-Hoa_Y%C3%AAn.JPG?utm_source=commons.wikimedia.org&utm_campaign=imageinfo&utm_content=thumbnail","https://commons.wikimedia.org/wiki/File:Hoa_Y%C3%AAn.JPG","https://res.cloudinary.com/p1kxfhlw/image/upload/v1791214773/admin-uploads/seeder/0bcef82bb8b0fb1fa97863e159cbff965b8f65689808f7d8442df63f3a76bc4f.webp","0bcef82bb8b0fb1fa97863e159cbff965b8f65689808f7d8442df63f3a76bc4f","ff3d3471c90c4cd8","CC BY-SA 3.0","Liftold ( thảo luận )","https://creativecommons.org/licenses/by-sa/3.0","2026-10-05T15:39:34.426Z"
"77efffb3-a1cf-5e35-806b-767b680e3908","real-place:https://vi.wikipedia.org/wiki/Y%C3%AAn_T%E1%BB%AD","https://thumb.wikimedia.org/wikipedia/commons/thumb/3/3b/Th%C3%A1p_Hu%E1%BB%87_Quang.jpg/1920px-Th%C3%A1p_Hu%E1%BB%87_Quang.jpg?utm_source=commons.wikimedia.org&utm_campaign=imageinfo&utm_content=thumbnail","https://commons.wikimedia.org/wiki/File:Th%C3%A1p_Hu%E1%BB%87_Quang.jpg","https://res.cloudinary.com/p1kxfhlw/image/upload/v1791214785/admin-uploads/seeder/78e50c48e772bb9be13d849b95ea6cd677dc3ab60e1fd3ad24b4c0ea2bd368a2.webp","78e50c48e772bb9be13d849b95ea6cd677dc3ab60e1fd3ad24b4c0ea2bd368a2","35b4b0f0f1b231b1","CC BY-SA 3.0","Bùi Thụy Đào Nguyên","https://creativecommons.org/licenses/by-sa/3.0","2026-10-05T15:39:48.037Z"
"bc14ec6c-40a3-5fda-8cb7-563dfdfba820","real-place:https://vi.wikipedia.org/wiki/B%E1%BA%A3o_t%C3%A0ng_Qu%E1%BA%A3ng_Ninh","https://thumb.wikimedia.org/wikipedia/commons/thumb/f/f1/Quang_Ninh_Museum_facade_1.jpg/1920px-Quang_Ninh_Museum_facade_1.jpg?utm_source=commons.wikimedia.org&utm_campaign=imageinfo&utm_content=thumbnail","https://commons.wikimedia.org/wiki/File:Quang_Ninh_Museum_facade_1.jpg","https://res.cloudinary.com/p1kxfhlw/image/upload/v1791214771/admin-uploads/seeder/ccbb77b9be07951c60f31236bba2d5e3d98c46d344563275904f57490137b475.webp","ccbb77b9be07951c60f31236bba2d5e3d98c46d344563275904f57490137b475","26878381188a0b07","CC BY-SA 4.0","Hoangkid","https://creativecommons.org/licenses/by-sa/4.0","2026-10-05T15:39:32.783Z"
"098ceda8-f39d-56bf-8854-0ec5be4ae697","real-place:https://vi.wikipedia.org/wiki/L%C4%83ng_Kh%E1%BA%A3i_%C4%90%E1%BB%8Bnh","https://thumb.wikimedia.org/wikipedia/commons/thumb/4/49/L%C4%83ng_Kh%E1%BA%A3i_%C4%90%E1%BB%8Bnh_-_NKS.jpg/1920px-L%C4%83ng_Kh%E1%BA%A3i_%C4%90%E1%BB%8Bnh_-_NKS.jpg?utm_source=commons.wikimedia.org&utm_campaign=imageinfo&utm_content=thumbnail","https://commons.wikimedia.org/wiki/File:L%C4%83ng_Kh%E1%BA%A3i_%C4%90%E1%BB%8Bnh_-_NKS.jpg","https://res.cloudinary.com/p1kxfhlw/image/upload/v1791214782/admin-uploads/seeder/f1ceabbd201476bbe0eedfc7ad634d451b83a7d41e82db658e61c2598c4ae32d.webp","f1ceabbd201476bbe0eedfc7ad634d451b83a7d41e82db658e61c2598c4ae32d","5f55674d8f0e0e0f","CC BY-SA 4.0","NKSTTSSHNVN","https://creativecommons.org/licenses/by-sa/4.0","2026-10-05T15:39:44.202Z"
"098ceda8-f39d-56bf-8854-0ec5be4ae697","real-place:https://vi.wikipedia.org/wiki/L%C4%83ng_Kh%E1%BA%A3i_%C4%90%E1%BB%8Bnh","https://thumb.wikimedia.org/wikipedia/commons/thumb/c/c6/Emperor_Khai_Dinh_in_Hue_%2839543600561%29.jpg/1920px-Emperor_Khai_Dinh_in_Hue_%2839543600561%29.jpg?utm_source=commons.wikimedia.org&utm_campaign=imageinfo&utm_content=thumbnail","https://commons.wikimedia.org/wiki/File:Emperor_Khai_Dinh_in_Hue_(39543600561).jpg","https://res.cloudinary.com/p1kxfhlw/image/upload/v1791214793/admin-uploads/seeder/de533adee62580a7b3aedc1e9519d509add77a1d5b679cacc33f47600e944483.webp","de533adee62580a7b3aedc1e9519d509add77a1d5b679cacc33f47600e944483","82e6823357262c47","CC BY 2.0","dronepicr","https://creativecommons.org/licenses/by/2.0","2026-10-05T15:39:55.538Z"
"cafee1ec-a5d7-5108-80dd-ae52ccf6e02e","real-place:https://vi.wikipedia.org/wiki/L%C4%83ng_Minh_M%E1%BA%A1ng","https://thumb.wikimedia.org/wikipedia/commons/thumb/a/a2/L%C4%83ng_Minh_M%E1%BA%A1ng_-_Minh_L%C3%A2u_%282024%29_-_img_02.jpg/1920px-L%C4%83ng_Minh_M%E1%BA%A1ng_-_Minh_L%C3%A2u_%282024%29_-_img_02.jpg?utm_source=commons.wikimedia.org&utm_campaign=imageinfo&utm_content=thumbnail","https://commons.wikimedia.org/wiki/File:L%C4%83ng_Minh_M%E1%BA%A1ng_-_Minh_L%C3%A2u_(2024)_-_img_02.jpg","https://res.cloudinary.com/p1kxfhlw/image/upload/v1791214792/admin-uploads/seeder/b91639451fe29560aab6138eee7cb63544a1c5ec78d1a5b451f20ceb83c82da9.webp","b91639451fe29560aab6138eee7cb63544a1c5ec78d1a5b451f20ceb83c82da9","19091716c94e0f0e","CC BY 4.0","Chainwit.","https://creativecommons.org/licenses/by/4.0","2026-10-05T15:39:55.329Z"
"cafee1ec-a5d7-5108-80dd-ae52ccf6e02e","real-place:https://vi.wikipedia.org/wiki/L%C4%83ng_Minh_M%E1%BA%A1ng","https://thumb.wikimedia.org/wikipedia/commons/thumb/4/48/L%C4%83ng_Minh_M%E1%BA%A1ng_-_Mausoleum_of_Emperor_Minh_M%E1%BA%A1ng_%282024%29_-_img_05.jpg/1920px-L%C4%83ng_Minh_M%E1%BA%A1ng_-_Mausoleum_of_Emperor_Minh_M%E1%BA%A1ng_%282024%29_-_img_05.jpg?utm_source=commons.wikimedia.org&utm_campaign=imageinfo&utm_content=thumbnail","https://commons.wikimedia.org/wiki/File:L%C4%83ng_Minh_M%E1%BA%A1ng_-_Mausoleum_of_Emperor_Minh_M%E1%BA%A1ng_(2024)_-_img_05.jpg","https://res.cloudinary.com/p1kxfhlw/image/upload/v1791214806/admin-uploads/seeder/45b1532a3df2be4affc509a60a9e3bdd23a32eb754f38b926655f45f0e55d063.webp","45b1532a3df2be4affc509a60a9e3bdd23a32eb754f38b926655f45f0e55d063","e7a69631ae960f4f","CC BY 4.0","Chainwit.","https://creativecommons.org/licenses/by/4.0","2026-10-05T15:40:08.708Z"
"174f13a3-950b-5bca-8788-4da799355db8","real-place:https://vi.wikipedia.org/wiki/Ch%C3%B9a_Thi%C3%AAn_M%E1%BB%A5","https://thumb.wikimedia.org/wikipedia/commons/thumb/6/6b/Exit_gate_of_Thi%C3%AAn_M%E1%BB%A5_Pagoda.jpg/1920px-Exit_gate_of_Thi%C3%AAn_M%E1%BB%A5_Pagoda.jpg?utm_source=commons.wikimedia.org&utm_campaign=imageinfo&utm_content=thumbnail","https://commons.wikimedia.org/wiki/File:Exit_gate_of_Thi%C3%AAn_M%E1%BB%A5_Pagoda.jpg","https://res.cloudinary.com/p1kxfhlw/image/upload/v1791214801/admin-uploads/seeder/57b9cf7c70d5e7a770d3908e6861d7ce39ea9599deca088c2694fed7082e0ac8.webp","57b9cf7c70d5e7a770d3908e6861d7ce39ea9599deca088c2694fed7082e0ac8","6772f0e06b8d041a","CC0","SerChevalerie","http://creativecommons.org/publicdomain/zero/1.0/deed.en","2026-10-05T15:40:04.196Z"
"174f13a3-950b-5bca-8788-4da799355db8","real-place:https://vi.wikipedia.org/wiki/Ch%C3%B9a_Thi%C3%AAn_M%E1%BB%A5","https://upload.wikimedia.org/wikipedia/commons/6/66/Chua_Thien_Mu_%28bia%29.jpg?utm_source=commons.wikimedia.org&utm_campaign=imageinfo&utm_content=thumbnail_unscaled","https://commons.wikimedia.org/wiki/File:Chua_Thien_Mu_(bia).jpg","https://res.cloudinary.com/p1kxfhlw/image/upload/v1791214808/admin-uploads/seeder/e2d7cf165feb4d5445e56e814b5063f4bfccc0b940724885f726729c5b385eb2.webp","e2d7cf165feb4d5445e56e814b5063f4bfccc0b940724885f726729c5b385eb2","f8e8e8e8e9e1b6bc","Public domain","Mai Trung Dung at Vietnamese Wikipedia","","2026-10-05T15:40:09.159Z"
"174f13a3-950b-5bca-8788-4da799355db8","real-place:https://vi.wikipedia.org/wiki/Ch%C3%B9a_Thi%C3%AAn_M%E1%BB%A5","https://upload.wikimedia.org/wikipedia/commons/b/bb/Chua_Thien_Mu_%28trong%29.jpg?utm_source=commons.wikimedia.org&utm_campaign=imageinfo&utm_content=thumbnail_unscaled","https://commons.wikimedia.org/wiki/File:Chua_Thien_Mu_(trong).jpg","https://res.cloudinary.com/p1kxfhlw/image/upload/v1791214813/admin-uploads/seeder/5273dc8352d48e421619ec25ac0eb55f98420d192e1684ee7bb360c30e89c95c.webp","5273dc8352d48e421619ec25ac0eb55f98420d192e1684ee7bb360c30e89c95c","eeccf4ccf0b3f1a4","Public domain","Mai Trung Dung at Vietnamese Wikipedia","","2026-10-05T15:40:14.925Z"
"4db74786-6938-5618-894d-c64010f7fac9","real-place:https://vi.wikipedia.org/wiki/V%C6%B0%E1%BB%9Dn_qu%E1%BB%91c_gia_Bidoup_%E2%80%93_N%C3%BAi_B%C3%A0","https://thumb.wikimedia.org/wikipedia/commons/thumb/4/45/Pine_trees_in_Bidoup-Nui_Ba_National_Park.jpg/1920px-Pine_trees_in_Bidoup-Nui_Ba_National_Park.jpg?utm_source=commons.wikimedia.org&utm_campaign=imageinfo&utm_content=thumbnail","https://commons.wikimedia.org/wiki/File:Pine_trees_in_Bidoup-Nui_Ba_National_Park.jpg","https://res.cloudinary.com/p1kxfhlw/image/upload/v1791214803/admin-uploads/seeder/bfad1a5eb454672dcfe159157b43e757448597057f458bf0ecf6374715ea0a11.webp","bfad1a5eb454672dcfe159157b43e757448597057f458bf0ecf6374715ea0a11","070e39f772fae8ee","CC BY-SA 4.0","Toni Wöhrl and Sang Cai","https://creativecommons.org/licenses/by-sa/4.0","2026-10-05T15:40:05.942Z"
"83f19c8b-9954-5219-8ca5-a87379f3d0dc","real-place:https://vi.wikipedia.org/wiki/H%E1%BB%93_Ho%C3%A0n_Ki%E1%BA%BFm","https://thumb.wikimedia.org/wikipedia/commons/thumb/8/81/Hoan_Kiem_10082026.jpg/1920px-Hoan_Kiem_10082026.jpg?utm_source=commons.wikimedia.org&utm_campaign=imageinfo&utm_content=thumbnail","https://commons.wikimedia.org/wiki/File:Hoan_Kiem_10082026.jpg","https://res.cloudinary.com/p1kxfhlw/image/upload/v1791214817/admin-uploads/seeder/e5744899188cc0894951b27296316c1292fd25accb5985bf4aefa9021cbc963e.webp","e5744899188cc0894951b27296316c1292fd25accb5985bf4aefa9021cbc963e","633627330b4c0b33","CC0","Chuhai07","http://creativecommons.org/publicdomain/zero/1.0/deed.en","2026-10-05T15:40:18.953Z"
"83f19c8b-9954-5219-8ca5-a87379f3d0dc","real-place:https://vi.wikipedia.org/wiki/H%E1%BB%93_Ho%C3%A0n_Ki%E1%BA%BFm","https://thumb.wikimedia.org/wikipedia/commons/thumb/3/3a/Ho_Hoan_Kiem_%2813574475044%29.jpg/1920px-Ho_Hoan_Kiem_%2813574475044%29.jpg?utm_source=commons.wikimedia.org&utm_campaign=imageinfo&utm_content=thumbnail","https://commons.wikimedia.org/wiki/File:Ho_Hoan_Kiem_(13574475044).jpg","https://res.cloudinary.com/p1kxfhlw/image/upload/v1791214909/admin-uploads/seeder/e351c8b1ecf44dc57c3029af2e9993597d5e3984f79b498e13c53d97b4ecb8ff.webp","e351c8b1ecf44dc57c3029af2e9993597d5e3984f79b498e13c53d97b4ecb8ff","40484a9d8ee745d9","CC BY 2.0","Bem photography:","https://creativecommons.org/licenses/by/2.0","2026-10-05T15:41:51.168Z"
"4989d117-47b1-5112-89fd-94c38a170fd1","real-place:https://vi.wikipedia.org/wiki/Ch%C3%B9a_M%E1%BB%99t_C%E1%BB%99t","https://upload.wikimedia.org/wikipedia/commons/9/90/One_Pillar_Pagoda_Hanoi.jpg?utm_source=commons.wikimedia.org&utm_campaign=imageinfo&utm_content=thumbnail_unscaled","https://commons.wikimedia.org/wiki/File:One_Pillar_Pagoda_Hanoi.jpg","https://res.cloudinary.com/p1kxfhlw/image/upload/v1791214813/admin-uploads/seeder/f43a327251bb0af4fc863140c8a96311622584e23a1cde160207b2535eeef239.webp","f43a327251bb0af4fc863140c8a96311622584e23a1cde160207b2535eeef239","8f0e68d81a1ad606","CC BY 2.0","Staffan Scherz","https://creativecommons.org/licenses/by/2.0","2026-10-05T15:40:15.273Z"
"a1d967ab-0640-540a-832e-24b21e6cb970","real-place:https://vi.wikipedia.org/wiki/V%C4%83n_Mi%E1%BA%BFu_%E2%80%93_Qu%E1%BB%91c_T%E1%BB%AD_Gi%C3%A1m","https://thumb.wikimedia.org/wikipedia/commons/thumb/3/31/Hanoi_Temple_of_Literature.jpg/1920px-Hanoi_Temple_of_Literature.jpg?utm_source=commons.wikimedia.org&utm_campaign=imageinfo&utm_content=thumbnail","https://commons.wikimedia.org/wiki/File:Hanoi_Temple_of_Literature.jpg","https://res.cloudinary.com/p1kxfhlw/image/upload/v1791214915/admin-uploads/seeder/c22e31b58622c6703b3499efca5b8b8535ef2298d052027e0603ab86cab365d4.webp","c22e31b58622c6703b3499efca5b8b8535ef2298d052027e0603ab86cab365d4","0f0f5e978f8e4fcd","CC BY-SA 3.0","The original uploader was Chuoibk at English Wikipedia .","http://creativecommons.org/licenses/by-sa/3.0/","2026-10-05T15:41:58.659Z"
"d74b42ea-dd2d-531b-8359-132c2ab6d28b","real-place:https://vi.wikipedia.org/wiki/Ng%C5%A9_H%C3%A0nh_S%C6%A1n","https://thumb.wikimedia.org/wikipedia/commons/thumb/c/ce/Ngu_hanh_son_toan_canh.jpg/1920px-Ngu_hanh_son_toan_canh.jpg?utm_source=commons.wikimedia.org&utm_campaign=imageinfo&utm_content=thumbnail","https://commons.wikimedia.org/wiki/File:Ngu_hanh_son_toan_canh.jpg","https://res.cloudinary.com/p1kxfhlw/image/upload/v1791214915/admin-uploads/seeder/053dbebee9fa5358dc3488c9de16813c2226bece4411a7656e4d2e432d64b100.webp","053dbebee9fa5358dc3488c9de16813c2226bece4411a7656e4d2e432d64b100","0000840b961cc96c","Public domain","Viethavvh at vi.wikipedia","","2026-10-05T15:41:58.872Z"
"d74b42ea-dd2d-531b-8359-132c2ab6d28b","real-place:https://vi.wikipedia.org/wiki/Ng%C5%A9_H%C3%A0nh_S%C6%A1n","https://thumb.wikimedia.org/wikipedia/commons/thumb/7/70/Marble_Mountains_View_3.JPG/1920px-Marble_Mountains_View_3.JPG?utm_source=commons.wikimedia.org&utm_campaign=imageinfo&utm_content=thumbnail","https://commons.wikimedia.org/wiki/File:Marble_Mountains_View_3.JPG","https://res.cloudinary.com/p1kxfhlw/image/upload/v1791214925/admin-uploads/seeder/d054ff4274ebd8b0fe039e551e63309050d76050ce73f2b70b6d3f743107b726.webp","d054ff4274ebd8b0fe039e551e63309050d76050ce73f2b70b6d3f743107b726","0ee8701a12161919","CC BY-SA 3.0","Dragfyre","https://creativecommons.org/licenses/by-sa/3.0","2026-10-05T15:42:06.487Z"
"9ad41b78-f864-5bad-8cf6-36c4d188f659","real-place:https://vi.wikipedia.org/wiki/C%E1%BA%A7u_R%E1%BB%93ng","https://thumb.wikimedia.org/wikipedia/commons/thumb/2/2a/Dragon_Bridge%2C_Da_Nang_during_day_-_20230819_%28cropped%29.jpg/1920px-Dragon_Bridge%2C_Da_Nang_during_day_-_20230819_%28cropped%29.jpg?utm_source=commons.wikimedia.org&utm_campaign=imageinfo&utm_content=thumbnail","https://commons.wikimedia.org/wiki/File:Dragon_Bridge,_Da_Nang_during_day_-_20230819_(cropped).jpg","https://res.cloudinary.com/p1kxfhlw/image/upload/v1791214922/admin-uploads/seeder/dda8a82212f7f7aeb4c1a7b6d8f54bd633d467791b3d336d83383d9e48dc21ce.webp","dda8a82212f7f7aeb4c1a7b6d8f54bd633d467791b3d336d83383d9e48dc21ce","00d0502063c0763c","CC BY-SA 4.0","Somerset999","https://creativecommons.org/licenses/by-sa/4.0","2026-10-05T15:42:04.191Z"
"9ad41b78-f864-5bad-8cf6-36c4d188f659","real-place:https://vi.wikipedia.org/wiki/C%E1%BA%A7u_R%E1%BB%93ng","https://thumb.wikimedia.org/wikipedia/commons/thumb/4/4a/C%E1%BA%A7u_R%E1%BB%93ng.jpg/1920px-C%E1%BA%A7u_R%E1%BB%93ng.jpg?utm_source=commons.wikimedia.org&utm_campaign=imageinfo&utm_content=thumbnail","https://commons.wikimedia.org/wiki/File:C%E1%BA%A7u_R%E1%BB%93ng.jpg","https://res.cloudinary.com/p1kxfhlw/image/upload/v1791214929/admin-uploads/seeder/039bc187d9cedcb0a3d6c5dd2944045c9794796b31cb70bbdd08e6d4281b509c.webp","039bc187d9cedcb0a3d6c5dd2944045c9794796b31cb70bbdd08e6d4281b509c","03070b16f6c97f0f","CC BY-SA 3.0","Bùi Thụy Đào Nguyên","https://creativecommons.org/licenses/by-sa/3.0","2026-10-05T15:42:11.115Z"
"c836866f-93a9-570d-8f2c-75362a4b8e6a","real-place:https://vi.wikipedia.org/wiki/Th%C3%A1nh_%C4%91%E1%BB%8Ba_M%E1%BB%B9_S%C6%A1n","https://thumb.wikimedia.org/wikipedia/commons/thumb/f/f3/2024_-_M%E1%BB%B9_S%C6%A1n_Sanctuary_Temple_E7_-_img_01.jpg/1920px-2024_-_M%E1%BB%B9_S%C6%A1n_Sanctuary_Temple_E7_-_img_01.jpg?utm_source=commons.wikimedia.org&utm_campaign=imageinfo&utm_content=thumbnail","https://commons.wikimedia.org/wiki/File:2024_-_M%E1%BB%B9_S%C6%A1n_Sanctuary_Temple_E7_-_img_01.jpg","https://res.cloudinary.com/p1kxfhlw/image/upload/v1791214927/admin-uploads/seeder/6ae55cdb620805864ab88d6abc90f1bde7523335543643a8c5a3eb1f871d8234.webp","6ae55cdb620805864ab88d6abc90f1bde7523335543643a8c5a3eb1f871d8234","9c5971391712e860","CC BY 4.0","Chainwit.","https://creativecommons.org/licenses/by/4.0","2026-10-05T15:42:09.199Z"
"c836866f-93a9-570d-8f2c-75362a4b8e6a","real-place:https://vi.wikipedia.org/wiki/Th%C3%A1nh_%C4%91%E1%BB%8Ba_M%E1%BB%B9_S%C6%A1n","https://thumb.wikimedia.org/wikipedia/commons/thumb/b/b5/M%E1%BB%B9_S%C6%A1n_Vietnam_Temple.jpg/1920px-M%E1%BB%B9_S%C6%A1n_Vietnam_Temple.jpg?utm_source=commons.wikimedia.org&utm_campaign=imageinfo&utm_content=thumbnail","https://commons.wikimedia.org/wiki/File:M%E1%BB%B9_S%C6%A1n_Vietnam_Temple.jpg","https://res.cloudinary.com/p1kxfhlw/image/upload/v1791214936/admin-uploads/seeder/46e9b1ce29ced34eb3e375eba4b27e14dba4f1a33161e20dcf0f0e659ee01901.webp","46e9b1ce29ced34eb3e375eba4b27e14dba4f1a33161e20dcf0f0e659ee01901","52569ab3bc1e0c9e","CC BY 4.0","Andre Hospers","https://creativecommons.org/licenses/by/4.0","2026-10-05T15:42:17.618Z"
"c836866f-93a9-570d-8f2c-75362a4b8e6a","real-place:https://vi.wikipedia.org/wiki/Th%C3%A1nh_%C4%91%E1%BB%8Ba_M%E1%BB%B9_S%C6%A1n","https://thumb.wikimedia.org/wikipedia/commons/thumb/8/88/0040223_My_Son_Group_H%2C_Cham_Hindu_temples_complex%2C_Vietnam_029.jpg/1920px-0040223_My_Son_Group_H%2C_Cham_Hindu_temples_complex%2C_Vietnam_029.jpg?utm_source=commons.wikimedia.org&utm_campaign=imageinfo&utm_content=thumbnail","https://commons.wikimedia.org/wiki/File:0040223_My_Son_Group_H,_Cham_Hindu_temples_complex,_Vietnam_029.jpg","https://res.cloudinary.com/p1kxfhlw/image/upload/v1791214945/admin-uploads/seeder/92167020d46e1f93877905f725558d7dc3cf4edc3c9a23fdf16211bedceb6707.webp","92167020d46e1f93877905f725558d7dc3cf4edc3c9a23fdf16211bedceb6707","f0e05a1b89bc301d","CC0","Ms Sarah Welch","http://creativecommons.org/publicdomain/zero/1.0/deed.en","2026-10-05T15:42:26.928Z"
"5f5fcb23-f57d-527a-8aee-07075d0d3a99","real-place:https://vi.wikipedia.org/wiki/Dinh_%C4%90%E1%BB%99c_L%E1%BA%ADp","https://thumb.wikimedia.org/wikipedia/commons/thumb/7/7d/20190923_Independence_Palace-10.jpg/1920px-20190923_Independence_Palace-10.jpg?utm_source=commons.wikimedia.org&utm_campaign=imageinfo&utm_content=thumbnail","https://commons.wikimedia.org/wiki/File:20190923_Independence_Palace-10.jpg","https://res.cloudinary.com/p1kxfhlw/image/upload/v1791214930/admin-uploads/seeder/b7e2fc26d527cb657e1654408b73545fc5e13310ba436aba4caefff8b585ff9e.webp","b7e2fc26d527cb657e1654408b73545fc5e13310ba436aba4caefff8b585ff9e","ecddf171594d4b80","CC0","Balon Greyjoy","http://creativecommons.org/publicdomain/zero/1.0/deed.en","2026-10-05T15:42:12.053Z"
"5f5fcb23-f57d-527a-8aee-07075d0d3a99","real-place:https://vi.wikipedia.org/wiki/Dinh_%C4%90%E1%BB%99c_L%E1%BA%ADp","https://thumb.wikimedia.org/wikipedia/commons/thumb/3/34/20190923_Independence_Palace-13.jpg/1920px-20190923_Independence_Palace-13.jpg?utm_source=commons.wikimedia.org&utm_campaign=imageinfo&utm_content=thumbnail","https://commons.wikimedia.org/wiki/File:20190923_Independence_Palace-13.jpg","https://res.cloudinary.com/p1kxfhlw/image/upload/v1791214940/admin-uploads/seeder/d5ce26877fcef3926684090e59c72680c055e108026bee6037a7657948a05a29.webp","d5ce26877fcef3926684090e59c72680c055e108026bee6037a7657948a05a29","eecdf1714d4d4994","CC0","Balon Greyjoy","http://creativecommons.org/publicdomain/zero/1.0/deed.en","2026-10-05T15:42:21.979Z"
"5f5fcb23-f57d-527a-8aee-07075d0d3a99","real-place:https://vi.wikipedia.org/wiki/Dinh_%C4%90%E1%BB%99c_L%E1%BA%ADp","https://thumb.wikimedia.org/wikipedia/commons/thumb/c/cb/Bombing_targets_in_the_Reunification_Palace_Vietnam.jpg/1920px-Bombing_targets_in_the_Reunification_Palace_Vietnam.jpg?utm_source=commons.wikimedia.org&utm_campaign=imageinfo&utm_content=thumbnail","https://commons.wikimedia.org/wiki/File:Bombing_targets_in_the_Reunification_Palace_Vietnam.jpg","https://res.cloudinary.com/p1kxfhlw/image/upload/v1791214948/admin-uploads/seeder/6cf943c30548b895e5bae6a7e0c219750a962e863be3e2c55fdd6b8dfce4d11d.webp","6cf943c30548b895e5bae6a7e0c219750a962e863be3e2c55fdd6b8dfce4d11d","2f392a33334e4f07","CC0","Kenohori","http://creativecommons.org/publicdomain/zero/1.0/deed.en","2026-10-05T15:42:29.590Z"
"0abf55e5-5a39-5b6d-813a-64727870138b","real-place:https://vi.wikipedia.org/wiki/%C4%90%E1%BB%8Ba_%C4%91%E1%BA%A1o_C%E1%BB%A7_Chi","https://thumb.wikimedia.org/wikipedia/commons/thumb/0/00/W_C%E1%BB%A7_Chi_%C4%90%E1%BB%8Ba_%C4%91%E1%BA%A1o_C%E1%BB%A7_Chi_ng%E1%BB%A5y_trang.JPG/1920px-W_C%E1%BB%A7_Chi_%C4%90%E1%BB%8Ba_%C4%91%E1%BA%A1o_C%E1%BB%A7_Chi_ng%E1%BB%A5y_trang.JPG?utm_source=commons.wikimedia.org&utm_campaign=imageinfo&utm_content=thumbnail","https://commons.wikimedia.org/wiki/File:W_C%E1%BB%A7_Chi_%C4%90%E1%BB%8Ba_%C4%91%E1%BA%A1o_C%E1%BB%A7_Chi_ng%E1%BB%A5y_trang.JPG","https://res.cloudinary.com/p1kxfhlw/image/upload/v1791214937/admin-uploads/seeder/a73da64e7db22cfaf72f4c384c267ba8c1a440e890d4534c3e1124e3f18e7fe3.webp","a73da64e7db22cfaf72f4c384c267ba8c1a440e890d4534c3e1124e3f18e7fe3","3b222b98ac6b9b91","Public domain","Phương Huy ( thảo luận )","","2026-10-05T15:42:18.971Z"
"ade00990-3d4b-5057-8c95-aea44803b462","real-place:https://vi.wikipedia.org/wiki/B%E1%BA%A3o_t%C3%A0ng_Ch%E1%BB%A9ng_t%C3%ADch_chi%E1%BA%BFn_tranh","https://thumb.wikimedia.org/wikipedia/commons/thumb/4/47/War_Remnants_Museum%2C_HCMC%2C_front.JPG/1920px-War_Remnants_Museum%2C_HCMC%2C_front.JPG?utm_source=commons.wikimedia.org&utm_campaign=imageinfo&utm_content=thumbnail","https://commons.wikimedia.org/wiki/File:War_Remnants_Museum,_HCMC,_front.JPG","https://res.cloudinary.com/p1kxfhlw/image/upload/v1791214943/admin-uploads/seeder/019426911d71b30a43e48f7f305f64d36ab05a157788df0631fcca4fe49fd459.webp","019426911d71b30a43e48f7f305f64d36ab05a157788df0631fcca4fe49fd459","99d8eacfcdbd7954","CC BY-SA 3.0","Prenn","https://creativecommons.org/licenses/by-sa/3.0","2026-10-05T15:42:24.934Z"
"ade00990-3d4b-5057-8c95-aea44803b462","real-place:https://vi.wikipedia.org/wiki/B%E1%BA%A3o_t%C3%A0ng_Ch%E1%BB%A9ng_t%C3%ADch_chi%E1%BA%BFn_tranh","https://thumb.wikimedia.org/wikipedia/commons/thumb/c/ca/War_Remnants_Museum.jpg/1920px-War_Remnants_Museum.jpg?utm_source=commons.wikimedia.org&utm_campaign=imageinfo&utm_content=thumbnail","https://commons.wikimedia.org/wiki/File:War_Remnants_Museum.jpg","https://res.cloudinary.com/p1kxfhlw/image/upload/v1791214950/admin-uploads/seeder/be9892966d8433985a83f9468a4b3868035d67f44492dbf4489db9f9be975a2a.webp","be9892966d8433985a83f9468a4b3868035d67f44492dbf4489db9f9be975a2a","0e07272cb99c667c","CC BY-SA 4.0","Christophe95","https://creativecommons.org/licenses/by-sa/4.0","2026-10-05T15:42:31.899Z"
"6db8b19a-beab-5911-8907-142d48d831c2","real-place:a1-dienbien","https://thumb.wikimedia.org/wikipedia/commons/thumb/a/a6/French_Trenches_at_Hill_A1_%28Eliane_2%29_-_Dien_Bien_Phu_-_Vietnam_-_01_%2848168868242%29.jpg/1920px-French_Trenches_at_Hill_A1_%28Eliane_2%29_-_Dien_Bien_Phu_-_Vietnam_-_01_%2848168868242%29.jpg?utm_source=commons.wikimedia.org&utm_campaign=imageinfo&utm_content=thumbnail","https://commons.wikimedia.org/wiki/File:French_Trenches_at_Hill_A1_(Eliane_2)_-_Dien_Bien_Phu_-_Vietnam_-_01_(48168868242).jpg","https://res.cloudinary.com/p1kxfhlw/image/upload/v1791214959/admin-uploads/seeder/9db6123c28bc4a4d406e750460a13a870987931d5a7532c03d167e0833cdfe7e.webp","9db6123c28bc4a4d406e750460a13a870987931d5a7532c03d167e0833cdfe7e","ac3f9f97cf713ccf","CC BY-SA 2.0","Adam Jones from Kelowna, BC, Canada","https://creativecommons.org/licenses/by-sa/2.0","2026-10-05T15:42:43.081Z"
"6db8b19a-beab-5911-8907-142d48d831c2","real-place:a1-dienbien","https://thumb.wikimedia.org/wikipedia/commons/thumb/b/b7/French_Trenches_at_Hill_A1_%28Eliane_2%29_-_Dien_Bien_Phu_-_Vietnam_-_02_%2848168793656%29.jpg/1920px-French_Trenches_at_Hill_A1_%28Eliane_2%29_-_Dien_Bien_Phu_-_Vietnam_-_02_%2848168793656%29.jpg?utm_source=commons.wikimedia.org&utm_campaign=imageinfo&utm_content=thumbnail","https://commons.wikimedia.org/wiki/File:French_Trenches_at_Hill_A1_(Eliane_2)_-_Dien_Bien_Phu_-_Vietnam_-_02_(48168793656).jpg","https://res.cloudinary.com/p1kxfhlw/image/upload/v1791214972/admin-uploads/seeder/5a94601e730049bb5df6209eafc415072db9cd8503ae64c2e609aa20dfdc1133.webp","5a94601e730049bb5df6209eafc415072db9cd8503ae64c2e609aa20dfdc1133","3cbce761f2f3e3c3","CC BY-SA 2.0","Adam Jones from Kelowna, BC, Canada","https://creativecommons.org/licenses/by-sa/2.0","2026-10-05T15:42:54.417Z"
"6db8b19a-beab-5911-8907-142d48d831c2","real-place:a1-dienbien","https://thumb.wikimedia.org/wikipedia/commons/thumb/5/52/French_Bunker_at_Hill_A1_%28Eliane_2%29_-_Dien_Bien_Phu_-_Vietnam_%2848168819887%29.jpg/1920px-French_Bunker_at_Hill_A1_%28Eliane_2%29_-_Dien_Bien_Phu_-_Vietnam_%2848168819887%29.jpg?utm_source=commons.wikimedia.org&utm_campaign=imageinfo&utm_content=thumbnail","https://commons.wikimedia.org/wiki/File:French_Bunker_at_Hill_A1_(Eliane_2)_-_Dien_Bien_Phu_-_Vietnam_(48168819887).jpg","https://res.cloudinary.com/p1kxfhlw/image/upload/v1791214983/admin-uploads/seeder/45765ffcda15b42d4b7e0e7a950dab9384ae389332ebab642d486719a5d40833.webp","45765ffcda15b42d4b7e0e7a950dab9384ae389332ebab642d486719a5d40833","0719486d1eb6e466","CC BY-SA 2.0","Adam Jones from Kelowna, BC, Canada","https://creativecommons.org/licenses/by-sa/2.0","2026-10-05T15:43:06.293Z"
