id,title,category,sub_category,province,price_vnd,price_unit,average_rating,reviews,image
3467c16c-31f5-5e11-8fa7-54e5c09b0b5f,[Mẫu] Khách sạn boutique gần Vườn quốc gia Phong Nha – Kẻ Bàng · 001,STAY,NONE,Quảng Trị,350000,PER_NIGHT,4,3,https://res.cloudinary.com/p1kxfhlw/image/upload/v1791127763/admin-uploads/seeder/e2ca567ab73a1b59194332c46b2afdc2d7019c5be414f6cf10f39e69d04daf3d.webp
974e845e-0da1-5e6d-8b8d-821db3dd0ac1,[Mẫu] Căn hộ có bếp gần Vườn quốc gia Bái Tử Long · 002,STAY,NONE,Quảng Ninh,450000,PER_NIGHT,4.3,3,https://res.cloudinary.com/p1kxfhlw/image/upload/v1791127845/admin-uploads/seeder/985f6a4d0a1e34e2a69361e94160567bd003c42649d24f0aaff760f511999779.webp
4eb89fc5-e3f9-5ddf-82fb-759a15b21520,[Mẫu] Villa gia đình gần Khu du lịch Núi Bà Đen · 003,STAY,NONE,Tây Ninh,550000,PER_NIGHT,4.7,3,https://res.cloudinary.com/p1kxfhlw/image/upload/v1791127846/admin-uploads/seeder/a3bb132505d3f21f8b124f7dba2f1f128622f9686df25d7e910cae1f9bb22771.webp
674adf9c-bea9-5dc6-865d-6925d87b6d4f,[Mẫu] Homestay sân vườn gần Bãi tắm Hoàng Hậu · 004,STAY,NONE,Gia Lai,650000,PER_NIGHT,4,3,https://res.cloudinary.com/p1kxfhlw/image/upload/v1791127848/admin-uploads/seeder/2a8d46b1947ff79a6c8e4319fe6ceaf75197d3b7c3abb600c6cfaadd6f9aa668.webp
312c5efa-7555-5207-8a06-bcd23b367665,[Mẫu] Bungalow gần Bảo tàng Lâm Đồng · 005,STAY,NONE,Lâm Đồng,750000,PER_NIGHT,4.3,3,https://res.cloudinary.com/p1kxfhlw/image/upload/v1791127849/admin-uploads/seeder/21c90f19e44b0d24dea11876acdcaec46f1fc38c9695be58a79e5188ae263ade.webp
918ee801-822d-5dbb-85ec-5247a86634e9,[Mẫu] Resort nghỉ dưỡng gần Bảo tàng Gốm sứ Mậu dịch · 006,STAY,NONE,Đà Nẵng,850000,PER_NIGHT,4.7,3,https://res.cloudinary.com/p1kxfhlw/image/upload/v1791127850/admin-uploads/seeder/c857b931b5892bee476e9bee7ab98772541d61106f5ae81586f2c2284804687e.webp
7169d60d-d1f6-56b1-8b17-f524a16d3d0c,[Mẫu] Cabin gỗ gần Hang Sửng Sốt · 007,STAY,NONE,Quảng Ninh,950000,PER_NIGHT,4,3,https://res.cloudinary.com/p1kxfhlw/image/upload/v1791127852/admin-uploads/seeder/fb3ba8206c15a2444cf4eaa02475551b97719ec1b0831ba8d22322cb3542357b.webp
4ade4b6b-e74f-58c4-882d-e2ff79fd8070,[Mẫu] Hostel phòng riêng gần Thác K50 · 008,STAY,NONE,Gia Lai,1050000,PER_NIGHT,4.3,3,https://res.cloudinary.com/p1kxfhlw/image/upload/v1791127853/admin-uploads/seeder/21a23e8cc11b45da5db0bdbbd5f8b5fec49bb5493207196195f28d1c69745d6d.webp
97d661ec-0b4c-523d-8c68-81e05561f6d0,[Mẫu] Farmstay gần Thác H'Ly · 009,STAY,NONE,Đắk Lắk,1150000,PER_NIGHT,4.7,3,https://res.cloudinary.com/p1kxfhlw/image/upload/v1791127854/admin-uploads/seeder/5eba8fc29735d8c98df810d453d2323319c465557244dd88a8ce064f6336b4d3.webp
7dc21e5b-db40-5ffd-8972-d89a09d7ed04,[Mẫu] Lều glamping gần Động Thiên Đường · 010,STAY,NONE,Quảng Trị,1250000,PER_NIGHT,4,3,https://res.cloudinary.com/p1kxfhlw/image/upload/v1791127855/admin-uploads/seeder/7b10f1a459a5e9092a4c1afeec653e4f5e9c934f276c0404b4ccaedfa79dbb82.webp
57a287eb-eb3e-54d9-8866-c1f476ddf604,[Mẫu] Nhà nghỉ ven phố gần Thác Bảy Nhánh · 011,STAY,NONE,Đắk Lắk,1350000,PER_NIGHT,4.3,3,https://res.cloudinary.com/p1kxfhlw/image/upload/v1791127857/admin-uploads/seeder/eb0f7d4cc7365ee3b95baa2ba1fe27f52f13a37ff55fff15f88bf021aeb8f0a8.webp
61eeefb8-7abd-549c-8965-b6e18c155a83,[Mẫu] Khách sạn boutique gần Cổ Thạch · 012,STAY,NONE,Lâm Đồng,1450000,PER_NIGHT,4.7,3,https://res.cloudinary.com/p1kxfhlw/image/upload/v1791127858/admin-uploads/seeder/935c1e17b2f3a9b29903ecd099ded4cb3507aa5fd997a323b79d9c3a1176ace8.webp
28ec8a75-cd8c-5f5d-8825-b6ac70c3f75c,[Mẫu] Căn hộ có bếp gần Cồn Hến · 013,STAY,NONE,Huế,1550000,PER_NIGHT,4,3,https://res.cloudinary.com/p1kxfhlw/image/upload/v1791127858/admin-uploads/seeder/c3fe51a46800898fcb488c0d953ad404316bcec7fd3667026f722146745ac91c.webp
7bbc786e-16a1-58a1-832a-8e2052b068b2,[Mẫu] Villa gia đình gần Khu dự trữ sinh quyển rừng ngập mặn Cần Giờ · 014,STAY,NONE,Hồ Chí Minh,1650000,PER_NIGHT,4.3,3,https://res.cloudinary.com/p1kxfhlw/image/upload/v1791127860/admin-uploads/seeder/7d190fc83c214e5620c4a7792a1399a7f3afed0121d684c9c6572df09ff17e98.webp
25e3b184-4ec6-57cf-8a3e-5b1afedfaa39,[Mẫu] Homestay sân vườn gần Thác Mai · 015,STAY,NONE,Đồng Nai,1750000,PER_NIGHT,4.7,3,https://res.cloudinary.com/p1kxfhlw/image/upload/v1791127861/admin-uploads/seeder/8c7a26cd296d45764ad089004571972bae29625523521d978c2c8c90e9cf17d9.webp
250662ea-1c11-5c7b-8378-532d1add4113,[Mẫu] Bungalow gần Chiến khu Tân Trào · 016,STAY,NONE,Tuyên Quang,1850000,PER_NIGHT,4,3,https://res.cloudinary.com/p1kxfhlw/image/upload/v1791127862/admin-uploads/seeder/abd72ef561f34073947a65ce673357ced32812d6899101d1be161c54b53092c8.webp
ea2a3c35-e65d-5c4a-8d97-b5a4898fe263,[Mẫu] Resort nghỉ dưỡng gần Động Hua Mạ · 017,STAY,NONE,Thái Nguyên,1950000,PER_NIGHT,4.3,3,https://res.cloudinary.com/p1kxfhlw/image/upload/v1791127864/admin-uploads/seeder/79f92adcf52589acd6300f9cea3bf6c43ab67e47de6753cc7bdb69da308bd805.webp
d5eeee9e-6709-55bb-875f-412f307e872d,[Mẫu] Cabin gỗ gần Bảo tàng Lịch sử quốc gia (Việt Nam) · 018,STAY,NONE,Hà Nội,2050000,PER_NIGHT,4.7,3,https://res.cloudinary.com/p1kxfhlw/image/upload/v1791127865/admin-uploads/seeder/1de565696a5dff542b437184a5d7c1ca94dd1c99b92437c509b73b39c0034c4b.webp
ca7f8661-0274-5cbb-8abd-8956e4a96e17,[Mẫu] Hostel phòng riêng gần Thác Đỗ Quyên · 019,STAY,NONE,Huế,2150000,PER_NIGHT,4,3,https://res.cloudinary.com/p1kxfhlw/image/upload/v1791127866/admin-uploads/seeder/2f58e4f1b4561bf6de776f7e09e78f5bafea5abdaab11134174f9011ce62115d.webp
d386fe64-ff9b-5263-8949-b9ddfc1411c6,[Mẫu] Farmstay gần Đền Bảo Hà · 020,STAY,NONE,Lào Cai,2250000,PER_NIGHT,4.3,3,https://res.cloudinary.com/p1kxfhlw/image/upload/v1791127868/admin-uploads/seeder/7e17af6edc1b48f2fbb725a675ba178bcd481ea926bc12404f7c3974834227cf.webp
4b6a2a29-117b-51b9-8274-d30a6aff86de,[Mẫu] Lều glamping gần Đền Mẫu Âu Cơ · 021,STAY,NONE,Phú Thọ,2350000,PER_NIGHT,4.7,3,https://res.cloudinary.com/p1kxfhlw/image/upload/v1791127763/admin-uploads/seeder/e2ca567ab73a1b59194332c46b2afdc2d7019c5be414f6cf10f39e69d04daf3d.webp
3ced8095-6322-5a3c-83c5-e2b1656f390a,[Mẫu] Nhà nghỉ ven phố gần Văn miếu Trấn Biên · 022,STAY,NONE,Đồng Nai,2450000,PER_NIGHT,4,3,https://res.cloudinary.com/p1kxfhlw/image/upload/v1791127845/admin-uploads/seeder/985f6a4d0a1e34e2a69361e94160567bd003c42649d24f0aaff760f511999779.webp
ae50d2f0-d2b6-53bb-8d7d-19eda2d2bba8,[Mẫu] Khách sạn boutique gần Chùa Thánh Duyên · 023,STAY,NONE,Huế,2550000,PER_NIGHT,4.3,3,https://res.cloudinary.com/p1kxfhlw/image/upload/v1791127846/admin-uploads/seeder/a3bb132505d3f21f8b124f7dba2f1f128622f9686df25d7e910cae1f9bb22771.webp
5a956b99-4205-5de8-8592-92922e36ca33,[Mẫu] Căn hộ có bếp gần Đền thờ Trần Hưng Đạo (Thành phố Hồ Chí Minh) · 024,STAY,NONE,Hồ Chí Minh,2650000,PER_NIGHT,4.7,3,https://res.cloudinary.com/p1kxfhlw/image/upload/v1791127848/admin-uploads/seeder/2a8d46b1947ff79a6c8e4319fe6ceaf75197d3b7c3abb600c6cfaadd6f9aa668.webp
650072d9-9680-55cf-89e3-2d671886ccc0,[Mẫu] Villa gia đình gần Chùa Bút Tháp · 025,STAY,NONE,Bắc Ninh,350000,PER_NIGHT,4,3,https://res.cloudinary.com/p1kxfhlw/image/upload/v1791127849/admin-uploads/seeder/21c90f19e44b0d24dea11876acdcaec46f1fc38c9695be58a79e5188ae263ade.webp
675095e7-a16d-538c-8bfe-dcffce78a0fa,[Mẫu] Homestay sân vườn gần Đền thờ Vua Đinh Tiên Hoàng · 026,STAY,NONE,Ninh Bình,450000,PER_NIGHT,4.3,3,https://res.cloudinary.com/p1kxfhlw/image/upload/v1791127850/admin-uploads/seeder/c857b931b5892bee476e9bee7ab98772541d61106f5ae81586f2c2284804687e.webp
ff123fab-2ca1-5b24-8b32-b2f362701f35,[Mẫu] Bungalow gần Thác Pác Ban · 027,STAY,NONE,Tuyên Quang,550000,PER_NIGHT,4.7,3,https://res.cloudinary.com/p1kxfhlw/image/upload/v1791127852/admin-uploads/seeder/fb3ba8206c15a2444cf4eaa02475551b97719ec1b0831ba8d22322cb3542357b.webp
ad0bca48-dd3c-5db9-8eb4-9d4b42a9e75e,[Mẫu] Resort nghỉ dưỡng gần Cửu Đỉnh (nhà Nguyễn) · 028,STAY,NONE,Huế,650000,PER_NIGHT,4,3,https://res.cloudinary.com/p1kxfhlw/image/upload/v1791127853/admin-uploads/seeder/21a23e8cc11b45da5db0bdbbd5f8b5fec49bb5493207196195f28d1c69745d6d.webp
00df1c88-385e-5ee4-896d-6b1c12daedc8,[Mẫu] Cabin gỗ gần Phố cổ Đồng Văn · 029,STAY,NONE,Tuyên Quang,750000,PER_NIGHT,4.3,3,https://res.cloudinary.com/p1kxfhlw/image/upload/v1791127854/admin-uploads/seeder/5eba8fc29735d8c98df810d453d2323319c465557244dd88a8ce064f6336b4d3.webp
69e3eb21-13d9-5744-8e55-50b5aa68ff78,[Mẫu] Hostel phòng riêng gần Điện Thái Hòa (Hoàng thành Huế) · 030,STAY,NONE,Huế,850000,PER_NIGHT,4.7,3,https://res.cloudinary.com/p1kxfhlw/image/upload/v1791127855/admin-uploads/seeder/7b10f1a459a5e9092a4c1afeec653e4f5e9c934f276c0404b4ccaedfa79dbb82.webp
e2a119e6-ea95-5e5a-81ed-b81b10db3e27,[Mẫu] Farmstay gần Vườn quốc gia Phong Nha – Kẻ Bàng · 031,STAY,NONE,Quảng Trị,950000,PER_NIGHT,4,3,https://res.cloudinary.com/p1kxfhlw/image/upload/v1791127857/admin-uploads/seeder/eb0f7d4cc7365ee3b95baa2ba1fe27f52f13a37ff55fff15f88bf021aeb8f0a8.webp
cb9ef2b3-8507-5b0b-8955-41b5afb13349,[Mẫu] Lều glamping gần Vườn quốc gia Bái Tử Long · 032,STAY,NONE,Quảng Ninh,1050000,PER_NIGHT,4.3,3,https://res.cloudinary.com/p1kxfhlw/image/upload/v1791127858/admin-uploads/seeder/935c1e17b2f3a9b29903ecd099ded4cb3507aa5fd997a323b79d9c3a1176ace8.webp
dcca5312-4eed-5f51-81c7-55fda1514f3c,[Mẫu] Nhà nghỉ ven phố gần Khu du lịch Núi Bà Đen · 033,STAY,NONE,Tây Ninh,1150000,PER_NIGHT,4.7,3,https://res.cloudinary.com/p1kxfhlw/image/upload/v1791127858/admin-uploads/seeder/c3fe51a46800898fcb488c0d953ad404316bcec7fd3667026f722146745ac91c.webp
d6d6dc62-20af-5ab8-816d-c8c21d98a8e7,[Mẫu] Khách sạn boutique gần Bãi tắm Hoàng Hậu · 034,STAY,NONE,Gia Lai,1250000,PER_NIGHT,4,3,https://res.cloudinary.com/p1kxfhlw/image/upload/v1791127860/admin-uploads/seeder/7d190fc83c214e5620c4a7792a1399a7f3afed0121d684c9c6572df09ff17e98.webp
c9ed27ed-403c-5d27-8036-d2b8e7220977,[Mẫu] Căn hộ có bếp gần Bảo tàng Lâm Đồng · 035,STAY,NONE,Lâm Đồng,1350000,PER_NIGHT,4.3,3,https://res.cloudinary.com/p1kxfhlw/image/upload/v1791127861/admin-uploads/seeder/8c7a26cd296d45764ad089004571972bae29625523521d978c2c8c90e9cf17d9.webp
e76dcddf-5a64-5233-86bf-633718b9b30b,[Mẫu] Villa gia đình gần Bảo tàng Gốm sứ Mậu dịch · 036,STAY,NONE,Đà Nẵng,1450000,PER_NIGHT,4.7,3,https://res.cloudinary.com/p1kxfhlw/image/upload/v1791127862/admin-uploads/seeder/abd72ef561f34073947a65ce673357ced32812d6899101d1be161c54b53092c8.webp
2196a87f-33e1-54fc-86ba-0acf0a1b515b,[Mẫu] Homestay sân vườn gần Hang Sửng Sốt · 037,STAY,NONE,Quảng Ninh,1550000,PER_NIGHT,4,3,https://res.cloudinary.com/p1kxfhlw/image/upload/v1791127864/admin-uploads/seeder/79f92adcf52589acd6300f9cea3bf6c43ab67e47de6753cc7bdb69da308bd805.webp
f07fdf9d-1622-5c36-83ec-4878f902a3ae,[Mẫu] Bungalow gần Thác K50 · 038,STAY,NONE,Gia Lai,1650000,PER_NIGHT,4.3,3,https://res.cloudinary.com/p1kxfhlw/image/upload/v1791127865/admin-uploads/seeder/1de565696a5dff542b437184a5d7c1ca94dd1c99b92437c509b73b39c0034c4b.webp
2950c066-b191-5041-8f0a-dc64bb42034d,[Mẫu] Resort nghỉ dưỡng gần Thác H'Ly · 039,STAY,NONE,Đắk Lắk,1750000,PER_NIGHT,4.7,3,https://res.cloudinary.com/p1kxfhlw/image/upload/v1791127866/admin-uploads/seeder/2f58e4f1b4561bf6de776f7e09e78f5bafea5abdaab11134174f9011ce62115d.webp
ca01236c-7d14-538e-841a-83a9b797571c,[Mẫu] Cabin gỗ gần Động Thiên Đường · 040,STAY,NONE,Quảng Trị,1850000,PER_NIGHT,4,3,https://res.cloudinary.com/p1kxfhlw/image/upload/v1791127868/admin-uploads/seeder/7e17af6edc1b48f2fbb725a675ba178bcd481ea926bc12404f7c3974834227cf.webp
0b3851f5-fe35-56a0-8ec9-d704f9b3326c,[Mẫu] Hostel phòng riêng gần Thác Bảy Nhánh · 041,STAY,NONE,Đắk Lắk,1950000,PER_NIGHT,4.3,3,https://res.cloudinary.com/p1kxfhlw/image/upload/v1791127763/admin-uploads/seeder/e2ca567ab73a1b59194332c46b2afdc2d7019c5be414f6cf10f39e69d04daf3d.webp
629b8530-f31f-53f9-8eed-208699dc69fc,[Mẫu] Farmstay gần Cổ Thạch · 042,STAY,NONE,Lâm Đồng,2050000,PER_NIGHT,4.7,3,https://res.cloudinary.com/p1kxfhlw/image/upload/v1791127845/admin-uploads/seeder/985f6a4d0a1e34e2a69361e94160567bd003c42649d24f0aaff760f511999779.webp
b23c7a0f-1077-5c40-8503-8127917d78ce,[Mẫu] Lều glamping gần Cồn Hến · 043,STAY,NONE,Huế,2150000,PER_NIGHT,4,3,https://res.cloudinary.com/p1kxfhlw/image/upload/v1791127846/admin-uploads/seeder/a3bb132505d3f21f8b124f7dba2f1f128622f9686df25d7e910cae1f9bb22771.webp
a8357c5f-8424-5f75-8517-112cd61592de,[Mẫu] Nhà nghỉ ven phố gần Khu dự trữ sinh quyển rừng ngập mặn Cần Giờ · 044,STAY,NONE,Hồ Chí Minh,2250000,PER_NIGHT,4.3,3,https://res.cloudinary.com/p1kxfhlw/image/upload/v1791127848/admin-uploads/seeder/2a8d46b1947ff79a6c8e4319fe6ceaf75197d3b7c3abb600c6cfaadd6f9aa668.webp
6e9913a2-b793-549f-8734-34a2be0f7b72,[Mẫu] Khách sạn boutique gần Thác Mai · 045,STAY,NONE,Đồng Nai,2350000,PER_NIGHT,4.7,3,https://res.cloudinary.com/p1kxfhlw/image/upload/v1791127849/admin-uploads/seeder/21c90f19e44b0d24dea11876acdcaec46f1fc38c9695be58a79e5188ae263ade.webp
931cae1e-e4a7-5799-8c8a-5d8773697058,[Mẫu] Căn hộ có bếp gần Chiến khu Tân Trào · 046,STAY,NONE,Tuyên Quang,2450000,PER_NIGHT,4,3,https://res.cloudinary.com/p1kxfhlw/image/upload/v1791127850/admin-uploads/seeder/c857b931b5892bee476e9bee7ab98772541d61106f5ae81586f2c2284804687e.webp
989f07d8-b722-52be-8690-24cb8a841467,[Mẫu] Villa gia đình gần Động Hua Mạ · 047,STAY,NONE,Thái Nguyên,2550000,PER_NIGHT,4.3,3,https://res.cloudinary.com/p1kxfhlw/image/upload/v1791127852/admin-uploads/seeder/fb3ba8206c15a2444cf4eaa02475551b97719ec1b0831ba8d22322cb3542357b.webp
7d01b9dc-6fe3-528e-8180-994189e31ba8,[Mẫu] Homestay sân vườn gần Bảo tàng Lịch sử quốc gia (Việt Nam) · 048,STAY,NONE,Hà Nội,2650000,PER_NIGHT,4.7,3,https://res.cloudinary.com/p1kxfhlw/image/upload/v1791127853/admin-uploads/seeder/21a23e8cc11b45da5db0bdbbd5f8b5fec49bb5493207196195f28d1c69745d6d.webp
7461894a-2215-50a4-88a4-3c32d680814f,[Mẫu] Bungalow gần Thác Đỗ Quyên · 049,STAY,NONE,Huế,350000,PER_NIGHT,4,3,https://res.cloudinary.com/p1kxfhlw/image/upload/v1791127854/admin-uploads/seeder/5eba8fc29735d8c98df810d453d2323319c465557244dd88a8ce064f6336b4d3.webp
60cc80c9-857a-5849-87da-ccce29400fee,[Mẫu] Resort nghỉ dưỡng gần Đền Bảo Hà · 050,STAY,NONE,Lào Cai,450000,PER_NIGHT,4.3,3,https://res.cloudinary.com/p1kxfhlw/image/upload/v1791127855/admin-uploads/seeder/7b10f1a459a5e9092a4c1afeec653e4f5e9c934f276c0404b4ccaedfa79dbb82.webp
f27f101a-961b-5587-896d-1f0622fd4f8d,[Mẫu] Cabin gỗ gần Đền Mẫu Âu Cơ · 051,STAY,NONE,Phú Thọ,550000,PER_NIGHT,4.7,3,https://res.cloudinary.com/p1kxfhlw/image/upload/v1791127857/admin-uploads/seeder/eb0f7d4cc7365ee3b95baa2ba1fe27f52f13a37ff55fff15f88bf021aeb8f0a8.webp
6981874d-49bb-52de-8868-c841f0035351,[Mẫu] Hostel phòng riêng gần Văn miếu Trấn Biên · 052,STAY,NONE,Đồng Nai,650000,PER_NIGHT,4,3,https://res.cloudinary.com/p1kxfhlw/image/upload/v1791127858/admin-uploads/seeder/935c1e17b2f3a9b29903ecd099ded4cb3507aa5fd997a323b79d9c3a1176ace8.webp
f408dbac-ceec-5bac-8aff-efa59233e72d,[Mẫu] Farmstay gần Chùa Thánh Duyên · 053,STAY,NONE,Huế,750000,PER_NIGHT,4.3,3,https://res.cloudinary.com/p1kxfhlw/image/upload/v1791127858/admin-uploads/seeder/c3fe51a46800898fcb488c0d953ad404316bcec7fd3667026f722146745ac91c.webp
44060b2f-2ec4-5767-889d-71ccc69bae58,[Mẫu] Lều glamping gần Đền thờ Trần Hưng Đạo (Thành phố Hồ Chí Minh) · 054,STAY,NONE,Hồ Chí Minh,850000,PER_NIGHT,4.7,3,https://res.cloudinary.com/p1kxfhlw/image/upload/v1791127860/admin-uploads/seeder/7d190fc83c214e5620c4a7792a1399a7f3afed0121d684c9c6572df09ff17e98.webp
e57e3aa1-ff99-589c-8ab3-fdaf66ff71f9,[Mẫu] Nhà nghỉ ven phố gần Chùa Bút Tháp · 055,STAY,NONE,Bắc Ninh,950000,PER_NIGHT,4,3,https://res.cloudinary.com/p1kxfhlw/image/upload/v1791127861/admin-uploads/seeder/8c7a26cd296d45764ad089004571972bae29625523521d978c2c8c90e9cf17d9.webp
a41bd061-9955-56ff-88a0-9d2d70ee930c,[Mẫu] Khách sạn boutique gần Đền thờ Vua Đinh Tiên Hoàng · 056,STAY,NONE,Ninh Bình,1050000,PER_NIGHT,4.3,3,https://res.cloudinary.com/p1kxfhlw/image/upload/v1791127862/admin-uploads/seeder/abd72ef561f34073947a65ce673357ced32812d6899101d1be161c54b53092c8.webp
e7c0f8ef-cf21-50c3-8796-073ba249cb37,[Mẫu] Căn hộ có bếp gần Thác Pác Ban · 057,STAY,NONE,Tuyên Quang,1150000,PER_NIGHT,4.7,3,https://res.cloudinary.com/p1kxfhlw/image/upload/v1791127864/admin-uploads/seeder/79f92adcf52589acd6300f9cea3bf6c43ab67e47de6753cc7bdb69da308bd805.webp
4205a753-1c2d-50b1-80f9-2b8dd3ac6925,[Mẫu] Villa gia đình gần Cửu Đỉnh (nhà Nguyễn) · 058,STAY,NONE,Huế,1250000,PER_NIGHT,4,3,https://res.cloudinary.com/p1kxfhlw/image/upload/v1791127865/admin-uploads/seeder/1de565696a5dff542b437184a5d7c1ca94dd1c99b92437c509b73b39c0034c4b.webp
e6a36015-e0e4-58b0-8c4f-987f9aa08fb8,[Mẫu] Homestay sân vườn gần Phố cổ Đồng Văn · 059,STAY,NONE,Tuyên Quang,1350000,PER_NIGHT,4.3,3,https://res.cloudinary.com/p1kxfhlw/image/upload/v1791127866/admin-uploads/seeder/2f58e4f1b4561bf6de776f7e09e78f5bafea5abdaab11134174f9011ce62115d.webp
e7506885-f195-5a1a-8a18-1cef50f1fa6a,[Mẫu] Bungalow gần Điện Thái Hòa (Hoàng thành Huế) · 060,STAY,NONE,Huế,1450000,PER_NIGHT,4.7,3,https://res.cloudinary.com/p1kxfhlw/image/upload/v1791127868/admin-uploads/seeder/7e17af6edc1b48f2fbb725a675ba178bcd481ea926bc12404f7c3974834227cf.webp
6fc364b9-1caf-5302-8115-ce19114bd0b1,[Mẫu] Resort nghỉ dưỡng gần Đền Mẫu Âu Cơ · 061,STAY,NONE,Phú Thọ,1550000,PER_NIGHT,4,3,https://res.cloudinary.com/p1kxfhlw/image/upload/v1791127763/admin-uploads/seeder/e2ca567ab73a1b59194332c46b2afdc2d7019c5be414f6cf10f39e69d04daf3d.webp
816303b4-ddca-5716-8880-4a64b4918ac3,[Mẫu] Cabin gỗ gần Khu bảo tồn thiên nhiên Đồng Sơn – Kỳ Thượng · 062,STAY,NONE,Quảng Ninh,1650000,PER_NIGHT,4.3,3,https://res.cloudinary.com/p1kxfhlw/image/upload/v1791127845/admin-uploads/seeder/985f6a4d0a1e34e2a69361e94160567bd003c42649d24f0aaff760f511999779.webp
31f4c6a9-1a3b-561e-85dc-f92dfcf83ffd,[Mẫu] Hostel phòng riêng gần Thác Bản Giốc · 063,STAY,NONE,Cao Bằng,1750000,PER_NIGHT,4.7,3,https://res.cloudinary.com/p1kxfhlw/image/upload/v1791127846/admin-uploads/seeder/a3bb132505d3f21f8b124f7dba2f1f128622f9686df25d7e910cae1f9bb22771.webp
e3c23628-bdea-56b0-8273-fe591fb3143f,[Mẫu] Farmstay gần Văn miếu Trấn Biên · 064,STAY,NONE,Đồng Nai,1850000,PER_NIGHT,4,3,https://res.cloudinary.com/p1kxfhlw/image/upload/v1791127848/admin-uploads/seeder/2a8d46b1947ff79a6c8e4319fe6ceaf75197d3b7c3abb600c6cfaadd6f9aa668.webp
9d61dce6-b9e4-5f75-8b34-175d0371c787,[Mẫu] Lều glamping gần Công viên Thủ Lệ · 065,STAY,NONE,Hà Nội,1950000,PER_NIGHT,4.3,3,https://res.cloudinary.com/p1kxfhlw/image/upload/v1791127849/admin-uploads/seeder/21c90f19e44b0d24dea11876acdcaec46f1fc38c9695be58a79e5188ae263ade.webp
603db205-1318-5c28-86f5-5c8487a3a8de,[Mẫu] Nhà nghỉ ven phố gần Thác Datanla · 066,STAY,NONE,Lâm Đồng,2050000,PER_NIGHT,4.7,3,https://res.cloudinary.com/p1kxfhlw/image/upload/v1791127850/admin-uploads/seeder/c857b931b5892bee476e9bee7ab98772541d61106f5ae81586f2c2284804687e.webp
f02cab6b-9891-52db-8e25-49f9d163e8bc,[Mẫu] Khách sạn boutique gần Chùa Thánh Duyên · 067,STAY,NONE,Huế,2150000,PER_NIGHT,4,3,https://res.cloudinary.com/p1kxfhlw/image/upload/v1791127852/admin-uploads/seeder/fb3ba8206c15a2444cf4eaa02475551b97719ec1b0831ba8d22322cb3542357b.webp
e6334ab0-5d60-545f-89a4-b5fa102e4755,[Mẫu] Căn hộ có bếp gần Đền Trần Thương · 068,STAY,NONE,Ninh Bình,2250000,PER_NIGHT,4.3,3,https://res.cloudinary.com/p1kxfhlw/image/upload/v1791127853/admin-uploads/seeder/21a23e8cc11b45da5db0bdbbd5f8b5fec49bb5493207196195f28d1c69745d6d.webp
1757f2be-d45d-55a8-8587-498e51535a90,[Mẫu] Villa gia đình gần Đền thờ Lê Hoàn · 069,STAY,NONE,Thanh Hóa,2350000,PER_NIGHT,4.7,3,https://res.cloudinary.com/p1kxfhlw/image/upload/v1791127854/admin-uploads/seeder/5eba8fc29735d8c98df810d453d2323319c465557244dd88a8ce064f6336b4d3.webp
7f70b8f4-78a6-5381-83ea-b6ae3af4f16e,[Mẫu] Homestay sân vườn gần Đền thờ Trần Hưng Đạo (Thành phố Hồ Chí Minh) · 070,STAY,NONE,Hồ Chí Minh,2450000,PER_NIGHT,4,3,https://res.cloudinary.com/p1kxfhlw/image/upload/v1791127855/admin-uploads/seeder/7b10f1a459a5e9092a4c1afeec653e4f5e9c934f276c0404b4ccaedfa79dbb82.webp
d09457e3-ba3d-5a9d-8136-073efd84e43e,[Mẫu] Bungalow gần Đền Và · 071,STAY,NONE,Hà Nội,2550000,PER_NIGHT,4.3,3,https://res.cloudinary.com/p1kxfhlw/image/upload/v1791127857/admin-uploads/seeder/eb0f7d4cc7365ee3b95baa2ba1fe27f52f13a37ff55fff15f88bf021aeb8f0a8.webp
4c045bf0-311c-5ce9-817b-012eee1a7571,[Mẫu] Resort nghỉ dưỡng gần Thác Đầu Đẳng · 072,STAY,NONE,Thái Nguyên,2650000,PER_NIGHT,4.7,3,https://res.cloudinary.com/p1kxfhlw/image/upload/v1791127858/admin-uploads/seeder/935c1e17b2f3a9b29903ecd099ded4cb3507aa5fd997a323b79d9c3a1176ace8.webp
c4d17f6e-a7e2-55a3-80d5-bbacc14e4a73,[Mẫu] Cabin gỗ gần Chùa Bút Tháp · 073,STAY,NONE,Bắc Ninh,350000,PER_NIGHT,4,3,https://res.cloudinary.com/p1kxfhlw/image/upload/v1791127858/admin-uploads/seeder/c3fe51a46800898fcb488c0d953ad404316bcec7fd3667026f722146745ac91c.webp
ad3ccc44-8e35-57c2-80fe-9903f7934a41,[Mẫu] Hostel phòng riêng gần Thác Prenn · 074,STAY,NONE,Lâm Đồng,450000,PER_NIGHT,4.3,3,https://res.cloudinary.com/p1kxfhlw/image/upload/v1791127860/admin-uploads/seeder/7d190fc83c214e5620c4a7792a1399a7f3afed0121d684c9c6572df09ff17e98.webp
ba5b3077-bd81-53fb-8eea-4acb47f41c19,[Mẫu] Farmstay gần Đàn Xã Tắc (Huế) · 075,STAY,NONE,Huế,550000,PER_NIGHT,4.7,3,https://res.cloudinary.com/p1kxfhlw/image/upload/v1791127861/admin-uploads/seeder/8c7a26cd296d45764ad089004571972bae29625523521d978c2c8c90e9cf17d9.webp
41839b19-6093-5786-8608-9c4977d8b635,[Mẫu] Lều glamping gần Đền thờ Vua Đinh Tiên Hoàng · 076,STAY,NONE,Ninh Bình,650000,PER_NIGHT,4,3,https://res.cloudinary.com/p1kxfhlw/image/upload/v1791127862/admin-uploads/seeder/abd72ef561f34073947a65ce673357ced32812d6899101d1be161c54b53092c8.webp
22c1eb27-90b9-5b1c-87c1-4c4031a4bd56,[Mẫu] Nhà nghỉ ven phố gần Công viên Văn hóa Đầm Sen · 077,STAY,NONE,Hồ Chí Minh,750000,PER_NIGHT,4.3,3,https://res.cloudinary.com/p1kxfhlw/image/upload/v1791127864/admin-uploads/seeder/79f92adcf52589acd6300f9cea3bf6c43ab67e47de6753cc7bdb69da308bd805.webp
36180c01-a1b6-5529-8024-4fe0e65de4c0,[Mẫu] Khách sạn boutique gần Đình Chu Quyến · 078,STAY,NONE,Hà Nội,850000,PER_NIGHT,4.7,3,https://res.cloudinary.com/p1kxfhlw/image/upload/v1791127865/admin-uploads/seeder/1de565696a5dff542b437184a5d7c1ca94dd1c99b92437c509b73b39c0034c4b.webp
c037d216-abce-5919-80b7-42e52c85a4cd,[Mẫu] Căn hộ có bếp gần Thác Pác Ban · 079,STAY,NONE,Tuyên Quang,950000,PER_NIGHT,4,3,https://res.cloudinary.com/p1kxfhlw/image/upload/v1791127866/admin-uploads/seeder/2f58e4f1b4561bf6de776f7e09e78f5bafea5abdaab11134174f9011ce62115d.webp
3fe52437-35eb-51a8-8287-8861a366de53,[Mẫu] Villa gia đình gần Chùa Thầy · 080,STAY,NONE,Hà Nội,1050000,PER_NIGHT,4.3,3,https://res.cloudinary.com/p1kxfhlw/image/upload/v1791127868/admin-uploads/seeder/7e17af6edc1b48f2fbb725a675ba178bcd481ea926bc12404f7c3974834227cf.webp
83896a45-0f29-5d36-8dd1-c4ff5e0d222c,[Mẫu] Homestay sân vườn gần Thác Pongour · 081,STAY,NONE,Lâm Đồng,1150000,PER_NIGHT,4.7,3,https://res.cloudinary.com/p1kxfhlw/image/upload/v1791127763/admin-uploads/seeder/e2ca567ab73a1b59194332c46b2afdc2d7019c5be414f6cf10f39e69d04daf3d.webp
fce942e3-7dcf-5c3e-8c1e-b873f0c1fb29,[Mẫu] Bungalow gần Cửu Đỉnh (nhà Nguyễn) · 082,STAY,NONE,Huế,1250000,PER_NIGHT,4,3,https://res.cloudinary.com/p1kxfhlw/image/upload/v1791127845/admin-uploads/seeder/985f6a4d0a1e34e2a69361e94160567bd003c42649d24f0aaff760f511999779.webp
6e4d4564-b112-5ad8-8b3d-0b233e0c6662,[Mẫu] Resort nghỉ dưỡng gần Đền Trần (Nam Định) · 083,STAY,NONE,Ninh Bình,1350000,PER_NIGHT,4.3,3,https://res.cloudinary.com/p1kxfhlw/image/upload/v1791127846/admin-uploads/seeder/a3bb132505d3f21f8b124f7dba2f1f128622f9686df25d7e910cae1f9bb22771.webp
406e4ba1-a1dd-5760-8636-a0ae462ba971,[Mẫu] Cabin gỗ gần Đình Tây Đằng · 084,STAY,NONE,Hà Nội,1450000,PER_NIGHT,4.7,3,https://res.cloudinary.com/p1kxfhlw/image/upload/v1791127848/admin-uploads/seeder/2a8d46b1947ff79a6c8e4319fe6ceaf75197d3b7c3abb600c6cfaadd6f9aa668.webp
8c8c2f4a-b1aa-5a22-8c7f-f2b4c95c5401,[Mẫu] Hostel phòng riêng gần Phố cổ Đồng Văn · 085,STAY,NONE,Tuyên Quang,1550000,PER_NIGHT,4,3,https://res.cloudinary.com/p1kxfhlw/image/upload/v1791127849/admin-uploads/seeder/21c90f19e44b0d24dea11876acdcaec46f1fc38c9695be58a79e5188ae263ade.webp
73cee339-a6eb-59ce-8ec0-bc70b1cffd61,[Mẫu] Farmstay gần Chùa Phật Tích · 086,STAY,NONE,Bắc Ninh,1650000,PER_NIGHT,4.3,3,https://res.cloudinary.com/p1kxfhlw/image/upload/v1791127850/admin-uploads/seeder/c857b931b5892bee476e9bee7ab98772541d61106f5ae81586f2c2284804687e.webp
9969c47c-b2f1-51bd-8f51-2af6a27786a3,[Mẫu] Lều glamping gần Thác Voi (Nam Ban) · 087,STAY,NONE,Lâm Đồng,1750000,PER_NIGHT,4.7,3,https://res.cloudinary.com/p1kxfhlw/image/upload/v1791127852/admin-uploads/seeder/fb3ba8206c15a2444cf4eaa02475551b97719ec1b0831ba8d22322cb3542357b.webp
b73daa6a-cf33-54e7-8199-031939e7e85b,[Mẫu] Nhà nghỉ ven phố gần Điện Thái Hòa (Hoàng thành Huế) · 088,STAY,NONE,Huế,1850000,PER_NIGHT,4,3,https://res.cloudinary.com/p1kxfhlw/image/upload/v1791127853/admin-uploads/seeder/21a23e8cc11b45da5db0bdbbd5f8b5fec49bb5493207196195f28d1c69745d6d.webp
d453497e-8267-5375-8826-a2cd921398cd,[Mẫu] Khách sạn boutique gần Đền Trần (Long Hưng) · 089,STAY,NONE,Hưng Yên,1950000,PER_NIGHT,4.3,3,https://res.cloudinary.com/p1kxfhlw/image/upload/v1791127854/admin-uploads/seeder/5eba8fc29735d8c98df810d453d2323319c465557244dd88a8ce064f6336b4d3.webp
6e8cbe4c-0cb5-5de1-8adf-bd1bd267c6b7,[Mẫu] Căn hộ có bếp gần Khu du lịch Văn hóa Suối Tiên · 090,STAY,NONE,Hồ Chí Minh,2050000,PER_NIGHT,4.7,3,https://res.cloudinary.com/p1kxfhlw/image/upload/v1791127855/admin-uploads/seeder/7b10f1a459a5e9092a4c1afeec653e4f5e9c934f276c0404b4ccaedfa79dbb82.webp
d3002860-164c-533f-8ebc-562c0822de54,[Mẫu] Villa gia đình gần Đình Mông Phụ · 091,STAY,NONE,Hà Nội,2150000,PER_NIGHT,4,3,https://res.cloudinary.com/p1kxfhlw/image/upload/v1791127857/admin-uploads/seeder/eb0f7d4cc7365ee3b95baa2ba1fe27f52f13a37ff55fff15f88bf021aeb8f0a8.webp
2561721f-9288-5821-8418-1cb929a0e112,[Mẫu] Homestay sân vườn gần Đền Bà Chúa Kho (Bắc Ninh) · 092,STAY,NONE,Bắc Ninh,2250000,PER_NIGHT,4.3,3,https://res.cloudinary.com/p1kxfhlw/image/upload/v1791127858/admin-uploads/seeder/935c1e17b2f3a9b29903ecd099ded4cb3507aa5fd997a323b79d9c3a1176ace8.webp
1115bc64-7be0-50e7-8555-939e5845f130,[Mẫu] Bungalow gần Chùa Linh Phước · 093,STAY,NONE,Lâm Đồng,2350000,PER_NIGHT,4.7,3,https://res.cloudinary.com/p1kxfhlw/image/upload/v1791127858/admin-uploads/seeder/c3fe51a46800898fcb488c0d953ad404316bcec7fd3667026f722146745ac91c.webp
0d6ada62-5b97-5838-8d8b-42a9a8ac0d77,[Mẫu] Resort nghỉ dưỡng gần Cung Diên Thọ · 094,STAY,NONE,Huế,2450000,PER_NIGHT,4,3,https://res.cloudinary.com/p1kxfhlw/image/upload/v1791127860/admin-uploads/seeder/7d190fc83c214e5620c4a7792a1399a7f3afed0121d684c9c6572df09ff17e98.webp
cf5b89f4-f63d-5874-8ef0-b301b67caf49,[Mẫu] Cabin gỗ gần Động Hoa Lư · 095,STAY,NONE,Ninh Bình,2550000,PER_NIGHT,4.3,3,https://res.cloudinary.com/p1kxfhlw/image/upload/v1791127861/admin-uploads/seeder/8c7a26cd296d45764ad089004571972bae29625523521d978c2c8c90e9cf17d9.webp
e74885d5-fa2f-5c06-81cc-f0cd4cc6c3a8,[Mẫu] Hostel phòng riêng gần Công viên 23 tháng 9 · 096,STAY,NONE,Hồ Chí Minh,2650000,PER_NIGHT,4.7,3,https://res.cloudinary.com/p1kxfhlw/image/upload/v1791127862/admin-uploads/seeder/abd72ef561f34073947a65ce673357ced32812d6899101d1be161c54b53092c8.webp
9ebf847e-f692-51b6-8690-52e11bce3cd2,[Mẫu] Farmstay gần Nhà tù Hỏa Lò · 097,STAY,NONE,Hà Nội,350000,PER_NIGHT,4,3,https://res.cloudinary.com/p1kxfhlw/image/upload/v1791127864/admin-uploads/seeder/79f92adcf52589acd6300f9cea3bf6c43ab67e47de6753cc7bdb69da308bd805.webp
801efe71-c476-5cf3-888f-f86330c1f991,[Mẫu] Lều glamping gần Đền Ngọc Sơn · 098,STAY,NONE,Hà Nội,450000,PER_NIGHT,4.3,3,https://res.cloudinary.com/p1kxfhlw/image/upload/v1791127865/admin-uploads/seeder/1de565696a5dff542b437184a5d7c1ca94dd1c99b92437c509b73b39c0034c4b.webp
a4b71c9e-4f88-5693-8b36-9496e568139c,[Mẫu] Nhà nghỉ ven phố gần Thiền viện Trúc Lâm Đà Lạt · 099,STAY,NONE,Lâm Đồng,550000,PER_NIGHT,4.7,3,https://res.cloudinary.com/p1kxfhlw/image/upload/v1791127866/admin-uploads/seeder/2f58e4f1b4561bf6de776f7e09e78f5bafea5abdaab11134174f9011ce62115d.webp
bb84d16c-7f8c-5921-8bec-fcbb4529b777,[Mẫu] Khách sạn boutique gần Vương cung thánh đường Đức Mẹ La Vang · 100,STAY,NONE,Quảng Trị,650000,PER_NIGHT,4,3,https://res.cloudinary.com/p1kxfhlw/image/upload/v1791127868/admin-uploads/seeder/7e17af6edc1b48f2fbb725a675ba178bcd481ea926bc12404f7c3974834227cf.webp
60635e33-661f-55c8-8b3e-3bd73201792a,[Mẫu] Căn hộ có bếp gần Vườn quốc gia Phong Nha – Kẻ Bàng · 101,STAY,NONE,Quảng Trị,750000,PER_NIGHT,4.3,3,https://res.cloudinary.com/p1kxfhlw/image/upload/v1791127763/admin-uploads/seeder/e2ca567ab73a1b59194332c46b2afdc2d7019c5be414f6cf10f39e69d04daf3d.webp
e2a61164-259f-5d6b-8aba-43a1dddef609,[Mẫu] Villa gia đình gần Vườn quốc gia Tam Đảo · 102,STAY,NONE,Phú Thọ,850000,PER_NIGHT,4.7,3,https://res.cloudinary.com/p1kxfhlw/image/upload/v1791127845/admin-uploads/seeder/985f6a4d0a1e34e2a69361e94160567bd003c42649d24f0aaff760f511999779.webp
5686dc42-f21d-53a5-8e01-f85219bc0312,[Mẫu] Homestay sân vườn gần Vườn quốc gia Núi Chúa · 103,STAY,NONE,Khánh Hòa,950000,PER_NIGHT,4,3,https://res.cloudinary.com/p1kxfhlw/image/upload/v1791127846/admin-uploads/seeder/a3bb132505d3f21f8b124f7dba2f1f128622f9686df25d7e910cae1f9bb22771.webp
ac22c541-6c1e-52b6-8a5b-50b78301a132,[Mẫu] Bungalow gần Vườn quốc gia Bái Tử Long · 104,STAY,NONE,Quảng Ninh,1050000,PER_NIGHT,4.3,3,https://res.cloudinary.com/p1kxfhlw/image/upload/v1791127848/admin-uploads/seeder/2a8d46b1947ff79a6c8e4319fe6ceaf75197d3b7c3abb600c6cfaadd6f9aa668.webp
619fbd71-1fc6-5a5f-8c09-9e10bc8eabf6,[Mẫu] Resort nghỉ dưỡng gần Vườn quốc gia Ea Sô · 105,STAY,NONE,Đắk Lắk,1150000,PER_NIGHT,4.7,3,https://res.cloudinary.com/p1kxfhlw/image/upload/v1791127849/admin-uploads/seeder/21c90f19e44b0d24dea11876acdcaec46f1fc38c9695be58a79e5188ae263ade.webp
018712b8-affd-5c2c-88f9-34da39070d15,[Mẫu] Cabin gỗ gần Vườn quốc gia Phja Oắc – Phja Đén · 106,STAY,NONE,Cao Bằng,1250000,PER_NIGHT,4,3,https://res.cloudinary.com/p1kxfhlw/image/upload/v1791127850/admin-uploads/seeder/c857b931b5892bee476e9bee7ab98772541d61106f5ae81586f2c2284804687e.webp
8466b362-e879-58d7-81d3-2f86fd4cb712,[Mẫu] Hostel phòng riêng gần Khu du lịch Núi Bà Đen · 107,STAY,NONE,Tây Ninh,1350000,PER_NIGHT,4.3,3,https://res.cloudinary.com/p1kxfhlw/image/upload/v1791127852/admin-uploads/seeder/fb3ba8206c15a2444cf4eaa02475551b97719ec1b0831ba8d22322cb3542357b.webp
24c730d0-a13e-5d8c-8d20-7dce40ca281c,[Mẫu] Farmstay gần Mũi Né · 108,STAY,NONE,Lâm Đồng,1450000,PER_NIGHT,4.7,3,https://res.cloudinary.com/p1kxfhlw/image/upload/v1791127853/admin-uploads/seeder/21a23e8cc11b45da5db0bdbbd5f8b5fec49bb5493207196195f28d1c69745d6d.webp
803ed777-fe13-5ac6-8e60-03bbe2e9a4d5,[Mẫu] Lều glamping gần Biển Ba Động · 109,STAY,NONE,Vĩnh Long,1550000,PER_NIGHT,4,3,https://res.cloudinary.com/p1kxfhlw/image/upload/v1791127854/admin-uploads/seeder/5eba8fc29735d8c98df810d453d2323319c465557244dd88a8ce064f6336b4d3.webp
4ca98468-cd6f-5a3a-81a6-430ca87d9b55,[Mẫu] Nhà nghỉ ven phố gần Bãi tắm Hoàng Hậu · 110,STAY,NONE,Gia Lai,1650000,PER_NIGHT,4.3,3,https://res.cloudinary.com/p1kxfhlw/image/upload/v1791127855/admin-uploads/seeder/7b10f1a459a5e9092a4c1afeec653e4f5e9c934f276c0404b4ccaedfa79dbb82.webp
c2d9c4a1-cb87-5300-852b-f6ecd815d729,[Mẫu] Khách sạn boutique gần Khu di tích lịch sử Kim Liên · 111,STAY,NONE,Nghệ An,1750000,PER_NIGHT,4.7,3,https://res.cloudinary.com/p1kxfhlw/image/upload/v1791127857/admin-uploads/seeder/eb0f7d4cc7365ee3b95baa2ba1fe27f52f13a37ff55fff15f88bf021aeb8f0a8.webp
dd0e85cd-5b38-5a76-8faa-dd372ad37114,[Mẫu] Căn hộ có bếp gần Công viên Lê-nin · 112,STAY,NONE,Hà Nội,1850000,PER_NIGHT,4,3,https://res.cloudinary.com/p1kxfhlw/image/upload/v1791127858/admin-uploads/seeder/935c1e17b2f3a9b29903ecd099ded4cb3507aa5fd997a323b79d9c3a1176ace8.webp
b693daf2-89d9-5086-8eea-f4fb1b0979e6,[Mẫu] Villa gia đình gần Bảo tàng Lâm Đồng · 113,STAY,NONE,Lâm Đồng,1950000,PER_NIGHT,4.3,3,https://res.cloudinary.com/p1kxfhlw/image/upload/v1791127858/admin-uploads/seeder/c3fe51a46800898fcb488c0d953ad404316bcec7fd3667026f722146745ac91c.webp
529f401b-683a-59a1-8f0f-2782750b3ec5,[Mẫu] Homestay sân vườn gần Bảo tàng Cổ vật Cung đình Huế · 114,STAY,NONE,Huế,2050000,PER_NIGHT,4.7,3,https://res.cloudinary.com/p1kxfhlw/image/upload/v1791127860/admin-uploads/seeder/7d190fc83c214e5620c4a7792a1399a7f3afed0121d684c9c6572df09ff17e98.webp
542af39a-049c-5c2a-8740-fd969dbc9b24,"[Mẫu] Bungalow gần Bảo tàng Quân khu 5, Đà Nẵng · 115",STAY,NONE,Đà Nẵng,2150000,PER_NIGHT,4,3,https://res.cloudinary.com/p1kxfhlw/image/upload/v1791127861/admin-uploads/seeder/8c7a26cd296d45764ad089004571972bae29625523521d978c2c8c90e9cf17d9.webp
99b63e15-6998-58f7-8efa-b5826b5565e3,[Mẫu] Resort nghỉ dưỡng gần Bảo tàng Gốm sứ Mậu dịch · 116,STAY,NONE,Đà Nẵng,2250000,PER_NIGHT,4.3,3,https://res.cloudinary.com/p1kxfhlw/image/upload/v1791127862/admin-uploads/seeder/abd72ef561f34073947a65ce673357ced32812d6899101d1be161c54b53092c8.webp
d676648a-34d0-510d-8050-ad56f97ba10a,[Mẫu] Cabin gỗ gần Động Hương Tích · 117,STAY,NONE,Hà Nội,2350000,PER_NIGHT,4.7,3,https://res.cloudinary.com/p1kxfhlw/image/upload/v1791127864/admin-uploads/seeder/79f92adcf52589acd6300f9cea3bf6c43ab67e47de6753cc7bdb69da308bd805.webp
678f575d-82a6-5c91-8f27-74372a83105f,[Mẫu] Hostel phòng riêng gần Hòn Bà (Vũng Tàu) · 118,STAY,NONE,Hồ Chí Minh,2450000,PER_NIGHT,4,3,https://res.cloudinary.com/p1kxfhlw/image/upload/v1791127865/admin-uploads/seeder/1de565696a5dff542b437184a5d7c1ca94dd1c99b92437c509b73b39c0034c4b.webp
f94be888-c75f-554f-8b65-7c9d420f24b9,[Mẫu] Farmstay gần Hang Sửng Sốt · 119,STAY,NONE,Quảng Ninh,2550000,PER_NIGHT,4.3,3,https://res.cloudinary.com/p1kxfhlw/image/upload/v1791127866/admin-uploads/seeder/2f58e4f1b4561bf6de776f7e09e78f5bafea5abdaab11134174f9011ce62115d.webp
b38e5aa6-f629-50a0-8d7d-c023e4334b7f,[Mẫu] Lều glamping gần Thác Bạc (Sa Pa) · 120,STAY,NONE,Lào Cai,2650000,PER_NIGHT,4.7,3,https://res.cloudinary.com/p1kxfhlw/image/upload/v1791127868/admin-uploads/seeder/7e17af6edc1b48f2fbb725a675ba178bcd481ea926bc12404f7c3974834227cf.webp
882af139-a366-5472-88be-2d4268b9d9ec,[Mẫu] Nhà nghỉ ven phố gần Thác Bạc Tú Sơn · 121,STAY,NONE,Phú Thọ,350000,PER_NIGHT,4,3,https://res.cloudinary.com/p1kxfhlw/image/upload/v1791127763/admin-uploads/seeder/e2ca567ab73a1b59194332c46b2afdc2d7019c5be414f6cf10f39e69d04daf3d.webp
7c1f38cc-cf5d-5bf5-83aa-e965a8308f54,[Mẫu] Khách sạn boutique gần Thác K50 · 122,STAY,NONE,Gia Lai,450000,PER_NIGHT,4.3,3,https://res.cloudinary.com/p1kxfhlw/image/upload/v1791127845/admin-uploads/seeder/985f6a4d0a1e34e2a69361e94160567bd003c42649d24f0aaff760f511999779.webp
b3d170e0-c4e6-5f5d-8f28-83fa334e5a5a,[Mẫu] Căn hộ có bếp gần Thác Giang Điền · 123,STAY,NONE,Đồng Nai,550000,PER_NIGHT,4.7,3,https://res.cloudinary.com/p1kxfhlw/image/upload/v1791127846/admin-uploads/seeder/a3bb132505d3f21f8b124f7dba2f1f128622f9686df25d7e910cae1f9bb22771.webp
fbb56b9e-413a-52bf-878d-67503bc70de3,[Mẫu] Villa gia đình gần Thác Dải Yếm · 124,STAY,NONE,Sơn La,650000,PER_NIGHT,4,3,https://res.cloudinary.com/p1kxfhlw/image/upload/v1791127848/admin-uploads/seeder/2a8d46b1947ff79a6c8e4319fe6ceaf75197d3b7c3abb600c6cfaadd6f9aa668.webp
bd0e3bcf-2edb-5b37-8203-375c96c7a351,[Mẫu] Homestay sân vườn gần Thác H'Ly · 125,STAY,NONE,Đắk Lắk,750000,PER_NIGHT,4.3,3,https://res.cloudinary.com/p1kxfhlw/image/upload/v1791127849/admin-uploads/seeder/21c90f19e44b0d24dea11876acdcaec46f1fc38c9695be58a79e5188ae263ade.webp
fb53d076-0f46-5caf-8297-e9bab1b86241,[Mẫu] Bungalow gần Khu bảo tồn thiên nhiên Lung Ngọc Hoàng · 126,STAY,NONE,Cần Thơ,850000,PER_NIGHT,4.7,3,https://res.cloudinary.com/p1kxfhlw/image/upload/v1791127850/admin-uploads/seeder/c857b931b5892bee476e9bee7ab98772541d61106f5ae81586f2c2284804687e.webp
79f0243f-1c17-559b-89a6-4c34d1acbde6,[Mẫu] Resort nghỉ dưỡng gần Khu Bảo tồn thiên nhiên Mường Nhé · 127,STAY,NONE,Điện Biên,950000,PER_NIGHT,4,3,https://res.cloudinary.com/p1kxfhlw/image/upload/v1791127852/admin-uploads/seeder/fb3ba8206c15a2444cf4eaa02475551b97719ec1b0831ba8d22322cb3542357b.webp
e0e13858-21a7-5dcf-8e6a-e55438b13117,[Mẫu] Cabin gỗ gần Động Thiên Đường · 128,STAY,NONE,Quảng Trị,1050000,PER_NIGHT,4.3,3,https://res.cloudinary.com/p1kxfhlw/image/upload/v1791127853/admin-uploads/seeder/21a23e8cc11b45da5db0bdbbd5f8b5fec49bb5493207196195f28d1c69745d6d.webp
f350c4e4-cee3-574d-8f24-e71647c600b6,[Mẫu] Hostel phòng riêng gần Thác Đa · 129,STAY,NONE,Hà Nội,1150000,PER_NIGHT,4.7,3,https://res.cloudinary.com/p1kxfhlw/image/upload/v1791127854/admin-uploads/seeder/5eba8fc29735d8c98df810d453d2323319c465557244dd88a8ce064f6336b4d3.webp
1fe68bbe-3706-54e5-8a91-11ffa713e29a,[Mẫu] Farmstay gần Tháp Trầm Hương · 130,STAY,NONE,Khánh Hòa,1250000,PER_NIGHT,4,3,https://res.cloudinary.com/p1kxfhlw/image/upload/v1791127855/admin-uploads/seeder/7b10f1a459a5e9092a4c1afeec653e4f5e9c934f276c0404b4ccaedfa79dbb82.webp
fa046767-94a6-51a7-89dc-52dff0ab7875,[Mẫu] Lều glamping gần Thác Bảy Nhánh · 131,STAY,NONE,Đắk Lắk,1350000,PER_NIGHT,4.3,3,https://res.cloudinary.com/p1kxfhlw/image/upload/v1791127857/admin-uploads/seeder/eb0f7d4cc7365ee3b95baa2ba1fe27f52f13a37ff55fff15f88bf021aeb8f0a8.webp
a28afbe2-b685-53d3-8a8e-9d506911199b,[Mẫu] Nhà nghỉ ven phố gần Động Ngao · 132,STAY,NONE,Cao Bằng,1450000,PER_NIGHT,4.7,3,https://res.cloudinary.com/p1kxfhlw/image/upload/v1791127858/admin-uploads/seeder/935c1e17b2f3a9b29903ecd099ded4cb3507aa5fd997a323b79d9c3a1176ace8.webp
4b6ca9fa-e960-5a17-876f-f7ad0252ef24,[Mẫu] Khách sạn boutique gần Tòa Thánh Tây Ninh · 133,STAY,NONE,Tây Ninh,1550000,PER_NIGHT,4,3,https://res.cloudinary.com/p1kxfhlw/image/upload/v1791127858/admin-uploads/seeder/c3fe51a46800898fcb488c0d953ad404316bcec7fd3667026f722146745ac91c.webp
e831f0e1-5719-5efe-81cd-e078b56b1e14,[Mẫu] Căn hộ có bếp gần Cổ Thạch · 134,STAY,NONE,Lâm Đồng,1650000,PER_NIGHT,4.3,3,https://res.cloudinary.com/p1kxfhlw/image/upload/v1791127860/admin-uploads/seeder/7d190fc83c214e5620c4a7792a1399a7f3afed0121d684c9c6572df09ff17e98.webp
5f7218b7-546f-580c-8508-b50629476861,[Mẫu] Villa gia đình gần Bảo tàng Địa chất · 135,STAY,NONE,Hà Nội,1750000,PER_NIGHT,4.7,3,https://res.cloudinary.com/p1kxfhlw/image/upload/v1791127861/admin-uploads/seeder/8c7a26cd296d45764ad089004571972bae29625523521d978c2c8c90e9cf17d9.webp
4d20643c-049d-5d72-8d32-e6643e3ade05,[Mẫu] Homestay sân vườn gần Thác Cam Ly · 136,STAY,NONE,Lâm Đồng,1850000,PER_NIGHT,4,3,https://res.cloudinary.com/p1kxfhlw/image/upload/v1791127862/admin-uploads/seeder/abd72ef561f34073947a65ce673357ced32812d6899101d1be161c54b53092c8.webp
65c575c2-452f-563b-8a88-e2034db89495,[Mẫu] Bungalow gần Cồn Hến · 137,STAY,NONE,Huế,1950000,PER_NIGHT,4.3,3,https://res.cloudinary.com/p1kxfhlw/image/upload/v1791127864/admin-uploads/seeder/79f92adcf52589acd6300f9cea3bf6c43ab67e47de6753cc7bdb69da308bd805.webp
36e17b4c-85b8-5fc5-8bc2-f299e42d837d,[Mẫu] Resort nghỉ dưỡng gần Công viên 29 tháng 3 · 138,STAY,NONE,Đà Nẵng,2050000,PER_NIGHT,4.7,3,https://res.cloudinary.com/p1kxfhlw/image/upload/v1791127865/admin-uploads/seeder/1de565696a5dff542b437184a5d7c1ca94dd1c99b92437c509b73b39c0034c4b.webp
c705e5e5-bec7-5d6a-8e63-5de8130df9ec,[Mẫu] Cabin gỗ gần Bảo tàng Hội An · 139,STAY,NONE,Đà Nẵng,2150000,PER_NIGHT,4,3,https://res.cloudinary.com/p1kxfhlw/image/upload/v1791127866/admin-uploads/seeder/2f58e4f1b4561bf6de776f7e09e78f5bafea5abdaab11134174f9011ce62115d.webp
0b4895f4-b7ae-546a-8e26-aed5374d1b45,[Mẫu] Hostel phòng riêng gần Khu dự trữ sinh quyển rừng ngập mặn Cần Giờ · 140,STAY,NONE,Hồ Chí Minh,2250000,PER_NIGHT,4.3,3,https://res.cloudinary.com/p1kxfhlw/image/upload/v1791127868/admin-uploads/seeder/7e17af6edc1b48f2fbb725a675ba178bcd481ea926bc12404f7c3974834227cf.webp
89e57176-f869-55b8-8521-d51969feae38,[Mẫu] Farmstay gần Thác Cát Cát · 141,STAY,NONE,Lào Cai,2350000,PER_NIGHT,4.7,3,https://res.cloudinary.com/p1kxfhlw/image/upload/v1791127763/admin-uploads/seeder/e2ca567ab73a1b59194332c46b2afdc2d7019c5be414f6cf10f39e69d04daf3d.webp
f0358667-d406-50aa-8a47-20b0e132729b,[Mẫu] Lều glamping gần Thác Gò Lào · 142,STAY,NONE,Phú Thọ,2450000,PER_NIGHT,4,3,https://res.cloudinary.com/p1kxfhlw/image/upload/v1791127845/admin-uploads/seeder/985f6a4d0a1e34e2a69361e94160567bd003c42649d24f0aaff760f511999779.webp
a1da6249-8820-51fa-8a0c-ab2809201447,[Mẫu] Nhà nghỉ ven phố gần Thác Mai · 143,STAY,NONE,Đồng Nai,2550000,PER_NIGHT,4.3,3,https://res.cloudinary.com/p1kxfhlw/image/upload/v1791127846/admin-uploads/seeder/a3bb132505d3f21f8b124f7dba2f1f128622f9686df25d7e910cae1f9bb22771.webp
a6e5ed40-edb9-5994-85b7-eb7ad0940486,[Mẫu] Khách sạn boutique gần Tháp Nhạn · 144,STAY,NONE,Đắk Lắk,2650000,PER_NIGHT,4.7,3,https://res.cloudinary.com/p1kxfhlw/image/upload/v1791127848/admin-uploads/seeder/2a8d46b1947ff79a6c8e4319fe6ceaf75197d3b7c3abb600c6cfaadd6f9aa668.webp
9bc56f5a-78d7-55ea-8e9f-c36a50ea265b,[Mẫu] Căn hộ có bếp gần Vườn chim Bạc Liêu · 145,STAY,NONE,Cà Mau,350000,PER_NIGHT,4,3,https://res.cloudinary.com/p1kxfhlw/image/upload/v1791127849/admin-uploads/seeder/21c90f19e44b0d24dea11876acdcaec46f1fc38c9695be58a79e5188ae263ade.webp
7e44f649-3539-5d22-89c9-51524e363c33,[Mẫu] Villa gia đình gần Chiến khu Tân Trào · 146,STAY,NONE,Tuyên Quang,450000,PER_NIGHT,4.3,3,https://res.cloudinary.com/p1kxfhlw/image/upload/v1791127850/admin-uploads/seeder/c857b931b5892bee476e9bee7ab98772541d61106f5ae81586f2c2284804687e.webp
1a92ee62-fed9-5ba7-8bfe-89bde94f3ac2,[Mẫu] Homestay sân vườn gần Hang Đầu Gỗ · 147,STAY,NONE,Quảng Ninh,550000,PER_NIGHT,4.7,3,https://res.cloudinary.com/p1kxfhlw/image/upload/v1791127852/admin-uploads/seeder/fb3ba8206c15a2444cf4eaa02475551b97719ec1b0831ba8d22322cb3542357b.webp
247126df-7206-5fdf-86af-04c1119c5913,[Mẫu] Bungalow gần Thác Đray Nur · 148,STAY,NONE,Đắk Lắk,650000,PER_NIGHT,4,3,https://res.cloudinary.com/p1kxfhlw/image/upload/v1791127853/admin-uploads/seeder/21a23e8cc11b45da5db0bdbbd5f8b5fec49bb5493207196195f28d1c69745d6d.webp
aa81f92f-fed4-5ee4-827a-afa9d21fcbce,[Mẫu] Resort nghỉ dưỡng gần Động Hua Mạ · 149,STAY,NONE,Thái Nguyên,750000,PER_NIGHT,4.3,3,https://res.cloudinary.com/p1kxfhlw/image/upload/v1791127854/admin-uploads/seeder/5eba8fc29735d8c98df810d453d2323319c465557244dd88a8ce064f6336b4d3.webp
b71f9bd3-5a8c-56fd-80c5-1dece1279b5c,[Mẫu] Cabin gỗ gần Thác Đứng · 150,STAY,NONE,Đồng Nai,850000,PER_NIGHT,4.7,3,https://res.cloudinary.com/p1kxfhlw/image/upload/v1791127855/admin-uploads/seeder/7b10f1a459a5e9092a4c1afeec653e4f5e9c934f276c0404b4ccaedfa79dbb82.webp
0c002986-18ac-5d02-8953-7762abfe35ec,[Mẫu] Hostel phòng riêng gần Thác Bobla · 151,STAY,NONE,Lâm Đồng,950000,PER_NIGHT,4,3,https://res.cloudinary.com/p1kxfhlw/image/upload/v1791127857/admin-uploads/seeder/eb0f7d4cc7365ee3b95baa2ba1fe27f52f13a37ff55fff15f88bf021aeb8f0a8.webp
2d5cdd28-cc80-511a-8d1b-ff72aa81da49,[Mẫu] Farmstay gần Bảo tàng Lịch sử quốc gia (Việt Nam) · 152,STAY,NONE,Hà Nội,1050000,PER_NIGHT,4.3,3,https://res.cloudinary.com/p1kxfhlw/image/upload/v1791127858/admin-uploads/seeder/935c1e17b2f3a9b29903ecd099ded4cb3507aa5fd997a323b79d9c3a1176ace8.webp
3da112f5-5f2a-5f9e-8b71-e4c1ff916830,[Mẫu] Lều glamping gần Thác Đamb'ri · 153,STAY,NONE,Lâm Đồng,1150000,PER_NIGHT,4.7,3,https://res.cloudinary.com/p1kxfhlw/image/upload/v1791127858/admin-uploads/seeder/c3fe51a46800898fcb488c0d953ad404316bcec7fd3667026f722146745ac91c.webp
61a0f3e8-5f8f-54b8-8d05-966d87e7fc64,[Mẫu] Nhà nghỉ ven phố gần Địa đạo Vịnh Mốc · 154,STAY,NONE,Quảng Trị,1250000,PER_NIGHT,4,3,https://res.cloudinary.com/p1kxfhlw/image/upload/v1791127860/admin-uploads/seeder/7d190fc83c214e5620c4a7792a1399a7f3afed0121d684c9c6572df09ff17e98.webp
52b6f26e-4370-5fc8-8914-30a0b378b3f7,[Mẫu] Khách sạn boutique gần Thác Đỗ Quyên · 155,STAY,NONE,Huế,1350000,PER_NIGHT,4.3,3,https://res.cloudinary.com/p1kxfhlw/image/upload/v1791127861/admin-uploads/seeder/8c7a26cd296d45764ad089004571972bae29625523521d978c2c8c90e9cf17d9.webp
d9ffd937-c53f-526a-8ef6-d093988d8b55,[Mẫu] Căn hộ có bếp gần Chùa Hang (Quảng Ngãi) · 156,STAY,NONE,Quảng Ngãi,1450000,PER_NIGHT,4.7,3,https://res.cloudinary.com/p1kxfhlw/image/upload/v1791127862/admin-uploads/seeder/abd72ef561f34073947a65ce673357ced32812d6899101d1be161c54b53092c8.webp
29bcfa1a-9c4d-5988-802e-d0a89ce313b7,[Mẫu] Villa gia đình gần Đền thờ Vua Lê Đại Hành · 157,STAY,NONE,Ninh Bình,1550000,PER_NIGHT,4,3,https://res.cloudinary.com/p1kxfhlw/image/upload/v1791127864/admin-uploads/seeder/79f92adcf52589acd6300f9cea3bf6c43ab67e47de6753cc7bdb69da308bd805.webp
732de763-2b2e-53fd-8ec3-779ceca08e61,[Mẫu] Homestay sân vườn gần Đền Bảo Hà · 158,STAY,NONE,Lào Cai,1650000,PER_NIGHT,4.3,3,https://res.cloudinary.com/p1kxfhlw/image/upload/v1791127865/admin-uploads/seeder/1de565696a5dff542b437184a5d7c1ca94dd1c99b92437c509b73b39c0034c4b.webp
ebdf2882-941c-5e17-8a0f-2bda6a7edbed,[Mẫu] Bungalow gần Đền Bà Triệu · 159,STAY,NONE,Thanh Hóa,1750000,PER_NIGHT,4.7,3,https://res.cloudinary.com/p1kxfhlw/image/upload/v1791127866/admin-uploads/seeder/2f58e4f1b4561bf6de776f7e09e78f5bafea5abdaab11134174f9011ce62115d.webp
602c1cfc-2c26-5040-8105-dca711e123dc,[Mẫu] Resort nghỉ dưỡng gần Thảo Cầm Viên Sài Gòn · 160,STAY,NONE,Hồ Chí Minh,1850000,PER_NIGHT,4,3,https://res.cloudinary.com/p1kxfhlw/image/upload/v1791127868/admin-uploads/seeder/7e17af6edc1b48f2fbb725a675ba178bcd481ea926bc12404f7c3974834227cf.webp
b6179c62-5e4f-5d02-8a8f-bea33eb324c4,[Mẫu] Cabin gỗ gần Đền Mẫu Âu Cơ · 161,STAY,NONE,Phú Thọ,1950000,PER_NIGHT,4.3,3,https://res.cloudinary.com/p1kxfhlw/image/upload/v1791127763/admin-uploads/seeder/e2ca567ab73a1b59194332c46b2afdc2d7019c5be414f6cf10f39e69d04daf3d.webp
e5112ff2-9aa8-5515-88d8-cdf1090417ec,[Mẫu] Hostel phòng riêng gần Khu bảo tồn thiên nhiên Đồng Sơn – Kỳ Thượng · 162,STAY,NONE,Quảng Ninh,2050000,PER_NIGHT,4.7,3,https://res.cloudinary.com/p1kxfhlw/image/upload/v1791127845/admin-uploads/seeder/985f6a4d0a1e34e2a69361e94160567bd003c42649d24f0aaff760f511999779.webp
b570fee1-f115-5341-871d-74a8d7526948,[Mẫu] Farmstay gần Thác Bản Giốc · 163,STAY,NONE,Cao Bằng,2150000,PER_NIGHT,4,3,https://res.cloudinary.com/p1kxfhlw/image/upload/v1791127846/admin-uploads/seeder/a3bb132505d3f21f8b124f7dba2f1f128622f9686df25d7e910cae1f9bb22771.webp
5cf8d303-cd7b-59be-853f-bd44a0bb498a,[Mẫu] Lều glamping gần Văn miếu Trấn Biên · 164,STAY,NONE,Đồng Nai,2250000,PER_NIGHT,4.3,3,https://res.cloudinary.com/p1kxfhlw/image/upload/v1791127848/admin-uploads/seeder/2a8d46b1947ff79a6c8e4319fe6ceaf75197d3b7c3abb600c6cfaadd6f9aa668.webp
c8e7e8c0-24d6-524b-8554-de6878290a08,[Mẫu] Nhà nghỉ ven phố gần Công viên Thủ Lệ · 165,STAY,NONE,Hà Nội,2350000,PER_NIGHT,4.7,3,https://res.cloudinary.com/p1kxfhlw/image/upload/v1791127849/admin-uploads/seeder/21c90f19e44b0d24dea11876acdcaec46f1fc38c9695be58a79e5188ae263ade.webp
6259b56a-7c5b-546b-882c-093b3b0d3977,[Mẫu] Khách sạn boutique gần Thác Datanla · 166,STAY,NONE,Lâm Đồng,2450000,PER_NIGHT,4,3,https://res.cloudinary.com/p1kxfhlw/image/upload/v1791127850/admin-uploads/seeder/c857b931b5892bee476e9bee7ab98772541d61106f5ae81586f2c2284804687e.webp
db723bcc-6bf3-5d7d-896f-590ce08a844d,[Mẫu] Căn hộ có bếp gần Chùa Thánh Duyên · 167,STAY,NONE,Huế,2550000,PER_NIGHT,4.3,3,https://res.cloudinary.com/p1kxfhlw/image/upload/v1791127852/admin-uploads/seeder/fb3ba8206c15a2444cf4eaa02475551b97719ec1b0831ba8d22322cb3542357b.webp
bb4c06dc-71ec-5383-8c6f-5ce2a762d183,[Mẫu] Villa gia đình gần Đền Trần Thương · 168,STAY,NONE,Ninh Bình,2650000,PER_NIGHT,4.7,3,https://res.cloudinary.com/p1kxfhlw/image/upload/v1791127853/admin-uploads/seeder/21a23e8cc11b45da5db0bdbbd5f8b5fec49bb5493207196195f28d1c69745d6d.webp
e283e630-b5ce-5f25-8863-fb6094e4177d,[Mẫu] Homestay sân vườn gần Đền thờ Lê Hoàn · 169,STAY,NONE,Thanh Hóa,350000,PER_NIGHT,4,3,https://res.cloudinary.com/p1kxfhlw/image/upload/v1791127854/admin-uploads/seeder/5eba8fc29735d8c98df810d453d2323319c465557244dd88a8ce064f6336b4d3.webp
6b5e7f86-ab2b-541d-874e-a9e7047a7b1f,[Mẫu] Bungalow gần Đền thờ Trần Hưng Đạo (Thành phố Hồ Chí Minh) · 170,STAY,NONE,Hồ Chí Minh,450000,PER_NIGHT,4.3,3,https://res.cloudinary.com/p1kxfhlw/image/upload/v1791127855/admin-uploads/seeder/7b10f1a459a5e9092a4c1afeec653e4f5e9c934f276c0404b4ccaedfa79dbb82.webp
91926f6f-d29d-55ee-87d5-bd942e7d0485,[Mẫu] Resort nghỉ dưỡng gần Đền Và · 171,STAY,NONE,Hà Nội,550000,PER_NIGHT,4.7,3,https://res.cloudinary.com/p1kxfhlw/image/upload/v1791127857/admin-uploads/seeder/eb0f7d4cc7365ee3b95baa2ba1fe27f52f13a37ff55fff15f88bf021aeb8f0a8.webp
efdadf36-0159-51bd-8f78-58e69fd864b8,[Mẫu] Cabin gỗ gần Thác Đầu Đẳng · 172,STAY,NONE,Thái Nguyên,650000,PER_NIGHT,4,3,https://res.cloudinary.com/p1kxfhlw/image/upload/v1791127858/admin-uploads/seeder/935c1e17b2f3a9b29903ecd099ded4cb3507aa5fd997a323b79d9c3a1176ace8.webp
5a62f408-9dd4-541c-8aef-47cf8788c9f7,[Mẫu] Hostel phòng riêng gần Chùa Bút Tháp · 173,STAY,NONE,Bắc Ninh,750000,PER_NIGHT,4.3,3,https://res.cloudinary.com/p1kxfhlw/image/upload/v1791127858/admin-uploads/seeder/c3fe51a46800898fcb488c0d953ad404316bcec7fd3667026f722146745ac91c.webp
e46264e2-6fc3-5f40-83d4-92e0da660e12,[Mẫu] Farmstay gần Thác Prenn · 174,STAY,NONE,Lâm Đồng,850000,PER_NIGHT,4.7,3,https://res.cloudinary.com/p1kxfhlw/image/upload/v1791127860/admin-uploads/seeder/7d190fc83c214e5620c4a7792a1399a7f3afed0121d684c9c6572df09ff17e98.webp
cbc633d8-25ee-57ea-8017-68ee20d9953e,[Mẫu] Lều glamping gần Đàn Xã Tắc (Huế) · 175,STAY,NONE,Huế,950000,PER_NIGHT,4,3,https://res.cloudinary.com/p1kxfhlw/image/upload/v1791127861/admin-uploads/seeder/8c7a26cd296d45764ad089004571972bae29625523521d978c2c8c90e9cf17d9.webp
a7fd8f28-a4bf-54cf-8981-8736da572ac6,[Mẫu] Nhà nghỉ ven phố gần Đền thờ Vua Đinh Tiên Hoàng · 176,STAY,NONE,Ninh Bình,1050000,PER_NIGHT,4.3,3,https://res.cloudinary.com/p1kxfhlw/image/upload/v1791127862/admin-uploads/seeder/abd72ef561f34073947a65ce673357ced32812d6899101d1be161c54b53092c8.webp
7fb43f55-89d3-5b5c-86c9-83f1d425bc64,[Mẫu] Khách sạn boutique gần Công viên Văn hóa Đầm Sen · 177,STAY,NONE,Hồ Chí Minh,1150000,PER_NIGHT,4.7,3,https://res.cloudinary.com/p1kxfhlw/image/upload/v1791127864/admin-uploads/seeder/79f92adcf52589acd6300f9cea3bf6c43ab67e47de6753cc7bdb69da308bd805.webp
19b0018e-1923-5003-8005-7ecb55a17ef6,[Mẫu] Căn hộ có bếp gần Đình Chu Quyến · 178,STAY,NONE,Hà Nội,1250000,PER_NIGHT,4,3,https://res.cloudinary.com/p1kxfhlw/image/upload/v1791127865/admin-uploads/seeder/1de565696a5dff542b437184a5d7c1ca94dd1c99b92437c509b73b39c0034c4b.webp
b0781c9f-ebe8-57db-8502-42cee3bdcbc9,[Mẫu] Villa gia đình gần Thác Pác Ban · 179,STAY,NONE,Tuyên Quang,1350000,PER_NIGHT,4.3,3,https://res.cloudinary.com/p1kxfhlw/image/upload/v1791127866/admin-uploads/seeder/2f58e4f1b4561bf6de776f7e09e78f5bafea5abdaab11134174f9011ce62115d.webp
2f967508-2a11-5819-8975-4f035e5f5959,[Mẫu] Homestay sân vườn gần Chùa Thầy · 180,STAY,NONE,Hà Nội,1450000,PER_NIGHT,4.7,3,https://res.cloudinary.com/p1kxfhlw/image/upload/v1791127868/admin-uploads/seeder/7e17af6edc1b48f2fbb725a675ba178bcd481ea926bc12404f7c3974834227cf.webp
58327be3-e711-5f0d-8d2f-f20a21d2a23a,[Mẫu] Bungalow gần Thác Pongour · 181,STAY,NONE,Lâm Đồng,1550000,PER_NIGHT,4,3,https://res.cloudinary.com/p1kxfhlw/image/upload/v1791127763/admin-uploads/seeder/e2ca567ab73a1b59194332c46b2afdc2d7019c5be414f6cf10f39e69d04daf3d.webp
e2bfe972-d498-5efb-8c96-7e9941bbee4f,[Mẫu] Resort nghỉ dưỡng gần Cửu Đỉnh (nhà Nguyễn) · 182,STAY,NONE,Huế,1650000,PER_NIGHT,4.3,3,https://res.cloudinary.com/p1kxfhlw/image/upload/v1791127845/admin-uploads/seeder/985f6a4d0a1e34e2a69361e94160567bd003c42649d24f0aaff760f511999779.webp
55148f07-1843-52ad-8631-c035c5ec4e54,[Mẫu] Cabin gỗ gần Đền Trần (Nam Định) · 183,STAY,NONE,Ninh Bình,1750000,PER_NIGHT,4.7,3,https://res.cloudinary.com/p1kxfhlw/image/upload/v1791127846/admin-uploads/seeder/a3bb132505d3f21f8b124f7dba2f1f128622f9686df25d7e910cae1f9bb22771.webp
d927b768-b25b-5279-822c-209a48cdb04f,[Mẫu] Hostel phòng riêng gần Đình Tây Đằng · 184,STAY,NONE,Hà Nội,1850000,PER_NIGHT,4,3,https://res.cloudinary.com/p1kxfhlw/image/upload/v1791127848/admin-uploads/seeder/2a8d46b1947ff79a6c8e4319fe6ceaf75197d3b7c3abb600c6cfaadd6f9aa668.webp
9b123efc-d438-51f6-83c5-a9dc039663ef,[Mẫu] Farmstay gần Phố cổ Đồng Văn · 185,STAY,NONE,Tuyên Quang,1950000,PER_NIGHT,4.3,3,https://res.cloudinary.com/p1kxfhlw/image/upload/v1791127849/admin-uploads/seeder/21c90f19e44b0d24dea11876acdcaec46f1fc38c9695be58a79e5188ae263ade.webp
1dd0cae7-68e9-58cc-8b30-047c153cbb82,[Mẫu] Lều glamping gần Chùa Phật Tích · 186,STAY,NONE,Bắc Ninh,2050000,PER_NIGHT,4.7,3,https://res.cloudinary.com/p1kxfhlw/image/upload/v1791127850/admin-uploads/seeder/c857b931b5892bee476e9bee7ab98772541d61106f5ae81586f2c2284804687e.webp
8b90b748-cee3-504e-8aa7-aca6a8f3bdb5,[Mẫu] Nhà nghỉ ven phố gần Thác Voi (Nam Ban) · 187,STAY,NONE,Lâm Đồng,2150000,PER_NIGHT,4,3,https://res.cloudinary.com/p1kxfhlw/image/upload/v1791127852/admin-uploads/seeder/fb3ba8206c15a2444cf4eaa02475551b97719ec1b0831ba8d22322cb3542357b.webp
4686e322-af8e-5fdf-80e3-0b173e65480c,[Mẫu] Khách sạn boutique gần Điện Thái Hòa (Hoàng thành Huế) · 188,STAY,NONE,Huế,2250000,PER_NIGHT,4.3,3,https://res.cloudinary.com/p1kxfhlw/image/upload/v1791127853/admin-uploads/seeder/21a23e8cc11b45da5db0bdbbd5f8b5fec49bb5493207196195f28d1c69745d6d.webp
b1bd975f-a063-5fc0-8450-f89e9ff18fec,[Mẫu] Căn hộ có bếp gần Đền Trần (Long Hưng) · 189,STAY,NONE,Hưng Yên,2350000,PER_NIGHT,4.7,3,https://res.cloudinary.com/p1kxfhlw/image/upload/v1791127854/admin-uploads/seeder/5eba8fc29735d8c98df810d453d2323319c465557244dd88a8ce064f6336b4d3.webp
e5dde537-4509-5863-8156-426ed5e5346c,[Mẫu] Villa gia đình gần Khu du lịch Văn hóa Suối Tiên · 190,STAY,NONE,Hồ Chí Minh,2450000,PER_NIGHT,4,3,https://res.cloudinary.com/p1kxfhlw/image/upload/v1791127855/admin-uploads/seeder/7b10f1a459a5e9092a4c1afeec653e4f5e9c934f276c0404b4ccaedfa79dbb82.webp
77554ff2-2dc0-53b1-8ca2-5db501b48c18,[Mẫu] Homestay sân vườn gần Đình Mông Phụ · 191,STAY,NONE,Hà Nội,2550000,PER_NIGHT,4.3,3,https://res.cloudinary.com/p1kxfhlw/image/upload/v1791127857/admin-uploads/seeder/eb0f7d4cc7365ee3b95baa2ba1fe27f52f13a37ff55fff15f88bf021aeb8f0a8.webp
5f44a734-109d-5994-8f17-7189149a4036,[Mẫu] Bungalow gần Đền Bà Chúa Kho (Bắc Ninh) · 192,STAY,NONE,Bắc Ninh,2650000,PER_NIGHT,4.7,3,https://res.cloudinary.com/p1kxfhlw/image/upload/v1791127858/admin-uploads/seeder/935c1e17b2f3a9b29903ecd099ded4cb3507aa5fd997a323b79d9c3a1176ace8.webp
260d5931-af6d-50fd-8a23-54dcf69de372,[Mẫu] Resort nghỉ dưỡng gần Chùa Linh Phước · 193,STAY,NONE,Lâm Đồng,350000,PER_NIGHT,4,3,https://res.cloudinary.com/p1kxfhlw/image/upload/v1791127858/admin-uploads/seeder/c3fe51a46800898fcb488c0d953ad404316bcec7fd3667026f722146745ac91c.webp
bf295898-550e-579b-809a-f099e5a89f8f,[Mẫu] Cabin gỗ gần Cung Diên Thọ · 194,STAY,NONE,Huế,450000,PER_NIGHT,4.3,3,https://res.cloudinary.com/p1kxfhlw/image/upload/v1791127860/admin-uploads/seeder/7d190fc83c214e5620c4a7792a1399a7f3afed0121d684c9c6572df09ff17e98.webp
1b09e0be-d925-5872-8a72-587666df9d23,[Mẫu] Hostel phòng riêng gần Động Hoa Lư · 195,STAY,NONE,Ninh Bình,550000,PER_NIGHT,4.7,3,https://res.cloudinary.com/p1kxfhlw/image/upload/v1791127861/admin-uploads/seeder/8c7a26cd296d45764ad089004571972bae29625523521d978c2c8c90e9cf17d9.webp
eb476ca4-bc20-5df7-8330-89d9215c8a62,[Mẫu] Farmstay gần Công viên 23 tháng 9 · 196,STAY,NONE,Hồ Chí Minh,650000,PER_NIGHT,4,3,https://res.cloudinary.com/p1kxfhlw/image/upload/v1791127862/admin-uploads/seeder/abd72ef561f34073947a65ce673357ced32812d6899101d1be161c54b53092c8.webp
cfb5afe5-5786-5a27-894a-2663317c2215,[Mẫu] Lều glamping gần Nhà tù Hỏa Lò · 197,STAY,NONE,Hà Nội,750000,PER_NIGHT,4.3,3,https://res.cloudinary.com/p1kxfhlw/image/upload/v1791127864/admin-uploads/seeder/79f92adcf52589acd6300f9cea3bf6c43ab67e47de6753cc7bdb69da308bd805.webp
e272b6ef-835c-56f2-890b-a60ce25dca2d,[Mẫu] Nhà nghỉ ven phố gần Đền Ngọc Sơn · 198,STAY,NONE,Hà Nội,850000,PER_NIGHT,4.7,3,https://res.cloudinary.com/p1kxfhlw/image/upload/v1791127865/admin-uploads/seeder/1de565696a5dff542b437184a5d7c1ca94dd1c99b92437c509b73b39c0034c4b.webp
9132b865-770e-502c-8db6-b2b1cf04a4fa,[Mẫu] Khách sạn boutique gần Thiền viện Trúc Lâm Đà Lạt · 199,STAY,NONE,Lâm Đồng,950000,PER_NIGHT,4,3,https://res.cloudinary.com/p1kxfhlw/image/upload/v1791127866/admin-uploads/seeder/2f58e4f1b4561bf6de776f7e09e78f5bafea5abdaab11134174f9011ce62115d.webp
9727db69-e5e3-5c6b-8762-c51d76d82398,[Mẫu] Căn hộ có bếp gần Vương cung thánh đường Đức Mẹ La Vang · 200,STAY,NONE,Quảng Trị,1050000,PER_NIGHT,4.3,3,https://res.cloudinary.com/p1kxfhlw/image/upload/v1791127868/admin-uploads/seeder/7e17af6edc1b48f2fbb725a675ba178bcd481ea926bc12404f7c3974834227cf.webp
5ee01070-ed23-5a37-8aa8-09d49570fbf3,[Mẫu] Villa gia đình gần Vườn quốc gia Phong Nha – Kẻ Bàng · 201,STAY,NONE,Quảng Trị,1150000,PER_NIGHT,4.7,3,https://res.cloudinary.com/p1kxfhlw/image/upload/v1791127763/admin-uploads/seeder/e2ca567ab73a1b59194332c46b2afdc2d7019c5be414f6cf10f39e69d04daf3d.webp
cbe5d70b-ede6-5436-8b0a-54d41ac2dc83,[Mẫu] Homestay sân vườn gần Vườn quốc gia Tam Đảo · 202,STAY,NONE,Phú Thọ,1250000,PER_NIGHT,4,3,https://res.cloudinary.com/p1kxfhlw/image/upload/v1791127845/admin-uploads/seeder/985f6a4d0a1e34e2a69361e94160567bd003c42649d24f0aaff760f511999779.webp
acbcbc8c-31fb-574b-8ae8-f1cc51ee7301,[Mẫu] Bungalow gần Vườn quốc gia Núi Chúa · 203,STAY,NONE,Khánh Hòa,1350000,PER_NIGHT,4.3,3,https://res.cloudinary.com/p1kxfhlw/image/upload/v1791127846/admin-uploads/seeder/a3bb132505d3f21f8b124f7dba2f1f128622f9686df25d7e910cae1f9bb22771.webp
2b804b6a-d4a5-5d57-834e-bfb535a1f595,[Mẫu] Resort nghỉ dưỡng gần Vườn quốc gia Bái Tử Long · 204,STAY,NONE,Quảng Ninh,1450000,PER_NIGHT,4.7,3,https://res.cloudinary.com/p1kxfhlw/image/upload/v1791127848/admin-uploads/seeder/2a8d46b1947ff79a6c8e4319fe6ceaf75197d3b7c3abb600c6cfaadd6f9aa668.webp
eb94474f-44d4-50c0-813b-26076878eaf8,[Mẫu] Cabin gỗ gần Vườn quốc gia Ea Sô · 205,STAY,NONE,Đắk Lắk,1550000,PER_NIGHT,4,3,https://res.cloudinary.com/p1kxfhlw/image/upload/v1791127849/admin-uploads/seeder/21c90f19e44b0d24dea11876acdcaec46f1fc38c9695be58a79e5188ae263ade.webp
0ff69d23-7aaa-57bb-88a7-3df2e89bdb26,[Mẫu] Hostel phòng riêng gần Vườn quốc gia Phja Oắc – Phja Đén · 206,STAY,NONE,Cao Bằng,1650000,PER_NIGHT,4.3,3,https://res.cloudinary.com/p1kxfhlw/image/upload/v1791127850/admin-uploads/seeder/c857b931b5892bee476e9bee7ab98772541d61106f5ae81586f2c2284804687e.webp
24c0ddfa-e554-5500-800d-aaa861df88f3,[Mẫu] Farmstay gần Khu du lịch Núi Bà Đen · 207,STAY,NONE,Tây Ninh,1750000,PER_NIGHT,4.7,3,https://res.cloudinary.com/p1kxfhlw/image/upload/v1791127852/admin-uploads/seeder/fb3ba8206c15a2444cf4eaa02475551b97719ec1b0831ba8d22322cb3542357b.webp
b2adeafc-2905-5c92-81ae-754164bacfbf,[Mẫu] Lều glamping gần Mũi Né · 208,STAY,NONE,Lâm Đồng,1850000,PER_NIGHT,4,3,https://res.cloudinary.com/p1kxfhlw/image/upload/v1791127853/admin-uploads/seeder/21a23e8cc11b45da5db0bdbbd5f8b5fec49bb5493207196195f28d1c69745d6d.webp
0519a404-ec1f-5d52-8f22-0fe848ec522e,[Mẫu] Nhà nghỉ ven phố gần Biển Ba Động · 209,STAY,NONE,Vĩnh Long,1950000,PER_NIGHT,4.3,3,https://res.cloudinary.com/p1kxfhlw/image/upload/v1791127854/admin-uploads/seeder/5eba8fc29735d8c98df810d453d2323319c465557244dd88a8ce064f6336b4d3.webp
65a8631b-c50e-58ca-81c2-afaf1ae7bca7,[Mẫu] Khách sạn boutique gần Bãi tắm Hoàng Hậu · 210,STAY,NONE,Gia Lai,2050000,PER_NIGHT,4.7,3,https://res.cloudinary.com/p1kxfhlw/image/upload/v1791127855/admin-uploads/seeder/7b10f1a459a5e9092a4c1afeec653e4f5e9c934f276c0404b4ccaedfa79dbb82.webp
53e33052-3481-55d8-8a07-58e6063342c2,[Mẫu] Căn hộ có bếp gần Khu di tích lịch sử Kim Liên · 211,STAY,NONE,Nghệ An,2150000,PER_NIGHT,4,3,https://res.cloudinary.com/p1kxfhlw/image/upload/v1791127857/admin-uploads/seeder/eb0f7d4cc7365ee3b95baa2ba1fe27f52f13a37ff55fff15f88bf021aeb8f0a8.webp
4cd83419-bbb4-5a14-80f1-9cd44a0008cb,[Mẫu] Villa gia đình gần Công viên Lê-nin · 212,STAY,NONE,Hà Nội,2250000,PER_NIGHT,4.3,3,https://res.cloudinary.com/p1kxfhlw/image/upload/v1791127858/admin-uploads/seeder/935c1e17b2f3a9b29903ecd099ded4cb3507aa5fd997a323b79d9c3a1176ace8.webp
57a5f831-dc0d-52c6-8a88-f52729379553,[Mẫu] Homestay sân vườn gần Bảo tàng Lâm Đồng · 213,STAY,NONE,Lâm Đồng,2350000,PER_NIGHT,4.7,3,https://res.cloudinary.com/p1kxfhlw/image/upload/v1791127858/admin-uploads/seeder/c3fe51a46800898fcb488c0d953ad404316bcec7fd3667026f722146745ac91c.webp
1a2738c8-d760-5623-85b6-20ea4dd95d79,[Mẫu] Bungalow gần Bảo tàng Cổ vật Cung đình Huế · 214,STAY,NONE,Huế,2450000,PER_NIGHT,4,3,https://res.cloudinary.com/p1kxfhlw/image/upload/v1791127860/admin-uploads/seeder/7d190fc83c214e5620c4a7792a1399a7f3afed0121d684c9c6572df09ff17e98.webp
d3311d86-d3e3-5e3a-8790-5adcae726c53,"[Mẫu] Resort nghỉ dưỡng gần Bảo tàng Quân khu 5, Đà Nẵng · 215",STAY,NONE,Đà Nẵng,2550000,PER_NIGHT,4.3,3,https://res.cloudinary.com/p1kxfhlw/image/upload/v1791127861/admin-uploads/seeder/8c7a26cd296d45764ad089004571972bae29625523521d978c2c8c90e9cf17d9.webp
663b99ec-958d-598e-88ff-061b004afd30,[Mẫu] Cabin gỗ gần Bảo tàng Gốm sứ Mậu dịch · 216,STAY,NONE,Đà Nẵng,2650000,PER_NIGHT,4.7,3,https://res.cloudinary.com/p1kxfhlw/image/upload/v1791127862/admin-uploads/seeder/abd72ef561f34073947a65ce673357ced32812d6899101d1be161c54b53092c8.webp
0ba5a9b4-9dce-53d7-8a0c-ca46de4e4d4b,[Mẫu] Hostel phòng riêng gần Động Hương Tích · 217,STAY,NONE,Hà Nội,350000,PER_NIGHT,4,3,https://res.cloudinary.com/p1kxfhlw/image/upload/v1791127864/admin-uploads/seeder/79f92adcf52589acd6300f9cea3bf6c43ab67e47de6753cc7bdb69da308bd805.webp
e3ea1085-b057-51bf-8027-f49093877ba3,[Mẫu] Farmstay gần Hòn Bà (Vũng Tàu) · 218,STAY,NONE,Hồ Chí Minh,450000,PER_NIGHT,4.3,3,https://res.cloudinary.com/p1kxfhlw/image/upload/v1791127865/admin-uploads/seeder/1de565696a5dff542b437184a5d7c1ca94dd1c99b92437c509b73b39c0034c4b.webp
dee564b5-33ea-58e5-83c0-4421edc1819f,[Mẫu] Lều glamping gần Hang Sửng Sốt · 219,STAY,NONE,Quảng Ninh,550000,PER_NIGHT,4.7,3,https://res.cloudinary.com/p1kxfhlw/image/upload/v1791127866/admin-uploads/seeder/2f58e4f1b4561bf6de776f7e09e78f5bafea5abdaab11134174f9011ce62115d.webp
ddd0d5f5-5114-57c1-8f38-9ac94ecdefe7,[Mẫu] Nhà nghỉ ven phố gần Thác Bạc (Sa Pa) · 220,STAY,NONE,Lào Cai,650000,PER_NIGHT,4,3,https://res.cloudinary.com/p1kxfhlw/image/upload/v1791127868/admin-uploads/seeder/7e17af6edc1b48f2fbb725a675ba178bcd481ea926bc12404f7c3974834227cf.webp
a1194769-3204-5ad0-89e4-9b1ef87f3424,[Mẫu] Khám phá Vườn quốc gia Phong Nha – Kẻ Bàng · 1,EXP,NONE,Quảng Trị,180000,PER_PAX,4.3,3,https://res.cloudinary.com/p1kxfhlw/image/upload/v1791132105/admin-uploads/seeder/f929882d68280f837046048c94df05b156c3167de84108672ff6a5a4a8b33e60.webp
b5b85525-6015-5b1a-8a35-00e0850f7506,[Mẫu] Tản bộ và chụp ảnh Vườn quốc gia Bái Tử Long · 2,EXP,NONE,Quảng Ninh,230000,PER_PAX,4.7,3,https://res.cloudinary.com/p1kxfhlw/image/upload/v1791132123/admin-uploads/seeder/62d1056eff5201356b558262d54df4933af64a620e712be515cbd459e5efd850.webp
80e271a3-e5e5-59bc-83ea-605d996ab33c,[Mẫu] Tìm hiểu văn hóa quanh Khu du lịch Núi Bà Đen · 3,EXP,NONE,Tây Ninh,280000,PER_PAX,4,3,https://res.cloudinary.com/p1kxfhlw/image/upload/v1791132137/admin-uploads/seeder/f38ea7ddd8d2533612d048eb79cf26916a77f3d49661f5872e6ecdf768128fe6.webp
5aa834a9-82c8-5861-827c-45003bf32d46,[Mẫu] Hành trình nhóm nhỏ quanh Bãi tắm Hoàng Hậu · 4,EXP,NONE,Gia Lai,330000,PER_PAX,4.3,3,https://res.cloudinary.com/p1kxfhlw/image/upload/v1791132152/admin-uploads/seeder/1713e9c76267826042fd51261e6bccc74d338c155337b8d7dfd50b154c298445.webp
33d22e5c-8bc2-5163-8d93-7492ebf408d2,[Mẫu] Khám phá Bảo tàng Lâm Đồng · 5,EXP,NONE,Lâm Đồng,380000,PER_PAX,4.7,3,https://res.cloudinary.com/p1kxfhlw/image/upload/v1791132170/admin-uploads/seeder/aa02e5a735926ba8670be3b650f65c5b44d5c8c144bf4d848ba293a89099bdea.webp
33c93860-8d9f-5c09-8b4d-6903afaec3a1,[Mẫu] Tản bộ và chụp ảnh Bảo tàng Gốm sứ Mậu dịch · 6,EXP,NONE,Đà Nẵng,430000,PER_PAX,4,3,https://res.cloudinary.com/p1kxfhlw/image/upload/v1791132189/admin-uploads/seeder/a8927445d57c63adabe6f1fc19302992f51ba916648e9bae8cd167bc2fb573b7.webp
82507c85-85b3-5db7-8539-69899dc6e569,[Mẫu] Tìm hiểu văn hóa quanh Hang Sửng Sốt · 7,EXP,NONE,Quảng Ninh,480000,PER_PAX,4.3,3,https://res.cloudinary.com/p1kxfhlw/image/upload/v1791132204/admin-uploads/seeder/13fee5e01d06ef83329ee57fd3b8941438e96aa6f60675b945ef244c7d8be6f7.webp
985ec198-87ef-58b3-8d77-6404bdf1a497,[Mẫu] Hành trình nhóm nhỏ quanh Thác K50 · 8,EXP,NONE,Gia Lai,530000,PER_PAX,4.7,3,https://res.cloudinary.com/p1kxfhlw/image/upload/v1791132229/admin-uploads/seeder/4eb2ec6eb3c5ff4f753d573615bdc8ffc1562bc10aa7167b66478b51168320c5.webp
914c0d9b-7256-5d20-8eea-ff155f9f7b5a,[Mẫu] Khám phá Thác H'Ly · 9,EXP,NONE,Đắk Lắk,580000,PER_PAX,4,3,https://res.cloudinary.com/p1kxfhlw/image/upload/v1791132241/admin-uploads/seeder/5f08a40d3227fd15ace48e82005a9bc5dbbf54b965b6622c4e9578871e3cc36c.webp
fb10d893-2684-568a-8c85-176126dafc88,[Mẫu] Tản bộ và chụp ảnh Động Thiên Đường · 10,EXP,NONE,Quảng Trị,630000,PER_PAX,4.3,3,https://res.cloudinary.com/p1kxfhlw/image/upload/v1791132266/admin-uploads/seeder/1529e6df75356a3a72ae69939db261bb97353d63ce6f55178ddaf772065d9917.webp
a0149299-fbfb-5286-843d-d8ee6c420733,[Mẫu] Tìm hiểu văn hóa quanh Thác Bảy Nhánh · 11,EXP,NONE,Đắk Lắk,680000,PER_PAX,4.7,3,https://res.cloudinary.com/p1kxfhlw/image/upload/v1791133340/admin-uploads/seeder/4751a644a19735ccd0f6e91509baaabdce8246bd13dea2fa77a6ce6202ec9ed0.webp
0a7faf3c-f6e1-5207-884a-612a9e765f73,[Mẫu] Hành trình nhóm nhỏ quanh Cổ Thạch · 12,EXP,NONE,Lâm Đồng,730000,PER_PAX,4,3,https://res.cloudinary.com/p1kxfhlw/image/upload/v1791133366/admin-uploads/seeder/1680817cae2014cdeadfd3d19669506a02d64d61dd6b2647218fa91b24e8e95e.webp
1e465613-f497-5cd6-8cde-8a88e694b16d,[Mẫu] Khám phá Cồn Hến · 13,EXP,NONE,Huế,780000,PER_PAX,4.3,3,https://res.cloudinary.com/p1kxfhlw/image/upload/v1791133392/admin-uploads/seeder/31d15368c71e59dcde4c10136c638c6f73d2582e3d1988e0afd4e2c0f4afd8f8.webp
aa66b9bb-450f-5c71-8a2c-8240cf748906,[Mẫu] Tản bộ và chụp ảnh Khu dự trữ sinh quyển rừng ngập mặn Cần Giờ · 14,EXP,NONE,Hồ Chí Minh,830000,PER_PAX,4.7,3,https://res.cloudinary.com/p1kxfhlw/image/upload/v1791133419/admin-uploads/seeder/e6987eddb18ae9caa440237c013c52c5e6ab8e4010543f7b1e041995f2c9d6fc.webp
9d1c15c9-2eb0-51c4-8ea5-d29332503ae2,[Mẫu] Tìm hiểu văn hóa quanh Thác Mai · 15,EXP,NONE,Đồng Nai,880000,PER_PAX,4,3,https://res.cloudinary.com/p1kxfhlw/image/upload/v1791133453/admin-uploads/seeder/e61a5c97a41dc70672a46a1062f4bd37c7480a6d33f3d8325307b0fed073925f.webp
eda2a6c9-c3ec-531f-8818-8909f187d025,[Mẫu] Hành trình nhóm nhỏ quanh Chiến khu Tân Trào · 16,EXP,NONE,Tuyên Quang,180000,PER_PAX,4.3,3,https://res.cloudinary.com/p1kxfhlw/image/upload/v1791133477/admin-uploads/seeder/2c21b9bb599c2590a36a6cd20f827c840272ca6e8f484eab835de13fa8287d16.webp
8e8d7bab-ed12-5265-8c3b-493aef136564,[Mẫu] Khám phá Động Hua Mạ · 17,EXP,NONE,Thái Nguyên,230000,PER_PAX,4.7,3,https://res.cloudinary.com/p1kxfhlw/image/upload/v1791133503/admin-uploads/seeder/1f6bb63d264dd24243ff38b7d9ae686a317391935a4e7891e924c6bdb51de184.webp
06729bf9-a9ba-545a-81ef-f51b22b5ee98,[Mẫu] Tản bộ và chụp ảnh Bảo tàng Lịch sử quốc gia (Việt Nam) · 18,EXP,NONE,Hà Nội,280000,PER_PAX,4,3,https://res.cloudinary.com/p1kxfhlw/image/upload/v1791133536/admin-uploads/seeder/ef1eafc857d67f8fe8b2b0441e1346e85913b1f38c08753afec9a34ad8d0b558.webp
a1bea92d-304f-52b1-84df-5c364661158c,[Mẫu] Tìm hiểu văn hóa quanh Thác Đỗ Quyên · 19,EXP,NONE,Huế,330000,PER_PAX,4.3,3,https://res.cloudinary.com/p1kxfhlw/image/upload/v1791133556/admin-uploads/seeder/6c97fca7f1c4f323f5294b038cb1002fa7fb0659bd7cb155c7f9f879431b31b2.webp
c8c27349-047c-58a5-8d2a-b340952a6a2a,[Mẫu] Hành trình nhóm nhỏ quanh Đền Bảo Hà · 20,EXP,NONE,Lào Cai,380000,PER_PAX,4.7,3,https://res.cloudinary.com/p1kxfhlw/image/upload/v1791133592/admin-uploads/seeder/314fa95cf1fc387f9f8eb55141d1165ccd14af18e21ba848800c2359eb4b2c8a.webp
0ed87198-9210-599c-8fb8-c2794f6ecf32,[Mẫu] Khám phá Đền Mẫu Âu Cơ · 21,EXP,NONE,Phú Thọ,430000,PER_PAX,4,3,https://res.cloudinary.com/p1kxfhlw/image/upload/v1791133619/admin-uploads/seeder/b47382b0c392778d246185a92c58b7a7a4bc5df2476328bd5001c7ec62f30439.webp
bca39b8c-0c10-5eae-8255-8bc2a49f57c9,[Mẫu] Tản bộ và chụp ảnh Văn miếu Trấn Biên · 22,EXP,NONE,Đồng Nai,480000,PER_PAX,4.3,3,https://res.cloudinary.com/p1kxfhlw/image/upload/v1791133641/admin-uploads/seeder/5df1536c0fad065da8c38ad0638753b451aad1bd209689da1442c17b7edffa2b.webp
b82b1216-fa42-577b-881d-067e8e06fd1e,[Mẫu] Tìm hiểu văn hóa quanh Chùa Thánh Duyên · 23,EXP,NONE,Huế,530000,PER_PAX,4.7,3,https://res.cloudinary.com/p1kxfhlw/image/upload/v1791133665/admin-uploads/seeder/9ca112264608cbacfa3357b4fc91f19e37dae1d12beadba0a140ad06aad27abc.webp
71ee40e0-8f6c-518e-8db2-1aac34877738,[Mẫu] Hành trình nhóm nhỏ quanh Đền thờ Trần Hưng Đạo (Thành phố Hồ Chí Minh) · 24,EXP,NONE,Hồ Chí Minh,580000,PER_PAX,4,3,https://res.cloudinary.com/p1kxfhlw/image/upload/v1791133691/admin-uploads/seeder/d9411f76a4488c19038b07eda7f4a85c62c213301ac1caa39e33fe38165dbc1b.webp
7b0500b8-e7a6-5912-8712-89907292dbc6,[Mẫu] Khám phá Chùa Bút Tháp · 25,EXP,NONE,Bắc Ninh,630000,PER_PAX,4.3,3,https://res.cloudinary.com/p1kxfhlw/image/upload/v1791133715/admin-uploads/seeder/0dbbb673afd043e24d4fdfbd6de3ad0357175ab3e1ee2b1ee6300ef41fa17640.webp
d7cb550e-046a-5e42-85e3-c7403f8b4382,[Mẫu] Tản bộ và chụp ảnh Đền thờ Vua Đinh Tiên Hoàng · 26,EXP,NONE,Ninh Bình,680000,PER_PAX,4.7,3,https://res.cloudinary.com/p1kxfhlw/image/upload/v1791133745/admin-uploads/seeder/d19004ea1762bb72874f99c39d2d570b5b879faee03ba4914897d297bcc677fc.webp
e75903ba-3546-5735-8f3b-496ade6bdbad,[Mẫu] Tìm hiểu văn hóa quanh Thác Pác Ban · 27,EXP,NONE,Tuyên Quang,730000,PER_PAX,4,3,https://res.cloudinary.com/p1kxfhlw/image/upload/v1791133774/admin-uploads/seeder/646185b1488d3308b338c41c37bd9a220297dd269565d594ec055e4966918466.webp
655d991d-a4e0-54cd-86b4-f1ce47ff3a86,[Mẫu] Hành trình nhóm nhỏ quanh Cửu Đỉnh (nhà Nguyễn) · 28,EXP,NONE,Huế,780000,PER_PAX,4.3,3,https://res.cloudinary.com/p1kxfhlw/image/upload/v1791133799/admin-uploads/seeder/37517d89f7243c2a8d12b6d2ce22ff48cd4ca9f3afc6031a9ee287f84da00dad.webp
6a8ee8f0-725e-55bd-8754-9fc6004439c9,[Mẫu] Khám phá Phố cổ Đồng Văn · 29,EXP,NONE,Tuyên Quang,830000,PER_PAX,4.7,3,https://res.cloudinary.com/p1kxfhlw/image/upload/v1791133827/admin-uploads/seeder/076d91f0417735b9f4ee1f1a543037468cc01033d89efad219aaaeb3cfff3896.webp
a55058da-1b88-5521-85a6-f123244e5141,[Mẫu] Tản bộ và chụp ảnh Điện Thái Hòa (Hoàng thành Huế) · 30,EXP,NONE,Huế,880000,PER_PAX,4,3,https://res.cloudinary.com/p1kxfhlw/image/upload/v1791133854/admin-uploads/seeder/02cfa6d67278d04512baae84374015adaac0287d5a8d00bad531d19a187811b0.webp
ccaf1405-99c5-5079-82d6-c6941b16f7ee,[Mẫu] Tìm hiểu văn hóa quanh Đình Mông Phụ · 31,EXP,NONE,Hà Nội,180000,PER_PAX,4.3,3,https://res.cloudinary.com/p1kxfhlw/image/upload/v1791133883/admin-uploads/seeder/c226e5d1a0daa76ecbaefc24d0a4455a31e4c4d41f33a5f3de5ee0fe14275520.webp
d6318312-ae0d-57c9-88a0-950434aabdb6,[Mẫu] Hành trình nhóm nhỏ quanh Cung Diên Thọ · 32,EXP,NONE,Huế,230000,PER_PAX,4.7,3,https://res.cloudinary.com/p1kxfhlw/image/upload/v1791133912/admin-uploads/seeder/1253e048f2bf34c6eacbeb9ae4912103fc19a90dcb4ace08f1def9dd8f72e398.webp
800f1d03-c9ec-5e7c-8192-f040bf88770d,[Mẫu] Khám phá Nhà tù Hỏa Lò · 33,EXP,NONE,Hà Nội,280000,PER_PAX,4,3,https://res.cloudinary.com/p1kxfhlw/image/upload/v1791133942/admin-uploads/seeder/83e939c27adbb49767c10140d3379736937031aeec30a4219d9cf379894fdf2b.webp
54124d2e-a056-54c1-84ff-92296cdcffb6,[Mẫu] Tản bộ và chụp ảnh Vương cung thánh đường Đức Mẹ La Vang · 34,EXP,NONE,Quảng Trị,330000,PER_PAX,4.3,3,https://res.cloudinary.com/p1kxfhlw/image/upload/v1791133968/admin-uploads/seeder/80abe5349b26d2166f899039e7730dfa96ab47829203620e1243ef02f7ed7d97.webp
cf6ed4b5-1857-5bff-8309-3ae1368794ca,[Mẫu] Tìm hiểu văn hóa quanh Vườn quốc gia Núi Chúa · 35,EXP,NONE,Khánh Hòa,380000,PER_PAX,4.7,3,https://res.cloudinary.com/p1kxfhlw/image/upload/v1791132117/admin-uploads/seeder/789bd75b10a94b4a16512c46bd3ec1015ae3c4f3a6a77e80c28b8f3d563ed92c.webp
b34fab39-fbf4-58b2-871b-8267d3dd83d1,[Mẫu] Hành trình nhóm nhỏ quanh Vườn quốc gia Phja Oắc – Phja Đén · 36,EXP,NONE,Cao Bằng,430000,PER_PAX,4,3,https://res.cloudinary.com/p1kxfhlw/image/upload/v1791132132/admin-uploads/seeder/baa5c8b637e0fec9491179451e51d1270b715f6a00b252d8b3ff635e3b5f86a4.webp
bc6da0a1-6381-5219-8480-8c9e6b8c346b,[Mẫu] Khám phá Biển Ba Động · 37,EXP,NONE,Vĩnh Long,480000,PER_PAX,4.3,3,https://res.cloudinary.com/p1kxfhlw/image/upload/v1791132149/admin-uploads/seeder/366d8d7f78ec22317e8eb683be1519ed348088090e7dd8abb023896c7418665c.webp
723a30a5-947d-5918-8ada-457e84af14d7,[Mẫu] Tản bộ và chụp ảnh Công viên Lê-nin · 38,EXP,NONE,Hà Nội,530000,PER_PAX,4.7,3,https://res.cloudinary.com/p1kxfhlw/image/upload/v1791132164/admin-uploads/seeder/9260a5c66b000594216470596f941f07e238c573fa5028a48708eefd48026450.webp
752f442e-de2f-519e-82af-34f2c8e78119,"[Mẫu] Tìm hiểu văn hóa quanh Bảo tàng Quân khu 5, Đà Nẵng · 39",EXP,NONE,Đà Nẵng,580000,PER_PAX,4,3,https://res.cloudinary.com/p1kxfhlw/image/upload/v1791132181/admin-uploads/seeder/0648db8da4d5e33bd7632ce80b0937fbfca72821f91ef75fce74b176c71610b4.webp
93b8aba5-b4ce-5f7e-8476-ee925303e969,[Mẫu] Hành trình nhóm nhỏ quanh Hòn Bà (Vũng Tàu) · 40,EXP,NONE,Hồ Chí Minh,630000,PER_PAX,4.3,3,https://res.cloudinary.com/p1kxfhlw/image/upload/v1791132201/admin-uploads/seeder/fb4417bb6d83d36ae59c0bce22e3c22cc125cfbdc0d4dd67b01ebb4915caff98.webp
096a5be4-7aff-5f82-81df-29cd2a6676ca,[Mẫu] Khám phá Thác Bạc Tú Sơn · 41,EXP,NONE,Phú Thọ,680000,PER_PAX,4.7,3,https://res.cloudinary.com/p1kxfhlw/image/upload/v1791132218/admin-uploads/seeder/46a1966dd830b4116adcc56af5ae7d1d80de931cee653c81dab50c4b47db7db0.webp
997b0276-4fc4-5241-856b-3165d5d1df94,[Mẫu] Tản bộ và chụp ảnh Thác Dải Yếm · 42,EXP,NONE,Sơn La,730000,PER_PAX,4,3,https://res.cloudinary.com/p1kxfhlw/image/upload/v1791132238/admin-uploads/seeder/d99492cd3d263cd87768399baad9cf78fa09e02ab949a85017343f1423f40041.webp
33b3513b-526c-5c6a-8f25-c1a3ee4951c8,[Mẫu] Tìm hiểu văn hóa quanh Khu Bảo tồn thiên nhiên Mường Nhé · 43,EXP,NONE,Điện Biên,780000,PER_PAX,4.3,3,https://res.cloudinary.com/p1kxfhlw/image/upload/v1791132255/admin-uploads/seeder/5f9aa165911eb2340f724cf9b36f49d44e1a12b8add1b121c0a41c99aa87b34d.webp
c1b89aba-d619-5427-854c-cfb11f7186c2,[Mẫu] Hành trình nhóm nhỏ quanh Tháp Trầm Hương · 44,EXP,NONE,Khánh Hòa,830000,PER_PAX,4.7,3,https://res.cloudinary.com/p1kxfhlw/image/upload/v1791133331/admin-uploads/seeder/5616ea3e6b9a4c74937dc26934ffabdb89465d2cd8609e7309299f05c91f46cc.webp
c0635dde-ff7a-5347-8ad7-3d1c1f8bfe0a,[Mẫu] Khám phá Tòa Thánh Tây Ninh · 45,EXP,NONE,Tây Ninh,880000,PER_PAX,4,3,https://res.cloudinary.com/p1kxfhlw/image/upload/v1791133359/admin-uploads/seeder/fd2f12f85e474bf0e868784a3e0c21d866ec20dfdcd67c692fde98f652b33ee8.webp
ea66297b-0b8d-504b-8e41-9be8e3571809,[Mẫu] Tản bộ và chụp ảnh Thác Cam Ly · 46,EXP,NONE,Lâm Đồng,180000,PER_PAX,4.3,3,https://res.cloudinary.com/p1kxfhlw/image/upload/v1791133381/admin-uploads/seeder/4b2dabbb9e42e6556e01ecc1fb214569b0e898f3cc71c22163ae8b1941df3ba7.webp
f7403ecd-8c5a-5507-864b-040e2644f5f0,[Mẫu] Tìm hiểu văn hóa quanh Bảo tàng Hội An · 47,EXP,NONE,Đà Nẵng,230000,PER_PAX,4.7,3,https://res.cloudinary.com/p1kxfhlw/image/upload/v1791133413/admin-uploads/seeder/cd48de52ddcc9b6cca8a4fc83de0de61a0394aa4b22d25ebb7efea2afef75587.webp
2c86c054-8c92-5af3-8f97-bb1174326eea,[Mẫu] Hành trình nhóm nhỏ quanh Thác Gò Lào · 48,EXP,NONE,Phú Thọ,280000,PER_PAX,4,3,https://res.cloudinary.com/p1kxfhlw/image/upload/v1791133444/admin-uploads/seeder/c2d69aedbd71b5b620d8de1a2a85dede5ea0996ec947da03d35903e7d03e464a.webp
4df730e4-07a4-5174-8ea1-309fd9b59274,[Mẫu] Khám phá Vườn chim Bạc Liêu · 49,EXP,NONE,Cà Mau,330000,PER_PAX,4.3,3,https://res.cloudinary.com/p1kxfhlw/image/upload/v1791133469/admin-uploads/seeder/504731893b62497c0cb339f2daea613f8ddb87e7f0be057451111e460590530b.webp
c870b337-3adb-5998-84f8-35da2f8bdfc0,[Mẫu] Tản bộ và chụp ảnh Thác Đray Nur · 50,EXP,NONE,Đắk Lắk,380000,PER_PAX,4.7,3,https://res.cloudinary.com/p1kxfhlw/image/upload/v1791133492/admin-uploads/seeder/3ade521129ade78a02cfc1d00a801ea61e042936cd1355e7a6f54f3eca316398.webp
dc156ab9-7c56-5f42-8721-619ca9f80807,[Mẫu] Tìm hiểu văn hóa quanh Thác Bobla · 51,EXP,NONE,Lâm Đồng,430000,PER_PAX,4,3,https://res.cloudinary.com/p1kxfhlw/image/upload/v1791133525/admin-uploads/seeder/7d54223ee4208d90d6a0d9f87a76c3c79899926e2cc16f905f52b99f27699fe5.webp
668bbf44-d32c-53e4-892c-57a6dbab64f1,[Mẫu] Hành trình nhóm nhỏ quanh Địa đạo Vịnh Mốc · 52,EXP,NONE,Quảng Trị,480000,PER_PAX,4.3,3,https://res.cloudinary.com/p1kxfhlw/image/upload/v1791133550/admin-uploads/seeder/73a9e59b6056eceef90d4e1481bd5840fced26167eecdbc0cb4ebc74779ed424.webp
792c4ebb-6488-5d07-82d0-89015c002019,[Mẫu] Khám phá Đền thờ Vua Lê Đại Hành · 53,EXP,NONE,Ninh Bình,530000,PER_PAX,4.7,3,https://res.cloudinary.com/p1kxfhlw/image/upload/v1791133583/admin-uploads/seeder/e1b6e7497d22ace70c88a6302e99a78cd60cbf2adf288bbc2d498c0d9759c63f.webp
f305884f-0a04-5b03-8389-53ea85cf62b8,[Mẫu] Tản bộ và chụp ảnh Thảo Cầm Viên Sài Gòn · 54,EXP,NONE,Hồ Chí Minh,580000,PER_PAX,4,3,https://res.cloudinary.com/p1kxfhlw/image/upload/v1791133607/admin-uploads/seeder/78b3e323f813f3d9ba7d13b46a4d281d407b969a92ffd12631e59c3fcf390243.webp
64bbaa0c-e2d5-5e82-833b-2e66f903ff05,[Mẫu] Tìm hiểu văn hóa quanh Thác Bản Giốc · 55,EXP,NONE,Cao Bằng,630000,PER_PAX,4.3,3,https://res.cloudinary.com/p1kxfhlw/image/upload/v1791133632/admin-uploads/seeder/0ec38a1b15dc78cb9ef7c7b1596c63879d432d967c10c19f4f1552bce5b01aff.webp
57480192-be88-512a-847c-f14467dd8097,[Mẫu] Hành trình nhóm nhỏ quanh Thác Datanla · 56,EXP,NONE,Lâm Đồng,680000,PER_PAX,4.7,3,https://res.cloudinary.com/p1kxfhlw/image/upload/v1791133660/admin-uploads/seeder/85fe4c450bd962017ea4b5681d9dda4dd54a8ecae35fcebe79f29c9bd3126d55.webp
8334e4bf-8dba-58aa-808e-2729a01aad97,[Mẫu] Khám phá Đền thờ Lê Hoàn · 57,EXP,NONE,Thanh Hóa,730000,PER_PAX,4,3,https://res.cloudinary.com/p1kxfhlw/image/upload/v1791133683/admin-uploads/seeder/2489d2d2d31b091a7f3a07a4a0c7e198d9571a0545634e9ab5a5a0eabc10db1c.webp
8cadb52c-2674-5266-881e-7809414bdc55,[Mẫu] Tản bộ và chụp ảnh Thác Đầu Đẳng · 58,EXP,NONE,Thái Nguyên,780000,PER_PAX,4.3,3,https://res.cloudinary.com/p1kxfhlw/image/upload/v1791133708/admin-uploads/seeder/f874a4b6260fb2d4e8e7658b46c870ce1720029078b571a91b5e72ba6408868d.webp
174a7ac7-fbb2-58ad-8ee1-9eb7a353826f,[Mẫu] Tìm hiểu văn hóa quanh Đàn Xã Tắc (Huế) · 59,EXP,NONE,Huế,830000,PER_PAX,4.7,3,https://res.cloudinary.com/p1kxfhlw/image/upload/v1791133737/admin-uploads/seeder/c412b1f12e3d44795911d6f139868667df22094a3c550477f87fcf7a0feb5170.webp
8ce5360d-98ca-5a1e-8b65-7905cfe6545c,[Mẫu] Hành trình nhóm nhỏ quanh Đình Chu Quyến · 60,EXP,NONE,Hà Nội,880000,PER_PAX,4,3,https://res.cloudinary.com/p1kxfhlw/image/upload/v1791133765/admin-uploads/seeder/2fc98a89784857abe969de4e575a543ae16d08d676e3500c61d395160ece420c.webp
2dd2173a-6685-5865-83a7-491b40a8ffe0,[Mẫu] Khám phá Thác Pongour · 61,EXP,NONE,Lâm Đồng,180000,PER_PAX,4.3,3,https://res.cloudinary.com/p1kxfhlw/image/upload/v1791133793/admin-uploads/seeder/95af47484b96f575709ab0866f65f46331a57e565f66b35696a782c3d495a446.webp
83255e3b-ade0-5b38-8f77-fc04ac0fc79a,[Mẫu] Tản bộ và chụp ảnh Đình Tây Đằng · 62,EXP,NONE,Hà Nội,230000,PER_PAX,4.7,3,https://res.cloudinary.com/p1kxfhlw/image/upload/v1791133817/admin-uploads/seeder/769305d61fa332529a223c70b4e074b3aca3d9b52c0e82c7442d06ead250c2e9.webp
639b7146-03d4-5fd7-86d1-51ac6dacdf6a,[Mẫu] Tìm hiểu văn hóa quanh Thác Voi (Nam Ban) · 63,EXP,NONE,Lâm Đồng,280000,PER_PAX,4,3,https://res.cloudinary.com/p1kxfhlw/image/upload/v1791133845/admin-uploads/seeder/abc7f5f5653295660795339841daaeabe81e7a28df57ce62a4b7a46c0c81585d.webp
2b6f4385-a8c6-5f0a-8ba6-d76fb8653855,[Mẫu] Hành trình nhóm nhỏ quanh Khu du lịch Văn hóa Suối Tiên · 64,EXP,NONE,Hồ Chí Minh,330000,PER_PAX,4.3,3,https://res.cloudinary.com/p1kxfhlw/image/upload/v1791133869/admin-uploads/seeder/31734d70ec5da27a13a0e97886f2fbb640f2b7a163e9cc77982376580168cbb4.webp
330565b1-55c6-559c-80a5-6968c8657a58,[Mẫu] Khám phá Chùa Linh Phước · 65,EXP,NONE,Lâm Đồng,380000,PER_PAX,4.7,3,https://res.cloudinary.com/p1kxfhlw/image/upload/v1791133904/admin-uploads/seeder/4930d468bc3218d8173376a3e56154edbb40a963313d0b710a2d77c4a8cc78dd.webp
eb9333a6-d6fa-5b5d-8587-298bf480dd18,[Mẫu] Tản bộ và chụp ảnh Công viên 23 tháng 9 · 66,EXP,NONE,Hồ Chí Minh,430000,PER_PAX,4,3,https://res.cloudinary.com/p1kxfhlw/image/upload/v1791133934/admin-uploads/seeder/cf9aa64c2fadb9e68fbfe50c53f29f98cc088f14976e8a8db24c6b44e9b99624.webp
40ca6fc4-cc9d-5265-8d0b-fd299cc285eb,[Mẫu] Tìm hiểu văn hóa quanh Thiền viện Trúc Lâm Đà Lạt · 67,EXP,NONE,Lâm Đồng,480000,PER_PAX,4.3,3,https://res.cloudinary.com/p1kxfhlw/image/upload/v1791133960/admin-uploads/seeder/443a3f11e6fd58425004ff387383e9bcab0295e7397fefd356fd6ac6537c6fa4.webp
b2bf74c1-3237-5bd8-839b-59c8752147b9,[Mẫu] Hành trình nhóm nhỏ quanh Vườn quốc gia Tam Đảo · 68,EXP,NONE,Phú Thọ,530000,PER_PAX,4.7,3,https://res.cloudinary.com/p1kxfhlw/image/upload/v1791132111/admin-uploads/seeder/e7c4e266a83d047b7a137e1ae74529b91c93a871f488aa91840afbb5c80bea46.webp
37125de7-9925-5e2b-8072-bfa0a6b35e39,[Mẫu] Khám phá Vườn quốc gia Ea Sô · 69,EXP,NONE,Đắk Lắk,580000,PER_PAX,4,3,https://res.cloudinary.com/p1kxfhlw/image/upload/v1791132127/admin-uploads/seeder/14538d0272aa6ef89e5f6ecca751411d7a257acc9f2db351bce3f3ae996814e7.webp
8b96bf1f-3bbe-5ea1-8a2f-aae7736852e6,[Mẫu] Tản bộ và chụp ảnh Mũi Né · 70,EXP,NONE,Lâm Đồng,630000,PER_PAX,4.3,3,https://res.cloudinary.com/p1kxfhlw/image/upload/v1791132145/admin-uploads/seeder/0322993ac922b0567c58b820d10c1f722ecad4c4cc0908e0b124a81a71971e2e.webp
bb47ca68-608e-5ce8-8a78-63b7f3b7edce,[Mẫu] Tìm hiểu văn hóa quanh Khu di tích lịch sử Kim Liên · 71,EXP,NONE,Nghệ An,680000,PER_PAX,4.7,3,https://res.cloudinary.com/p1kxfhlw/image/upload/v1791132160/admin-uploads/seeder/cdafeafdef02f95cb9e54dddaeaeeb4885254e2e47d74e12dc465af58cd6f90b.webp
06b5a8a7-b9eb-5f4b-8890-810345301106,[Mẫu] Hành trình nhóm nhỏ quanh Bảo tàng Cổ vật Cung đình Huế · 72,EXP,NONE,Huế,730000,PER_PAX,4,3,https://res.cloudinary.com/p1kxfhlw/image/upload/v1791132176/admin-uploads/seeder/7d61d1bca9ec51e1bb9e4278a00fcaef349bcc277e6b6192da5dd0d574e05a0b.webp
92701601-78c5-5252-8eaf-cb4c01dae46c,[Mẫu] Khám phá Động Hương Tích · 73,EXP,NONE,Hà Nội,780000,PER_PAX,4.3,3,https://res.cloudinary.com/p1kxfhlw/image/upload/v1791132192/admin-uploads/seeder/414ef56325fb12af1545f1faa879fc8db9b11ca4dcb274b493e0dccf2d57cb81.webp
e5ed3bce-45c5-5703-8b76-f80c4f5abf9d,[Mẫu] Tản bộ và chụp ảnh Thác Bạc (Sa Pa) · 74,EXP,NONE,Lào Cai,830000,PER_PAX,4.7,3,https://res.cloudinary.com/p1kxfhlw/image/upload/v1791132209/admin-uploads/seeder/7d861208828058fbc21aec2c8fa9650f947931cb649f0a35f1e8ce50b3cff0de.webp
0a4e7a42-9e3f-52a9-84e8-49df704edd5e,[Mẫu] Tìm hiểu văn hóa quanh Thác Giang Điền · 75,EXP,NONE,Đồng Nai,880000,PER_PAX,4,3,https://res.cloudinary.com/p1kxfhlw/image/upload/v1791132235/admin-uploads/seeder/a6bc2bb103d25b873a5f7f8c52d2851cd35056c396d79906787f7ec6963e7953.webp
6d159158-3ca6-589c-8c8c-4b8eb59e9836,[Mẫu] Hành trình nhóm nhỏ quanh Khu bảo tồn thiên nhiên Lung Ngọc Hoàng · 76,EXP,NONE,Cần Thơ,180000,PER_PAX,4.3,3,https://res.cloudinary.com/p1kxfhlw/image/upload/v1791132247/admin-uploads/seeder/3c46fcaa90b742a9762480b617d039d027e8eda402f2f63f8d21b548224f0279.webp
442f67c9-77cf-59c2-8a1d-ff1f49e0e0e2,[Mẫu] Khám phá Thác Đa · 77,EXP,NONE,Hà Nội,230000,PER_PAX,4.7,3,https://res.cloudinary.com/p1kxfhlw/image/upload/v1791133327/admin-uploads/seeder/f64544c4d4836413c792ff73484cc05a034606820e58415154999b43871a6dbe.webp
722d085e-83a5-51ab-8686-0e78edc0b755,[Mẫu] Tản bộ và chụp ảnh Động Ngao · 78,EXP,NONE,Cao Bằng,280000,PER_PAX,4,3,https://res.cloudinary.com/p1kxfhlw/image/upload/v1791133350/admin-uploads/seeder/b71e17cd38f30b249a84151c8fb81851bb4a7ff5dd6b6eee949541c0e2e9fe55.webp
c29af0ae-980d-57bb-8f15-2464a5d54193,[Mẫu] Tìm hiểu văn hóa quanh Bảo tàng Địa chất · 79,EXP,NONE,Hà Nội,330000,PER_PAX,4.3,3,https://res.cloudinary.com/p1kxfhlw/image/upload/v1791133377/admin-uploads/seeder/b145cb18c089422efc8ba3aa4b5d14549540c56461eb9ca12bc2ac31d1c2c617.webp
5e9ba1bb-1c27-52a3-8d25-7f52d4efc725,[Mẫu] Hành trình nhóm nhỏ quanh Công viên 29 tháng 3 · 80,EXP,NONE,Đà Nẵng,380000,PER_PAX,4.7,3,https://res.cloudinary.com/p1kxfhlw/image/upload/v1791133404/admin-uploads/seeder/5fa409e3775a743503c70810b8b772bf21df9fab78e12b43fc4b51c174c57bfe.webp
ba108590-69a4-5790-83af-a3502a388624,[Mẫu] Khám phá Thác Cát Cát · 81,EXP,NONE,Lào Cai,430000,PER_PAX,4,3,https://res.cloudinary.com/p1kxfhlw/image/upload/v1791133430/admin-uploads/seeder/5463d83d4f737f5e72f36160696056f212c9e56fcb7e7ef068079ce4d7257b23.webp
e0c041e9-da5f-5d67-8cf7-1628ecfaff26,[Mẫu] Tản bộ và chụp ảnh Tháp Nhạn · 82,EXP,NONE,Đắk Lắk,480000,PER_PAX,4.3,3,https://res.cloudinary.com/p1kxfhlw/image/upload/v1791133462/admin-uploads/seeder/ea340e3d8821c4c98d5c2080dd17b78ffa7e0bd7330dd56330954321370b5ccf.webp
1d4bf756-5ba5-5b06-8926-a3fcbb92e55f,[Mẫu] Tìm hiểu văn hóa quanh Hang Đầu Gỗ · 83,EXP,NONE,Quảng Ninh,530000,PER_PAX,4.7,3,https://res.cloudinary.com/p1kxfhlw/image/upload/v1791133483/admin-uploads/seeder/4c2a8c9e5dde69106f433c00e693404bc212240ed2c33f01573b1b1830f7645d.webp
c36b43de-4fe4-52d0-88a3-ed7bc793a8c0,[Mẫu] Hành trình nhóm nhỏ quanh Thác Đứng · 84,EXP,NONE,Đồng Nai,580000,PER_PAX,4,3,https://res.cloudinary.com/p1kxfhlw/image/upload/v1791133515/admin-uploads/seeder/b3eb41ba39342364634780e37731782408e87d93498aff883ebc46af52d57b77.webp
429ceeaa-b258-5da5-8564-50ee1fd25471,[Mẫu] Khám phá Thác Đamb'ri · 85,EXP,NONE,Lâm Đồng,630000,PER_PAX,4.3,3,https://res.cloudinary.com/p1kxfhlw/image/upload/v1791133542/admin-uploads/seeder/7ab47927326e7b423f0e46413d00444803cc14d2091d9da2d66ad4ffec06e87e.webp
01c34f48-0a16-5475-8d64-c678ae5e3022,[Mẫu] Tản bộ và chụp ảnh Chùa Hang (Quảng Ngãi) · 86,EXP,NONE,Quảng Ngãi,680000,PER_PAX,4.7,3,https://res.cloudinary.com/p1kxfhlw/image/upload/v1791133568/admin-uploads/seeder/cc93aceb59368b571144c12aaa1d2996d5a67360159452059c4200c567040dca.webp
aeb5b307-5663-51e8-8e2c-bd9fbfd2116c,[Mẫu] Tìm hiểu văn hóa quanh Đền Bà Triệu · 87,EXP,NONE,Thanh Hóa,730000,PER_PAX,4,3,https://res.cloudinary.com/p1kxfhlw/image/upload/v1791133599/admin-uploads/seeder/cc12e86f2b0362d70558157d991bf5b258122be066b76f6a19f7ca5fc1dffdea.webp
98f2471b-ff9d-53b7-845a-ac6607a9a863,[Mẫu] Hành trình nhóm nhỏ quanh Khu bảo tồn thiên nhiên Đồng Sơn – Kỳ Thượng · 88,EXP,NONE,Quảng Ninh,780000,PER_PAX,4.3,3,https://res.cloudinary.com/p1kxfhlw/image/upload/v1791133625/admin-uploads/seeder/b12831f768a7bd1d315f99339c95ce85d181f0d59e591d21ca59f1f45d4dc1f4.webp
7f4ed4e9-03e8-5975-89df-98a6a15cda04,[Mẫu] Khám phá Công viên Thủ Lệ · 89,EXP,NONE,Hà Nội,830000,PER_PAX,4.7,3,https://res.cloudinary.com/p1kxfhlw/image/upload/v1791133649/admin-uploads/seeder/26f988d25282ed92aa7a1f2feeff486e32f5c407aae5352c622b584b6932149b.webp
9363e9d2-5e6d-5e2f-89c8-19da22a24ab2,[Mẫu] Tản bộ và chụp ảnh Đền Trần Thương · 90,EXP,NONE,Ninh Bình,880000,PER_PAX,4,3,https://res.cloudinary.com/p1kxfhlw/image/upload/v1791133675/admin-uploads/seeder/72eb58ec227719ad9b0c29435998ddb596c675548c25417a966ddac015a375b6.webp
1d0db117-e439-5d58-8ebf-b3c237a625af,[Mẫu] Tìm hiểu văn hóa quanh Đền Và · 91,EXP,NONE,Hà Nội,180000,PER_PAX,4.3,3,https://res.cloudinary.com/p1kxfhlw/image/upload/v1791133700/admin-uploads/seeder/a29af67ea1fd78573503d66026479c1d75b8b19588417fbe3c5cddd67bdb6b97.webp
10f96006-49f0-5197-8193-dd49cc24830d,[Mẫu] Hành trình nhóm nhỏ quanh Thác Prenn · 92,EXP,NONE,Lâm Đồng,230000,PER_PAX,4.7,3,https://res.cloudinary.com/p1kxfhlw/image/upload/v1791133725/admin-uploads/seeder/d5de5a78dc9a15e87d96082e26b290724f562af129b3182fa72a7b50dc92b531.webp
3ce49609-073b-5dc9-86b5-b2575861f5dd,[Mẫu] Khám phá Công viên Văn hóa Đầm Sen · 93,EXP,NONE,Hồ Chí Minh,280000,PER_PAX,4,3,https://res.cloudinary.com/p1kxfhlw/image/upload/v1791133756/admin-uploads/seeder/2a0dc3a1d38a511a61387c5927d2291f923c342159636b3bdd2c8aa2348b717e.webp
b4d4eb2c-8e79-5c55-84f3-668b77fd8680,[Mẫu] Tản bộ và chụp ảnh Chùa Thầy · 94,EXP,NONE,Hà Nội,330000,PER_PAX,4.3,3,https://res.cloudinary.com/p1kxfhlw/image/upload/v1791133783/admin-uploads/seeder/b48bf09ce40e74c06fae764383177bd4efdfe7127c0bed5b047438c6c9577453.webp
8aff153e-f709-5207-869f-06f4134e76f7,[Mẫu] Tìm hiểu văn hóa quanh Đền Trần (Nam Định) · 95,EXP,NONE,Ninh Bình,380000,PER_PAX,4.7,3,https://res.cloudinary.com/p1kxfhlw/image/upload/v1791133807/admin-uploads/seeder/5ea06699f7611dddc15035ac1b6ccb23c050e5721a734b5e9fa7c950951e6453.webp
8a7dd931-3c32-5a03-8237-9951d6e6c478,[Mẫu] Hành trình nhóm nhỏ quanh Chùa Phật Tích · 96,EXP,NONE,Bắc Ninh,430000,PER_PAX,4,3,https://res.cloudinary.com/p1kxfhlw/image/upload/v1791133834/admin-uploads/seeder/c1fbd20a2ea1be1a4faf732316dca80e26cc7ee65f1de00c6abd044552d210de.webp
b9f7b002-79fb-507f-8186-1a42d32703fa,[Mẫu] Khám phá Đền Trần (Long Hưng) · 97,EXP,NONE,Hưng Yên,480000,PER_PAX,4.3,3,https://res.cloudinary.com/p1kxfhlw/image/upload/v1791133860/admin-uploads/seeder/08bc1d80e178114ae7895c9118e896c8dd7cb805116d49c96f9d3c54d44ec470.webp
433d88bb-a59a-5bb5-80f2-8356af2eb343,[Mẫu] Tản bộ và chụp ảnh Đền Bà Chúa Kho (Bắc Ninh) · 98,EXP,NONE,Bắc Ninh,530000,PER_PAX,4.7,3,https://res.cloudinary.com/p1kxfhlw/image/upload/v1791133892/admin-uploads/seeder/0e55b2d9b2be4c5c316969cbe7537e75f50bc3fd46655e34df1e46d9f3573581.webp
bc7d173c-2b88-5b59-81ac-1dbe155b564b,[Mẫu] Tìm hiểu văn hóa quanh Động Hoa Lư · 99,EXP,NONE,Ninh Bình,580000,PER_PAX,4,3,https://res.cloudinary.com/p1kxfhlw/image/upload/v1791133922/admin-uploads/seeder/f75986539a979f073e3ceaef36c13dd60d831817add67e6e5e2bc3642d0dcece.webp
8626400f-0c8c-572a-8c7b-694014861c38,[Mẫu] Hành trình nhóm nhỏ quanh Đền Ngọc Sơn · 100,EXP,NONE,Hà Nội,630000,PER_PAX,4.3,3,https://res.cloudinary.com/p1kxfhlw/image/upload/v1791133951/admin-uploads/seeder/928796fffe3ad759951ab278a7551b3a1d6704b4da7cfd501aef1635adc785d6.webp
fe1e3f54-478f-5568-8a76-30bd3a4436c2,[Mẫu] Khám phá Vườn quốc gia Phong Nha – Kẻ Bàng · 101,EXP,NONE,Quảng Trị,680000,PER_PAX,4.7,3,https://res.cloudinary.com/p1kxfhlw/image/upload/v1791132105/admin-uploads/seeder/f929882d68280f837046048c94df05b156c3167de84108672ff6a5a4a8b33e60.webp
42fb98e0-b63c-5b85-85d2-5dcb428cb5bf,[Mẫu] Tản bộ và chụp ảnh Vườn quốc gia Bái Tử Long · 102,EXP,NONE,Quảng Ninh,730000,PER_PAX,4,3,https://res.cloudinary.com/p1kxfhlw/image/upload/v1791132123/admin-uploads/seeder/62d1056eff5201356b558262d54df4933af64a620e712be515cbd459e5efd850.webp
e9a8f54d-d28f-5109-8028-7848f8390321,[Mẫu] Tìm hiểu văn hóa quanh Khu du lịch Núi Bà Đen · 103,EXP,NONE,Tây Ninh,780000,PER_PAX,4.3,3,https://res.cloudinary.com/p1kxfhlw/image/upload/v1791132137/admin-uploads/seeder/f38ea7ddd8d2533612d048eb79cf26916a77f3d49661f5872e6ecdf768128fe6.webp
e99c68fb-db7a-5f97-83d4-54c1072e066a,[Mẫu] Hành trình nhóm nhỏ quanh Bãi tắm Hoàng Hậu · 104,EXP,NONE,Gia Lai,830000,PER_PAX,4.7,3,https://res.cloudinary.com/p1kxfhlw/image/upload/v1791132152/admin-uploads/seeder/1713e9c76267826042fd51261e6bccc74d338c155337b8d7dfd50b154c298445.webp
ecd94c9d-3be1-5ed9-898e-92cc951b46c3,[Mẫu] Khám phá Bảo tàng Lâm Đồng · 105,EXP,NONE,Lâm Đồng,880000,PER_PAX,4,3,https://res.cloudinary.com/p1kxfhlw/image/upload/v1791132170/admin-uploads/seeder/aa02e5a735926ba8670be3b650f65c5b44d5c8c144bf4d848ba293a89099bdea.webp
903d9bee-a901-537b-80cf-b70c0ac77622,[Mẫu] Tản bộ và chụp ảnh Bảo tàng Gốm sứ Mậu dịch · 106,EXP,NONE,Đà Nẵng,180000,PER_PAX,4.3,3,https://res.cloudinary.com/p1kxfhlw/image/upload/v1791132189/admin-uploads/seeder/a8927445d57c63adabe6f1fc19302992f51ba916648e9bae8cd167bc2fb573b7.webp
bec91680-01dc-5271-83c6-0aaf7d4a130c,[Mẫu] Tìm hiểu văn hóa quanh Hang Sửng Sốt · 107,EXP,NONE,Quảng Ninh,230000,PER_PAX,4.7,3,https://res.cloudinary.com/p1kxfhlw/image/upload/v1791132204/admin-uploads/seeder/13fee5e01d06ef83329ee57fd3b8941438e96aa6f60675b945ef244c7d8be6f7.webp
15e375c0-184b-5656-8a2a-f9014f9c1cc4,[Mẫu] Hành trình nhóm nhỏ quanh Thác K50 · 108,EXP,NONE,Gia Lai,280000,PER_PAX,4,3,https://res.cloudinary.com/p1kxfhlw/image/upload/v1791132229/admin-uploads/seeder/4eb2ec6eb3c5ff4f753d573615bdc8ffc1562bc10aa7167b66478b51168320c5.webp
91ef34f9-d2b1-5728-85d1-62059c19028c,[Mẫu] Khám phá Thác H'Ly · 109,EXP,NONE,Đắk Lắk,330000,PER_PAX,4.3,3,https://res.cloudinary.com/p1kxfhlw/image/upload/v1791132241/admin-uploads/seeder/5f08a40d3227fd15ace48e82005a9bc5dbbf54b965b6622c4e9578871e3cc36c.webp
4d68ae91-0151-5597-8e4c-a4d2c8f691f2,[Mẫu] Tản bộ và chụp ảnh Động Thiên Đường · 110,EXP,NONE,Quảng Trị,380000,PER_PAX,4.7,3,https://res.cloudinary.com/p1kxfhlw/image/upload/v1791132266/admin-uploads/seeder/1529e6df75356a3a72ae69939db261bb97353d63ce6f55178ddaf772065d9917.webp
d1d5c7e9-2a90-53de-8b4a-e5fec52810b6,[Mẫu] Tìm hiểu văn hóa quanh Thác Bảy Nhánh · 111,EXP,NONE,Đắk Lắk,430000,PER_PAX,4,3,https://res.cloudinary.com/p1kxfhlw/image/upload/v1791133340/admin-uploads/seeder/4751a644a19735ccd0f6e91509baaabdce8246bd13dea2fa77a6ce6202ec9ed0.webp
9a6c056b-1a72-5748-8264-1caf4493ed2b,[Mẫu] Hành trình nhóm nhỏ quanh Cổ Thạch · 112,EXP,NONE,Lâm Đồng,480000,PER_PAX,4.3,3,https://res.cloudinary.com/p1kxfhlw/image/upload/v1791133366/admin-uploads/seeder/1680817cae2014cdeadfd3d19669506a02d64d61dd6b2647218fa91b24e8e95e.webp
aa10ce8c-39ed-51a2-88a1-59db9102ccc1,[Mẫu] Khám phá Cồn Hến · 113,EXP,NONE,Huế,530000,PER_PAX,4.7,3,https://res.cloudinary.com/p1kxfhlw/image/upload/v1791133392/admin-uploads/seeder/31d15368c71e59dcde4c10136c638c6f73d2582e3d1988e0afd4e2c0f4afd8f8.webp
e1101eb1-7f82-574b-807f-7e062c99b80e,[Mẫu] Tản bộ và chụp ảnh Khu dự trữ sinh quyển rừng ngập mặn Cần Giờ · 114,EXP,NONE,Hồ Chí Minh,580000,PER_PAX,4,3,https://res.cloudinary.com/p1kxfhlw/image/upload/v1791133419/admin-uploads/seeder/e6987eddb18ae9caa440237c013c52c5e6ab8e4010543f7b1e041995f2c9d6fc.webp
64c851f8-6dbe-56da-84f9-eb8529f68ca0,[Mẫu] Tìm hiểu văn hóa quanh Thác Mai · 115,EXP,NONE,Đồng Nai,630000,PER_PAX,4.3,3,https://res.cloudinary.com/p1kxfhlw/image/upload/v1791133453/admin-uploads/seeder/e61a5c97a41dc70672a46a1062f4bd37c7480a6d33f3d8325307b0fed073925f.webp
4c74223b-f2fe-5de3-8ea9-68809af3c3db,[Mẫu] Hành trình nhóm nhỏ quanh Chiến khu Tân Trào · 116,EXP,NONE,Tuyên Quang,680000,PER_PAX,4.7,3,https://res.cloudinary.com/p1kxfhlw/image/upload/v1791133477/admin-uploads/seeder/2c21b9bb599c2590a36a6cd20f827c840272ca6e8f484eab835de13fa8287d16.webp
a0436754-cab2-543b-88e6-5daa37fcc0ba,[Mẫu] Khám phá Động Hua Mạ · 117,EXP,NONE,Thái Nguyên,730000,PER_PAX,4,3,https://res.cloudinary.com/p1kxfhlw/image/upload/v1791133503/admin-uploads/seeder/1f6bb63d264dd24243ff38b7d9ae686a317391935a4e7891e924c6bdb51de184.webp
506a9823-ec2d-5303-8883-9276b49af4d9,[Mẫu] Tản bộ và chụp ảnh Bảo tàng Lịch sử quốc gia (Việt Nam) · 118,EXP,NONE,Hà Nội,780000,PER_PAX,4.3,3,https://res.cloudinary.com/p1kxfhlw/image/upload/v1791133536/admin-uploads/seeder/ef1eafc857d67f8fe8b2b0441e1346e85913b1f38c08753afec9a34ad8d0b558.webp
2c097b06-31c8-5feb-88dd-6694bdc9e875,[Mẫu] Tìm hiểu văn hóa quanh Thác Đỗ Quyên · 119,EXP,NONE,Huế,830000,PER_PAX,4.7,3,https://res.cloudinary.com/p1kxfhlw/image/upload/v1791133556/admin-uploads/seeder/6c97fca7f1c4f323f5294b038cb1002fa7fb0659bd7cb155c7f9f879431b31b2.webp
ee2952cf-743b-5f5c-8270-f495778d98b0,[Mẫu] Hành trình nhóm nhỏ quanh Đền Bảo Hà · 120,EXP,NONE,Lào Cai,880000,PER_PAX,4,3,https://res.cloudinary.com/p1kxfhlw/image/upload/v1791133592/admin-uploads/seeder/314fa95cf1fc387f9f8eb55141d1165ccd14af18e21ba848800c2359eb4b2c8a.webp
e8fcdd84-b6d0-57cc-8316-1928f7d05434,[Mẫu] Khám phá Đền Mẫu Âu Cơ · 121,EXP,NONE,Phú Thọ,180000,PER_PAX,4.3,3,https://res.cloudinary.com/p1kxfhlw/image/upload/v1791133619/admin-uploads/seeder/b47382b0c392778d246185a92c58b7a7a4bc5df2476328bd5001c7ec62f30439.webp
8b9e04d2-93ee-517a-8bc7-80cbb58e1c62,[Mẫu] Tản bộ và chụp ảnh Văn miếu Trấn Biên · 122,EXP,NONE,Đồng Nai,230000,PER_PAX,4.7,3,https://res.cloudinary.com/p1kxfhlw/image/upload/v1791133641/admin-uploads/seeder/5df1536c0fad065da8c38ad0638753b451aad1bd209689da1442c17b7edffa2b.webp
d2f34ec2-911a-5d79-8059-2e50a26aa835,[Mẫu] Tìm hiểu văn hóa quanh Chùa Thánh Duyên · 123,EXP,NONE,Huế,280000,PER_PAX,4,3,https://res.cloudinary.com/p1kxfhlw/image/upload/v1791133665/admin-uploads/seeder/9ca112264608cbacfa3357b4fc91f19e37dae1d12beadba0a140ad06aad27abc.webp
96af4fca-4a4e-5ad7-8d2f-3baf52c37378,[Mẫu] Hành trình nhóm nhỏ quanh Đền thờ Trần Hưng Đạo (Thành phố Hồ Chí Minh) · 124,EXP,NONE,Hồ Chí Minh,330000,PER_PAX,4.3,3,https://res.cloudinary.com/p1kxfhlw/image/upload/v1791133691/admin-uploads/seeder/d9411f76a4488c19038b07eda7f4a85c62c213301ac1caa39e33fe38165dbc1b.webp
6616ab4d-b3d4-580f-8a48-cfb2bd0800d8,[Mẫu] Khám phá Chùa Bút Tháp · 125,EXP,NONE,Bắc Ninh,380000,PER_PAX,4.7,3,https://res.cloudinary.com/p1kxfhlw/image/upload/v1791133715/admin-uploads/seeder/0dbbb673afd043e24d4fdfbd6de3ad0357175ab3e1ee2b1ee6300ef41fa17640.webp
08df094d-0a7c-54c7-8b68-f07eb817ec48,[Mẫu] Tản bộ và chụp ảnh Đền thờ Vua Đinh Tiên Hoàng · 126,EXP,NONE,Ninh Bình,430000,PER_PAX,4,3,https://res.cloudinary.com/p1kxfhlw/image/upload/v1791133745/admin-uploads/seeder/d19004ea1762bb72874f99c39d2d570b5b879faee03ba4914897d297bcc677fc.webp
893c26f7-9100-5cbb-8146-e26dd5969b9d,[Mẫu] Tìm hiểu văn hóa quanh Thác Pác Ban · 127,EXP,NONE,Tuyên Quang,480000,PER_PAX,4.3,3,https://res.cloudinary.com/p1kxfhlw/image/upload/v1791133774/admin-uploads/seeder/646185b1488d3308b338c41c37bd9a220297dd269565d594ec055e4966918466.webp
efa551cf-d213-53b0-8846-ba40d72ff495,[Mẫu] Hành trình nhóm nhỏ quanh Cửu Đỉnh (nhà Nguyễn) · 128,EXP,NONE,Huế,530000,PER_PAX,4.7,3,https://res.cloudinary.com/p1kxfhlw/image/upload/v1791133799/admin-uploads/seeder/37517d89f7243c2a8d12b6d2ce22ff48cd4ca9f3afc6031a9ee287f84da00dad.webp
1e070a16-437f-58a2-8ef1-c55a12d2f989,[Mẫu] Khám phá Phố cổ Đồng Văn · 129,EXP,NONE,Tuyên Quang,580000,PER_PAX,4,3,https://res.cloudinary.com/p1kxfhlw/image/upload/v1791133827/admin-uploads/seeder/076d91f0417735b9f4ee1f1a543037468cc01033d89efad219aaaeb3cfff3896.webp
74799b17-aec7-5dd6-87fd-fad364cae8ff,[Mẫu] Tản bộ và chụp ảnh Điện Thái Hòa (Hoàng thành Huế) · 130,EXP,NONE,Huế,630000,PER_PAX,4.3,3,https://res.cloudinary.com/p1kxfhlw/image/upload/v1791133854/admin-uploads/seeder/02cfa6d67278d04512baae84374015adaac0287d5a8d00bad531d19a187811b0.webp
45f164ce-8771-59fd-8224-82ae56efc831,[Mẫu] Tìm hiểu văn hóa quanh Đình Mông Phụ · 131,EXP,NONE,Hà Nội,680000,PER_PAX,4.7,3,https://res.cloudinary.com/p1kxfhlw/image/upload/v1791133883/admin-uploads/seeder/c226e5d1a0daa76ecbaefc24d0a4455a31e4c4d41f33a5f3de5ee0fe14275520.webp
6e8d6afe-4edf-54fc-83f7-f51be1f7eec4,[Mẫu] Hành trình nhóm nhỏ quanh Cung Diên Thọ · 132,EXP,NONE,Huế,730000,PER_PAX,4,3,https://res.cloudinary.com/p1kxfhlw/image/upload/v1791133912/admin-uploads/seeder/1253e048f2bf34c6eacbeb9ae4912103fc19a90dcb4ace08f1def9dd8f72e398.webp
d0842fc3-3b06-555f-86c6-4e6b46f9337b,[Mẫu] Khám phá Nhà tù Hỏa Lò · 133,EXP,NONE,Hà Nội,780000,PER_PAX,4.3,3,https://res.cloudinary.com/p1kxfhlw/image/upload/v1791133942/admin-uploads/seeder/83e939c27adbb49767c10140d3379736937031aeec30a4219d9cf379894fdf2b.webp
a8546bd9-9738-5f7d-84d2-30446af2d0d1,[Mẫu] Tản bộ và chụp ảnh Vương cung thánh đường Đức Mẹ La Vang · 134,EXP,NONE,Quảng Trị,830000,PER_PAX,4.7,3,https://res.cloudinary.com/p1kxfhlw/image/upload/v1791133968/admin-uploads/seeder/80abe5349b26d2166f899039e7730dfa96ab47829203620e1243ef02f7ed7d97.webp
f46639c1-439c-5f63-8375-86b2460002fd,[Mẫu] Tìm hiểu văn hóa quanh Vườn quốc gia Núi Chúa · 135,EXP,NONE,Khánh Hòa,880000,PER_PAX,4,3,https://res.cloudinary.com/p1kxfhlw/image/upload/v1791132117/admin-uploads/seeder/789bd75b10a94b4a16512c46bd3ec1015ae3c4f3a6a77e80c28b8f3d563ed92c.webp
6e1a4587-c848-5745-8f65-f7648bacbd23,[Mẫu] Hành trình nhóm nhỏ quanh Vườn quốc gia Phja Oắc – Phja Đén · 136,EXP,NONE,Cao Bằng,180000,PER_PAX,4.3,3,https://res.cloudinary.com/p1kxfhlw/image/upload/v1791132132/admin-uploads/seeder/baa5c8b637e0fec9491179451e51d1270b715f6a00b252d8b3ff635e3b5f86a4.webp
816536e3-903f-50e9-81ae-e847eee02558,[Mẫu] Khám phá Biển Ba Động · 137,EXP,NONE,Vĩnh Long,230000,PER_PAX,4.7,3,https://res.cloudinary.com/p1kxfhlw/image/upload/v1791132149/admin-uploads/seeder/366d8d7f78ec22317e8eb683be1519ed348088090e7dd8abb023896c7418665c.webp
56b2ff9d-df5b-529d-8342-0533638fa189,[Mẫu] Tản bộ và chụp ảnh Công viên Lê-nin · 138,EXP,NONE,Hà Nội,280000,PER_PAX,4,3,https://res.cloudinary.com/p1kxfhlw/image/upload/v1791132164/admin-uploads/seeder/9260a5c66b000594216470596f941f07e238c573fa5028a48708eefd48026450.webp
3919c483-6007-576c-8a8d-da9da785ab43,"[Mẫu] Tìm hiểu văn hóa quanh Bảo tàng Quân khu 5, Đà Nẵng · 139",EXP,NONE,Đà Nẵng,330000,PER_PAX,4.3,3,https://res.cloudinary.com/p1kxfhlw/image/upload/v1791132181/admin-uploads/seeder/0648db8da4d5e33bd7632ce80b0937fbfca72821f91ef75fce74b176c71610b4.webp
e2b89f0a-0ada-52f5-8bb9-b4a86aa374b2,[Mẫu] Hành trình nhóm nhỏ quanh Hòn Bà (Vũng Tàu) · 140,EXP,NONE,Hồ Chí Minh,380000,PER_PAX,4.7,3,https://res.cloudinary.com/p1kxfhlw/image/upload/v1791132201/admin-uploads/seeder/fb4417bb6d83d36ae59c0bce22e3c22cc125cfbdc0d4dd67b01ebb4915caff98.webp
8d13a1be-ab56-542d-81bb-c676ad3c0443,[Mẫu] Chụp ảnh du lịch tại Quảng Trị · Vườn quốc gia Phong Nha – Kẻ Bàng · 1,SVC,PHOTOGRAPHY,Quảng Trị,150000,PER_HOUR,4,3,https://res.cloudinary.com/p1kxfhlw/image/upload/v1791127946/admin-uploads/seeder/fc854f34a4344cb57d442405f26e1166c88df502abb19d39de0268d9aaa4a526.webp
91c588b0-a2d4-56a6-818b-47fe5ef8b889,[Mẫu] Đầu bếp tại chỗ tại Lâm Đồng · Mũi Né · 2,SVC,CHEF,Lâm Đồng,225000,PER_PAX,4.3,3,https://res.cloudinary.com/p1kxfhlw/image/upload/v1791127953/admin-uploads/seeder/80e15facadf11cd0dc578deb2214e05c3d3f3c2f704f24f3b0f76f311448a7f9.webp
6668cf31-1af9-56f8-8b3a-64ccccd8205c,"[Mẫu] Massage thư giãn tại Đà Nẵng · Bảo tàng Quân khu 5, Đà Nẵng · 3",SVC,MASSAGE,Đà Nẵng,300000,PER_HOUR,4.7,3,https://res.cloudinary.com/p1kxfhlw/image/upload/v1791127898/admin-uploads/seeder/965be973a2dbae8c28152c52cac26c5ab2c318cde95965bf530d14cb96a0ec4d.webp
5494db0a-5416-5fcd-8f2c-0d4df15a7e60,[Mẫu] Suất ăn chuẩn bị sẵn tại Gia Lai · Thác K50 · 4,SVC,PREPARED_MEALS,Gia Lai,375000,PER_PAX,4,3,https://res.cloudinary.com/p1kxfhlw/image/upload/v1791127899/admin-uploads/seeder/db0399228ae23b2a7891392c5810d9c09c54f95c226629ab2683abc2187ef684.webp
592886b4-4977-52ff-8611-dfa5e92b37e6,[Mẫu] Lớp kỹ năng du lịch tại Hà Nội · Thác Đa · 5,SVC,TRAINING,Hà Nội,450000,PER_HOUR,4.3,3,https://res.cloudinary.com/p1kxfhlw/image/upload/v1791127966/admin-uploads/seeder/ce9d084ceeed9391e3582feaec236fc552fcd236b2fed464dbf32a0dc3bf192b.webp
143e5d51-7548-5153-8a08-7e07085e8ccc,[Mẫu] Trang điểm du lịch tại Lâm Đồng · Thác Cam Ly · 6,SVC,MAKEUP,Lâm Đồng,525000,PER_HOUR,4.7,3,https://res.cloudinary.com/p1kxfhlw/image/upload/v1791127902/admin-uploads/seeder/1207d21f77266f2ba08301cd7f1a87a86d03f2a031c0dc8e167afa3a0b43a9c2.webp
12dae865-da0d-54d0-8447-9151d5525b36,[Mẫu] Tạo kiểu tóc tại Đồng Nai · Thác Mai · 7,SVC,HAIR_STYLING,Đồng Nai,600000,PER_HOUR,4,3,https://res.cloudinary.com/p1kxfhlw/image/upload/v1791127966/admin-uploads/seeder/4679211dd1a4bc95adaadce2ebe35e44294b6652ba1a92bf210da59f6a7e2c4d.webp
23f5602b-22fa-53e0-8abc-0e2fd8800063,[Mẫu] Chăm sóc spa tại Đồng Nai · Thác Đứng · 8,SVC,SPA,Đồng Nai,675000,PER_HOUR,4.3,3,https://res.cloudinary.com/p1kxfhlw/image/upload/v1791127900/admin-uploads/seeder/b32403955a3e975a1470112aba6d0ea3bd5938de500c2660d1536ede834f175d.webp
483b304c-52bf-5f6a-8de7-bbe5aa2b0fad,[Mẫu] Tiệc nhóm và catering tại Ninh Bình · Đền thờ Vua Lê Đại Hành · 9,SVC,CATERING,Ninh Bình,750000,PER_PAX,4.7,3,https://res.cloudinary.com/p1kxfhlw/image/upload/v1791127973/admin-uploads/seeder/adf0a8bfadf06b4f2e66a72747446c0f41f02d688b7f77321285cb5bbb2adf0d.webp
587f795b-299a-5ba1-8caa-5cb977e95668,[Mẫu] Chụp ảnh du lịch tại Đồng Nai · Văn miếu Trấn Biên · 10,SVC,PHOTOGRAPHY,Đồng Nai,825000,PER_HOUR,4,3,https://res.cloudinary.com/p1kxfhlw/image/upload/v1791127950/admin-uploads/seeder/cc60b311c1fb14a2e1535dd5e4af2427a8465852c5ceb8482b0ca73bc8125dd0.webp
e8a2fdef-df91-5df1-8b97-9493e5f2849c,[Mẫu] Đầu bếp tại chỗ tại Hà Nội · Đền Và · 11,SVC,CHEF,Hà Nội,900000,PER_PAX,4.3,3,https://res.cloudinary.com/p1kxfhlw/image/upload/v1791127952/admin-uploads/seeder/f2fc40c2b8420151289176497b3c2ab4db285cec60403dc58de2de12ce80a822.webp
11d49f98-1c51-54e1-8c21-f4364521c1be,[Mẫu] Massage thư giãn tại Hà Nội · Đình Chu Quyến · 12,SVC,MASSAGE,Hà Nội,975000,PER_HOUR,4.7,3,https://res.cloudinary.com/p1kxfhlw/image/upload/v1791127896/admin-uploads/seeder/292e47845a21581a8f21ead3a7c30ddd859fbeb10c747b3406376b5c59563a72.webp
669dee18-9829-55d8-8ffb-7071abe1c1d4,[Mẫu] Suất ăn chuẩn bị sẵn tại Tuyên Quang · Phố cổ Đồng Văn · 13,SVC,PREPARED_MEALS,Tuyên Quang,1050000,PER_PAX,4,3,https://res.cloudinary.com/p1kxfhlw/image/upload/v1791127959/admin-uploads/seeder/155b7a54dc64368bb9c3b5faef5111cf56637c72cdea27ae3c8beaffe20e274e.webp
1ce46754-0ab2-5745-8fd7-96675d8c3e8d,[Mẫu] Lớp kỹ năng du lịch tại Bắc Ninh · Đền Bà Chúa Kho (Bắc Ninh) · 14,SVC,TRAINING,Bắc Ninh,1125000,PER_HOUR,4.3,3,https://res.cloudinary.com/p1kxfhlw/image/upload/v1791127964/admin-uploads/seeder/5f6f3be223f1e1d2d675c9e84d8546f350dc824fc5573f6d5412185cb2236777.webp
9bc2ba37-b63e-5dcc-838f-99d147323380,[Mẫu] Trang điểm du lịch tại Lâm Đồng · Thiền viện Trúc Lâm Đà Lạt · 15,SVC,MAKEUP,Lâm Đồng,1200000,PER_HOUR,4.7,3,https://res.cloudinary.com/p1kxfhlw/image/upload/v1791127905/admin-uploads/seeder/ac6822f6af3d07f0c737ea64ac6e7ced2fa9e8de80d75089d7b2962e183ca881.webp
996bc640-29c9-5130-8476-081da5e4f9e2,[Mẫu] Tạo kiểu tóc tại Cao Bằng · Vườn quốc gia Phja Oắc – Phja Đén · 16,SVC,HAIR_STYLING,Cao Bằng,1275000,PER_HOUR,4,3,https://res.cloudinary.com/p1kxfhlw/image/upload/v1791127910/admin-uploads/seeder/e7ea641d405c1d48e594e483e9efef104997ecee84846a1061f96aa7b0079c6f.webp
509b1746-a333-59fc-8db3-ed0c516cbe16,[Mẫu] Chăm sóc spa tại Lâm Đồng · Bảo tàng Lâm Đồng · 17,SVC,SPA,Lâm Đồng,150000,PER_HOUR,4.3,3,https://res.cloudinary.com/p1kxfhlw/image/upload/v1791127896/admin-uploads/seeder/292e47845a21581a8f21ead3a7c30ddd859fbeb10c747b3406376b5c59563a72.webp
466eb5d6-2c40-5fd6-8805-b37505926925,[Mẫu] Tiệc nhóm và catering tại Lào Cai · Thác Bạc (Sa Pa) · 18,SVC,CATERING,Lào Cai,225000,PER_PAX,4.7,3,https://res.cloudinary.com/p1kxfhlw/image/upload/v1791127972/admin-uploads/seeder/7d09f54dc7568601651035b654b64ea6138f16c3147be8e1dc68320d33548407.webp
df1b1502-d18f-59cb-8874-2269ebed3568,[Mẫu] Chụp ảnh du lịch tại Điện Biên · Khu Bảo tồn thiên nhiên Mường Nhé · 19,SVC,PHOTOGRAPHY,Điện Biên,300000,PER_HOUR,4,3,https://res.cloudinary.com/p1kxfhlw/image/upload/v1791127951/admin-uploads/seeder/76db518fe6058c3f5278d937920f24841ec2c64616f9784938ecf9c295e2f916.webp
878a28b0-64a2-5976-8da6-d557d31a0912,[Mẫu] Đầu bếp tại chỗ tại Lâm Đồng · Cổ Thạch · 20,SVC,CHEF,Lâm Đồng,375000,PER_PAX,4.3,3,https://res.cloudinary.com/p1kxfhlw/image/upload/v1791127959/admin-uploads/seeder/155b7a54dc64368bb9c3b5faef5111cf56637c72cdea27ae3c8beaffe20e274e.webp
bc7f4b88-0221-5ab8-8d4e-7d975ee8cfb0,[Mẫu] Massage thư giãn tại Lào Cai · Thác Cát Cát · 21,SVC,MASSAGE,Lào Cai,450000,PER_HOUR,4.7,3,https://res.cloudinary.com/p1kxfhlw/image/upload/v1791127893/admin-uploads/seeder/f546d17ee0cdd6d7a00d22d045ff9a8b3cd2fa27fb4460ef2987de25382fa643.webp
b440a5df-4737-5b4e-88d6-70de02b5f013,[Mẫu] Suất ăn chuẩn bị sẵn tại Đắk Lắk · Thác Đray Nur · 22,SVC,PREPARED_MEALS,Đắk Lắk,525000,PER_PAX,4,3,https://res.cloudinary.com/p1kxfhlw/image/upload/v1791127956/admin-uploads/seeder/674f95bc50df169badbdb71139f86a99c591b2533d0579e0186dfa9c59bc006f.webp
684c6a49-4b2e-50fe-8403-d3aabe002d7a,[Mẫu] Lớp kỹ năng du lịch tại Huế · Thác Đỗ Quyên · 23,SVC,TRAINING,Huế,600000,PER_HOUR,4.3,3,https://res.cloudinary.com/p1kxfhlw/image/upload/v1791127963/admin-uploads/seeder/7d81dfcc3003399d0eec16ee9891a17c34f822200ea2109c213ba5976cd20f7d.webp
af0d16a1-ba0f-5b03-854e-81e058ca99a9,[Mẫu] Trang điểm du lịch tại Quảng Ninh · Khu bảo tồn thiên nhiên Đồng Sơn – Kỳ Thượng · 24,SVC,MAKEUP,Quảng Ninh,675000,PER_HOUR,4.7,3,https://res.cloudinary.com/p1kxfhlw/image/upload/v1791127904/admin-uploads/seeder/e29bcc941d9c70d148dcbe6406dc9e880865dc28dc88d908096b438e054e29a9.webp
783e9e94-ae02-53b0-828a-279f16435f8f,[Mẫu] Tạo kiểu tóc tại Thanh Hóa · Đền thờ Lê Hoàn · 25,SVC,HAIR_STYLING,Thanh Hóa,750000,PER_HOUR,4,3,https://res.cloudinary.com/p1kxfhlw/image/upload/v1791127912/admin-uploads/seeder/c14e7e529d1d9fd8a98119143f8a821a027a79caf723f7a199e7b089a6e5aa96.webp
a363e50b-c1fd-5437-81cc-38f184fe8fc2,[Mẫu] Chăm sóc spa tại Ninh Bình · Đền thờ Vua Đinh Tiên Hoàng · 26,SVC,SPA,Ninh Bình,825000,PER_HOUR,4.3,3,https://res.cloudinary.com/p1kxfhlw/image/upload/v1791127893/admin-uploads/seeder/f546d17ee0cdd6d7a00d22d045ff9a8b3cd2fa27fb4460ef2987de25382fa643.webp
e4163258-cfdb-53a8-8eb5-5dec003fcb1e,[Mẫu] Tiệc nhóm và catering tại Ninh Bình · Đền Trần (Nam Định) · 27,SVC,CATERING,Ninh Bình,900000,PER_PAX,4.7,3,https://res.cloudinary.com/p1kxfhlw/image/upload/v1791127971/admin-uploads/seeder/5f700f7c17e2cde3349ffd37e6a511a53ccb3289485d91e908bcaa375f808af5.webp
1f46ae99-14a1-530c-8d3a-f921f2355fad,[Mẫu] Chụp ảnh du lịch tại Hồ Chí Minh · Khu du lịch Văn hóa Suối Tiên · 28,SVC,PHOTOGRAPHY,Hồ Chí Minh,975000,PER_HOUR,4,3,https://res.cloudinary.com/p1kxfhlw/image/upload/v1791127949/admin-uploads/seeder/4c2ee638af9ca5c1650d84dfaab1536ec48e3b70b487fbfadec379d88b81e5ce.webp
407f29fd-60b0-5634-8aa9-de2b559ba796,[Mẫu] Đầu bếp tại chỗ tại Hà Nội · Nhà tù Hỏa Lò · 29,SVC,CHEF,Hà Nội,1050000,PER_PAX,4.3,3,https://res.cloudinary.com/p1kxfhlw/image/upload/v1791127956/admin-uploads/seeder/674f95bc50df169badbdb71139f86a99c591b2533d0579e0186dfa9c59bc006f.webp
cd180a1a-c283-5645-8d12-710a2d2af9f2,[Mẫu] Massage thư giãn tại Quảng Ninh · Vườn quốc gia Bái Tử Long · 30,SVC,MASSAGE,Quảng Ninh,1125000,PER_HOUR,4.7,3,https://res.cloudinary.com/p1kxfhlw/image/upload/v1791127957/admin-uploads/seeder/b40d6822415c02cc0bfc6c304f5348a8fe6f3d54ec2a92395666f8d5c52bcc91.webp
c3cea6b0-ea3f-5ced-8251-c07bcdd7b5fb,[Mẫu] Suất ăn chuẩn bị sẵn tại Nghệ An · Khu di tích lịch sử Kim Liên · 31,SVC,PREPARED_MEALS,Nghệ An,1200000,PER_PAX,4,3,https://res.cloudinary.com/p1kxfhlw/image/upload/v1791127954/admin-uploads/seeder/d2c59682914dddb4da0164008fe2da2a9913d777dd1c03372e6baf3c72c93e3c.webp
59818ee1-9018-5d04-8836-b29893cf2233,[Mẫu] Lớp kỹ năng du lịch tại Hồ Chí Minh · Hòn Bà (Vũng Tàu) · 32,SVC,TRAINING,Hồ Chí Minh,1275000,PER_HOUR,4.3,3,https://res.cloudinary.com/p1kxfhlw/image/upload/v1791127962/admin-uploads/seeder/5c0c009efb3b9ef07cb5c35a2f7f50f08b25a118dc42c565e78403713456287f.webp
7205f099-2e69-5d65-8b87-c1fed20bdbb3,[Mẫu] Trang điểm du lịch tại Đắk Lắk · Thác H'Ly · 33,SVC,MAKEUP,Đắk Lắk,150000,PER_HOUR,4.7,3,https://res.cloudinary.com/p1kxfhlw/image/upload/v1791127902/admin-uploads/seeder/28f9b27d25922f8a75c890fda7604b68f49c3ae1df4a1931ac1104b8ff33954e.webp
62033373-2cf6-56ed-8484-ef661b66c769,[Mẫu] Tạo kiểu tóc tại Cao Bằng · Động Ngao · 34,SVC,HAIR_STYLING,Cao Bằng,225000,PER_HOUR,4,3,https://res.cloudinary.com/p1kxfhlw/image/upload/v1791127902/admin-uploads/seeder/28f9b27d25922f8a75c890fda7604b68f49c3ae1df4a1931ac1104b8ff33954e.webp
bf7ef125-bbff-503e-84a7-ce9432fc6a15,[Mẫu] Chăm sóc spa tại Đà Nẵng · Bảo tàng Hội An · 35,SVC,SPA,Đà Nẵng,300000,PER_HOUR,4.3,3,https://res.cloudinary.com/p1kxfhlw/image/upload/v1791127898/admin-uploads/seeder/965be973a2dbae8c28152c52cac26c5ab2c318cde95965bf530d14cb96a0ec4d.webp
8a054bb5-50a5-5c91-8348-8976be439f3b,[Mẫu] Tiệc nhóm và catering tại Tuyên Quang · Chiến khu Tân Trào · 36,SVC,CATERING,Tuyên Quang,375000,PER_PAX,4.7,3,https://res.cloudinary.com/p1kxfhlw/image/upload/v1791127969/admin-uploads/seeder/7c4a134ffe05c2b651cfb6da9c009ad3f5a117d3bd02e8a2fdcbd07aa68b4ffe.webp
463ead31-8260-56f1-8068-585e52d2996b,[Mẫu] Chụp ảnh du lịch tại Lâm Đồng · Thác Đamb'ri · 37,SVC,PHOTOGRAPHY,Lâm Đồng,450000,PER_HOUR,4,3,https://res.cloudinary.com/p1kxfhlw/image/upload/v1791127947/admin-uploads/seeder/aeaa0b216c4b979941389aa4e1e9f935ff5c66809b139ac7f546a515c8694e54.webp
b02b9561-e8e6-55ec-8cdc-58fa31b7101b,[Mẫu] Đầu bếp tại chỗ tại Hồ Chí Minh · Thảo Cầm Viên Sài Gòn · 38,SVC,CHEF,Hồ Chí Minh,525000,PER_PAX,4.3,3,https://res.cloudinary.com/p1kxfhlw/image/upload/v1791127954/admin-uploads/seeder/d2c59682914dddb4da0164008fe2da2a9913d777dd1c03372e6baf3c72c93e3c.webp
ab61c5ed-e69c-513f-8b13-cd3900f3cff5,[Mẫu] Massage thư giãn tại Huế · Chùa Thánh Duyên · 39,SVC,MASSAGE,Huế,600000,PER_HOUR,4.7,3,https://res.cloudinary.com/p1kxfhlw/image/upload/v1791127900/admin-uploads/seeder/b32403955a3e975a1470112aba6d0ea3bd5938de500c2660d1536ede834f175d.webp
b27068fb-fa2e-5b25-857a-2a52a7ad91f3,[Mẫu] Suất ăn chuẩn bị sẵn tại Lâm Đồng · Thác Prenn · 40,SVC,PREPARED_MEALS,Lâm Đồng,675000,PER_PAX,4,3,https://res.cloudinary.com/p1kxfhlw/image/upload/v1791127960/admin-uploads/seeder/d6211c551afaf97e8b396ba1d41451080e82cd52b65b650e071124effeffb5ae.webp
2f90bbe4-3df4-5e32-8f6d-08dddbd4ec49,[Mẫu] Lớp kỹ năng du lịch tại Lâm Đồng · Thác Pongour · 41,SVC,TRAINING,Lâm Đồng,750000,PER_HOUR,4.3,3,https://res.cloudinary.com/p1kxfhlw/image/upload/v1791127962/admin-uploads/seeder/252afa3f97b01b02aad85a33a2203eabdca917800b895bb487c09a3cd0636db8.webp
867c05dd-822a-5d3d-8fad-169f18efb104,[Mẫu] Trang điểm du lịch tại Huế · Điện Thái Hòa (Hoàng thành Huế) · 42,SVC,MAKEUP,Huế,825000,PER_HOUR,4.7,3,https://res.cloudinary.com/p1kxfhlw/image/upload/v1791127912/admin-uploads/seeder/c14e7e529d1d9fd8a98119143f8a821a027a79caf723f7a199e7b089a6e5aa96.webp
cd40784c-0899-57b0-8eb1-58eff4125e6a,[Mẫu] Tạo kiểu tóc tại Ninh Bình · Động Hoa Lư · 43,SVC,HAIR_STYLING,Ninh Bình,900000,PER_HOUR,4,3,https://res.cloudinary.com/p1kxfhlw/image/upload/v1791127969/admin-uploads/seeder/578f3f851cf7a34a2afb896d8ec2218793d8fead64a3ebaff5804e68776e2ddd.webp
6f00cd11-7333-5f9e-8cf1-c317983f36e5,[Mẫu] Chăm sóc spa tại Phú Thọ · Vườn quốc gia Tam Đảo · 44,SVC,SPA,Phú Thọ,975000,PER_HOUR,4.3,3,https://res.cloudinary.com/p1kxfhlw/image/upload/v1791127957/admin-uploads/seeder/b40d6822415c02cc0bfc6c304f5348a8fe6f3d54ec2a92395666f8d5c52bcc91.webp
be1f2d8b-492f-5a33-8afd-2aa3373b6437,[Mẫu] Tiệc nhóm và catering tại Vĩnh Long · Biển Ba Động · 45,SVC,CATERING,Vĩnh Long,1050000,PER_PAX,4.7,3,https://res.cloudinary.com/p1kxfhlw/image/upload/v1791127894/admin-uploads/seeder/341c572b86619b7221de138a9738df899b0ee781bc6f02383f242c5ca4dcdda3.webp
39e21a01-dca7-57aa-8905-f923abd77f9a,[Mẫu] Chụp ảnh du lịch tại Đà Nẵng · Bảo tàng Gốm sứ Mậu dịch · 46,SVC,PHOTOGRAPHY,Đà Nẵng,1125000,PER_HOUR,4,3,https://res.cloudinary.com/p1kxfhlw/image/upload/v1791127946/admin-uploads/seeder/fc854f34a4344cb57d442405f26e1166c88df502abb19d39de0268d9aaa4a526.webp
d3262e15-188e-5fd1-8d6a-cb1e157ed9b9,[Mẫu] Đầu bếp tại chỗ tại Đồng Nai · Thác Giang Điền · 47,SVC,CHEF,Đồng Nai,1200000,PER_PAX,4.3,3,https://res.cloudinary.com/p1kxfhlw/image/upload/v1791127953/admin-uploads/seeder/80e15facadf11cd0dc578deb2214e05c3d3f3c2f704f24f3b0f76f311448a7f9.webp
eb36ee49-7f98-5063-802b-26f49fa9817d,[Mẫu] Massage thư giãn tại Khánh Hòa · Tháp Trầm Hương · 48,SVC,MASSAGE,Khánh Hòa,1275000,PER_HOUR,4.7,3,https://res.cloudinary.com/p1kxfhlw/image/upload/v1791127898/admin-uploads/seeder/965be973a2dbae8c28152c52cac26c5ab2c318cde95965bf530d14cb96a0ec4d.webp
3df5e6e7-e85e-57c5-8f34-229d2056abe5,[Mẫu] Suất ăn chuẩn bị sẵn tại Huế · Cồn Hến · 49,SVC,PREPARED_MEALS,Huế,150000,PER_PAX,4,3,https://res.cloudinary.com/p1kxfhlw/image/upload/v1791127899/admin-uploads/seeder/db0399228ae23b2a7891392c5810d9c09c54f95c226629ab2683abc2187ef684.webp
7cf69e57-5521-5d88-81ee-b0a9987e48f5,[Mẫu] Lớp kỹ năng du lịch tại Đắk Lắk · Tháp Nhạn · 50,SVC,TRAINING,Đắk Lắk,225000,PER_HOUR,4.3,3,https://res.cloudinary.com/p1kxfhlw/image/upload/v1791127966/admin-uploads/seeder/ce9d084ceeed9391e3582feaec236fc552fcd236b2fed464dbf32a0dc3bf192b.webp
3b8443eb-ebf2-5ea0-8c4e-8f9c3313c68b,[Mẫu] Trang điểm du lịch tại Lâm Đồng · Thác Bobla · 51,SVC,MAKEUP,Lâm Đồng,300000,PER_HOUR,4.7,3,https://res.cloudinary.com/p1kxfhlw/image/upload/v1791127902/admin-uploads/seeder/1207d21f77266f2ba08301cd7f1a87a86d03f2a031c0dc8e167afa3a0b43a9c2.webp
26449745-e92f-5cbf-8acc-789d98d389cc,[Mẫu] Tạo kiểu tóc tại Lào Cai · Đền Bảo Hà · 52,SVC,HAIR_STYLING,Lào Cai,375000,PER_HOUR,4,3,https://res.cloudinary.com/p1kxfhlw/image/upload/v1791127966/admin-uploads/seeder/4679211dd1a4bc95adaadce2ebe35e44294b6652ba1a92bf210da59f6a7e2c4d.webp
ddd3101d-2f30-5cb5-8e8d-691f21b651ce,[Mẫu] Chăm sóc spa tại Hà Nội · Công viên Thủ Lệ · 53,SVC,SPA,Hà Nội,450000,PER_HOUR,4.3,3,https://res.cloudinary.com/p1kxfhlw/image/upload/v1791127900/admin-uploads/seeder/b32403955a3e975a1470112aba6d0ea3bd5938de500c2660d1536ede834f175d.webp
650ef94a-6bb4-5fed-8edb-4795935d0a99,[Mẫu] Tiệc nhóm và catering tại Thái Nguyên · Thác Đầu Đẳng · 54,SVC,CATERING,Thái Nguyên,525000,PER_PAX,4.7,3,https://res.cloudinary.com/p1kxfhlw/image/upload/v1791127973/admin-uploads/seeder/adf0a8bfadf06b4f2e66a72747446c0f41f02d688b7f77321285cb5bbb2adf0d.webp
d698a736-0d64-5748-8af3-78357b81dc51,[Mẫu] Chụp ảnh du lịch tại Tuyên Quang · Thác Pác Ban · 55,SVC,PHOTOGRAPHY,Tuyên Quang,600000,PER_HOUR,4,3,https://res.cloudinary.com/p1kxfhlw/image/upload/v1791127950/admin-uploads/seeder/cc60b311c1fb14a2e1535dd5e4af2427a8465852c5ceb8482b0ca73bc8125dd0.webp
76ab7c36-d446-5ac5-8164-7113830050b2,[Mẫu] Đầu bếp tại chỗ tại Bắc Ninh · Chùa Phật Tích · 56,SVC,CHEF,Bắc Ninh,675000,PER_PAX,4.3,3,https://res.cloudinary.com/p1kxfhlw/image/upload/v1791127952/admin-uploads/seeder/f2fc40c2b8420151289176497b3c2ab4db285cec60403dc58de2de12ce80a822.webp
9bd7f554-7dca-5cda-8484-4e33495ead54,[Mẫu] Massage thư giãn tại Lâm Đồng · Chùa Linh Phước · 57,SVC,MASSAGE,Lâm Đồng,750000,PER_HOUR,4.7,3,https://res.cloudinary.com/p1kxfhlw/image/upload/v1791127896/admin-uploads/seeder/292e47845a21581a8f21ead3a7c30ddd859fbeb10c747b3406376b5c59563a72.webp
eee38add-b747-5065-8076-3caee8cd345f,[Mẫu] Suất ăn chuẩn bị sẵn tại Quảng Trị · Vương cung thánh đường Đức Mẹ La Vang · 58,SVC,PREPARED_MEALS,Quảng Trị,825000,PER_PAX,4,3,https://res.cloudinary.com/p1kxfhlw/image/upload/v1791127959/admin-uploads/seeder/155b7a54dc64368bb9c3b5faef5111cf56637c72cdea27ae3c8beaffe20e274e.webp
1a85358b-735c-5ba1-8ba7-6d0ba22ddc65,[Mẫu] Lớp kỹ năng du lịch tại Tây Ninh · Khu du lịch Núi Bà Đen · 59,SVC,TRAINING,Tây Ninh,900000,PER_HOUR,4.3,3,https://res.cloudinary.com/p1kxfhlw/image/upload/v1791127964/admin-uploads/seeder/5f6f3be223f1e1d2d675c9e84d8546f350dc824fc5573f6d5412185cb2236777.webp
32238667-66d6-5513-89c4-d925830b9100,[Mẫu] Trang điểm du lịch tại Huế · Bảo tàng Cổ vật Cung đình Huế · 60,SVC,MAKEUP,Huế,975000,PER_HOUR,4.7,3,https://res.cloudinary.com/p1kxfhlw/image/upload/v1791127905/admin-uploads/seeder/ac6822f6af3d07f0c737ea64ac6e7ced2fa9e8de80d75089d7b2962e183ca881.webp
8c453591-ff1b-59ae-87d8-f899ff35f157,[Mẫu] Tạo kiểu tóc tại Phú Thọ · Thác Bạc Tú Sơn · 61,SVC,HAIR_STYLING,Phú Thọ,1050000,PER_HOUR,4,3,https://res.cloudinary.com/p1kxfhlw/image/upload/v1791127910/admin-uploads/seeder/e7ea641d405c1d48e594e483e9efef104997ecee84846a1061f96aa7b0079c6f.webp
66e835e0-e0bc-5db5-8ca5-d6f2b80c109b,[Mẫu] Chăm sóc spa tại Quảng Trị · Động Thiên Đường · 62,SVC,SPA,Quảng Trị,1125000,PER_HOUR,4.3,3,https://res.cloudinary.com/p1kxfhlw/image/upload/v1791127896/admin-uploads/seeder/292e47845a21581a8f21ead3a7c30ddd859fbeb10c747b3406376b5c59563a72.webp
a33d2988-e578-58e0-880d-d5391ac2ebb1,[Mẫu] Tiệc nhóm và catering tại Hà Nội · Bảo tàng Địa chất · 63,SVC,CATERING,Hà Nội,1200000,PER_PAX,4.7,3,https://res.cloudinary.com/p1kxfhlw/image/upload/v1791127972/admin-uploads/seeder/7d09f54dc7568601651035b654b64ea6138f16c3147be8e1dc68320d33548407.webp
9b5c0f5c-0245-5579-8614-7a6c9f6f5627,[Mẫu] Chụp ảnh du lịch tại Phú Thọ · Thác Gò Lào · 64,SVC,PHOTOGRAPHY,Phú Thọ,1275000,PER_HOUR,4,3,https://res.cloudinary.com/p1kxfhlw/image/upload/v1791127951/admin-uploads/seeder/76db518fe6058c3f5278d937920f24841ec2c64616f9784938ecf9c295e2f916.webp
92c5e1a6-4a03-5da4-86c7-f996a0c0ff65,[Mẫu] Đầu bếp tại chỗ tại Thái Nguyên · Động Hua Mạ · 65,SVC,CHEF,Thái Nguyên,150000,PER_PAX,4.3,3,https://res.cloudinary.com/p1kxfhlw/image/upload/v1791127959/admin-uploads/seeder/155b7a54dc64368bb9c3b5faef5111cf56637c72cdea27ae3c8beaffe20e274e.webp
7a646f49-9f60-57a2-89dd-dd3e3c8ee5cd,[Mẫu] Massage thư giãn tại Quảng Ngãi · Chùa Hang (Quảng Ngãi) · 66,SVC,MASSAGE,Quảng Ngãi,225000,PER_HOUR,4.7,3,https://res.cloudinary.com/p1kxfhlw/image/upload/v1791127893/admin-uploads/seeder/f546d17ee0cdd6d7a00d22d045ff9a8b3cd2fa27fb4460ef2987de25382fa643.webp
6582ce6b-39bc-5268-8f42-7a763ea70350,[Mẫu] Suất ăn chuẩn bị sẵn tại Cao Bằng · Thác Bản Giốc · 67,SVC,PREPARED_MEALS,Cao Bằng,300000,PER_PAX,4,3,https://res.cloudinary.com/p1kxfhlw/image/upload/v1791127956/admin-uploads/seeder/674f95bc50df169badbdb71139f86a99c591b2533d0579e0186dfa9c59bc006f.webp
0db28bbf-b480-5cdf-877d-7a238503be75,[Mẫu] Lớp kỹ năng du lịch tại Hồ Chí Minh · Đền thờ Trần Hưng Đạo (Thành phố Hồ Chí Minh) · 68,SVC,TRAINING,Hồ Chí Minh,375000,PER_HOUR,4.3,3,https://res.cloudinary.com/p1kxfhlw/image/upload/v1791127963/admin-uploads/seeder/7d81dfcc3003399d0eec16ee9891a17c34f822200ea2109c213ba5976cd20f7d.webp
dcbfac35-38cd-59a2-8342-8447baba99f8,[Mẫu] Trang điểm du lịch tại Hồ Chí Minh · Công viên Văn hóa Đầm Sen · 69,SVC,MAKEUP,Hồ Chí Minh,450000,PER_HOUR,4.7,3,https://res.cloudinary.com/p1kxfhlw/image/upload/v1791127904/admin-uploads/seeder/e29bcc941d9c70d148dcbe6406dc9e880865dc28dc88d908096b438e054e29a9.webp
33319b98-6eec-5487-86dc-cfc7a60e8a14,[Mẫu] Tạo kiểu tóc tại Hà Nội · Đình Tây Đằng · 70,SVC,HAIR_STYLING,Hà Nội,525000,PER_HOUR,4,3,https://res.cloudinary.com/p1kxfhlw/image/upload/v1791127912/admin-uploads/seeder/c14e7e529d1d9fd8a98119143f8a821a027a79caf723f7a199e7b089a6e5aa96.webp
4c709030-19a2-53a4-836d-cdec22517416,[Mẫu] Chăm sóc spa tại Hà Nội · Đình Mông Phụ · 71,SVC,SPA,Hà Nội,600000,PER_HOUR,4.3,3,https://res.cloudinary.com/p1kxfhlw/image/upload/v1791127893/admin-uploads/seeder/f546d17ee0cdd6d7a00d22d045ff9a8b3cd2fa27fb4460ef2987de25382fa643.webp
0ecee88f-9970-5da9-8093-57a84968b04a,[Mẫu] Tiệc nhóm và catering tại Hà Nội · Đền Ngọc Sơn · 72,SVC,CATERING,Hà Nội,675000,PER_PAX,4.7,3,https://res.cloudinary.com/p1kxfhlw/image/upload/v1791127971/admin-uploads/seeder/5f700f7c17e2cde3349ffd37e6a511a53ccb3289485d91e908bcaa375f808af5.webp
21b255ff-3045-56f8-8571-a6ddb48b92e2,[Mẫu] Chụp ảnh du lịch tại Đắk Lắk · Vườn quốc gia Ea Sô · 73,SVC,PHOTOGRAPHY,Đắk Lắk,750000,PER_HOUR,4,3,https://res.cloudinary.com/p1kxfhlw/image/upload/v1791127949/admin-uploads/seeder/4c2ee638af9ca5c1650d84dfaab1536ec48e3b70b487fbfadec379d88b81e5ce.webp
36d6c4a9-becf-58f7-8003-b262c3940daa,[Mẫu] Đầu bếp tại chỗ tại Hà Nội · Công viên Lê-nin · 74,SVC,CHEF,Hà Nội,825000,PER_PAX,4.3,3,https://res.cloudinary.com/p1kxfhlw/image/upload/v1791127956/admin-uploads/seeder/674f95bc50df169badbdb71139f86a99c591b2533d0579e0186dfa9c59bc006f.webp
bcd40046-626a-5778-84b7-cec9b733176b,[Mẫu] Massage thư giãn tại Quảng Ninh · Hang Sửng Sốt · 75,SVC,MASSAGE,Quảng Ninh,900000,PER_HOUR,4.7,3,https://res.cloudinary.com/p1kxfhlw/image/upload/v1791127957/admin-uploads/seeder/b40d6822415c02cc0bfc6c304f5348a8fe6f3d54ec2a92395666f8d5c52bcc91.webp
6fe7a1d6-640e-56aa-8f3b-72b62abb1b5d,[Mẫu] Suất ăn chuẩn bị sẵn tại Cần Thơ · Khu bảo tồn thiên nhiên Lung Ngọc Hoàng · 76,SVC,PREPARED_MEALS,Cần Thơ,975000,PER_PAX,4,3,https://res.cloudinary.com/p1kxfhlw/image/upload/v1791127954/admin-uploads/seeder/d2c59682914dddb4da0164008fe2da2a9913d777dd1c03372e6baf3c72c93e3c.webp
3dbc3fba-0126-500a-8a13-cae7bc5a0c9c,[Mẫu] Lớp kỹ năng du lịch tại Tây Ninh · Tòa Thánh Tây Ninh · 77,SVC,TRAINING,Tây Ninh,1050000,PER_HOUR,4.3,3,https://res.cloudinary.com/p1kxfhlw/image/upload/v1791127962/admin-uploads/seeder/5c0c009efb3b9ef07cb5c35a2f7f50f08b25a118dc42c565e78403713456287f.webp
e0447ae9-0b16-5d8b-8374-a01d4208a797,[Mẫu] Trang điểm du lịch tại Hồ Chí Minh · Khu dự trữ sinh quyển rừng ngập mặn Cần Giờ · 78,SVC,MAKEUP,Hồ Chí Minh,1125000,PER_HOUR,4.7,3,https://res.cloudinary.com/p1kxfhlw/image/upload/v1791127902/admin-uploads/seeder/28f9b27d25922f8a75c890fda7604b68f49c3ae1df4a1931ac1104b8ff33954e.webp
7961e176-0aba-52a0-81e7-afbbc8d54892,[Mẫu] Tạo kiểu tóc tại Quảng Ninh · Hang Đầu Gỗ · 79,SVC,HAIR_STYLING,Quảng Ninh,1200000,PER_HOUR,4,3,https://res.cloudinary.com/p1kxfhlw/image/upload/v1791127902/admin-uploads/seeder/28f9b27d25922f8a75c890fda7604b68f49c3ae1df4a1931ac1104b8ff33954e.webp
7e0f863a-7ad0-55eb-8dd2-bc820c0a6477,[Mẫu] Chăm sóc spa tại Quảng Trị · Địa đạo Vịnh Mốc · 80,SVC,SPA,Quảng Trị,1275000,PER_HOUR,4.3,3,https://res.cloudinary.com/p1kxfhlw/image/upload/v1791127898/admin-uploads/seeder/965be973a2dbae8c28152c52cac26c5ab2c318cde95965bf530d14cb96a0ec4d.webp
9294d416-b0f4-5a33-86e5-90b9a57d9620,[Mẫu] Tiệc nhóm và catering tại Phú Thọ · Đền Mẫu Âu Cơ · 81,SVC,CATERING,Phú Thọ,150000,PER_PAX,4.7,3,https://res.cloudinary.com/p1kxfhlw/image/upload/v1791127969/admin-uploads/seeder/7c4a134ffe05c2b651cfb6da9c009ad3f5a117d3bd02e8a2fdcbd07aa68b4ffe.webp
31684b1a-85eb-5453-8a1d-3e6bcbde15ae,[Mẫu] Chụp ảnh du lịch tại Ninh Bình · Đền Trần Thương · 82,SVC,PHOTOGRAPHY,Ninh Bình,225000,PER_HOUR,4,3,https://res.cloudinary.com/p1kxfhlw/image/upload/v1791127947/admin-uploads/seeder/aeaa0b216c4b979941389aa4e1e9f935ff5c66809b139ac7f546a515c8694e54.webp
160ecee0-8cd1-51b9-8f28-5acfd476f4c5,[Mẫu] Đầu bếp tại chỗ tại Huế · Đàn Xã Tắc (Huế) · 83,SVC,CHEF,Huế,300000,PER_PAX,4.3,3,https://res.cloudinary.com/p1kxfhlw/image/upload/v1791127954/admin-uploads/seeder/d2c59682914dddb4da0164008fe2da2a9913d777dd1c03372e6baf3c72c93e3c.webp
a575e51e-1435-5f3f-8a6d-86ee11dc93da,[Mẫu] Massage thư giãn tại Huế · Cửu Đỉnh (nhà Nguyễn) · 84,SVC,MASSAGE,Huế,375000,PER_HOUR,4.7,3,https://res.cloudinary.com/p1kxfhlw/image/upload/v1791127900/admin-uploads/seeder/b32403955a3e975a1470112aba6d0ea3bd5938de500c2660d1536ede834f175d.webp
203dc8fe-c578-5a6a-8ba0-e02d743d9507,[Mẫu] Suất ăn chuẩn bị sẵn tại Hưng Yên · Đền Trần (Long Hưng) · 85,SVC,PREPARED_MEALS,Hưng Yên,450000,PER_PAX,4,3,https://res.cloudinary.com/p1kxfhlw/image/upload/v1791127960/admin-uploads/seeder/d6211c551afaf97e8b396ba1d41451080e82cd52b65b650e071124effeffb5ae.webp
c41b3f1d-4c1d-5af7-84b7-bb1ce61fd2cf,[Mẫu] Lớp kỹ năng du lịch tại Hồ Chí Minh · Công viên 23 tháng 9 · 86,SVC,TRAINING,Hồ Chí Minh,525000,PER_HOUR,4.3,3,https://res.cloudinary.com/p1kxfhlw/image/upload/v1791127962/admin-uploads/seeder/252afa3f97b01b02aad85a33a2203eabdca917800b895bb487c09a3cd0636db8.webp
25aa2894-0ca2-542e-8993-2a76cb1e319f,[Mẫu] Trang điểm du lịch tại Khánh Hòa · Vườn quốc gia Núi Chúa · 87,SVC,MAKEUP,Khánh Hòa,600000,PER_HOUR,4.7,3,https://res.cloudinary.com/p1kxfhlw/image/upload/v1791127912/admin-uploads/seeder/c14e7e529d1d9fd8a98119143f8a821a027a79caf723f7a199e7b089a6e5aa96.webp
caf110a9-414e-5eda-8424-5b9a307e1d03,[Mẫu] Tạo kiểu tóc tại Gia Lai · Bãi tắm Hoàng Hậu · 88,SVC,HAIR_STYLING,Gia Lai,675000,PER_HOUR,4,3,https://res.cloudinary.com/p1kxfhlw/image/upload/v1791127969/admin-uploads/seeder/578f3f851cf7a34a2afb896d8ec2218793d8fead64a3ebaff5804e68776e2ddd.webp
bdd19957-cf44-5f7f-860e-4e913686ff7e,[Mẫu] Chăm sóc spa tại Hà Nội · Động Hương Tích · 89,SVC,SPA,Hà Nội,750000,PER_HOUR,4.3,3,https://res.cloudinary.com/p1kxfhlw/image/upload/v1791127957/admin-uploads/seeder/b40d6822415c02cc0bfc6c304f5348a8fe6f3d54ec2a92395666f8d5c52bcc91.webp
5ff32d5f-6a69-58fb-8f6d-8d3fcf8673d9,[Mẫu] Tiệc nhóm và catering tại Sơn La · Thác Dải Yếm · 90,SVC,CATERING,Sơn La,825000,PER_PAX,4.7,3,https://res.cloudinary.com/p1kxfhlw/image/upload/v1791127894/admin-uploads/seeder/341c572b86619b7221de138a9738df899b0ee781bc6f02383f242c5ca4dcdda3.webp
b7b60bb5-75b3-5a7b-87d2-0e46ea91e19c,[Mẫu] Chụp ảnh du lịch tại Đắk Lắk · Thác Bảy Nhánh · 91,SVC,PHOTOGRAPHY,Đắk Lắk,900000,PER_HOUR,4,3,https://res.cloudinary.com/p1kxfhlw/image/upload/v1791127946/admin-uploads/seeder/fc854f34a4344cb57d442405f26e1166c88df502abb19d39de0268d9aaa4a526.webp
2504127f-e76c-59cd-8900-d73dad9633de,[Mẫu] Đầu bếp tại chỗ tại Đà Nẵng · Công viên 29 tháng 3 · 92,SVC,CHEF,Đà Nẵng,975000,PER_PAX,4.3,3,https://res.cloudinary.com/p1kxfhlw/image/upload/v1791127953/admin-uploads/seeder/80e15facadf11cd0dc578deb2214e05c3d3f3c2f704f24f3b0f76f311448a7f9.webp
d60a184e-b3d0-532a-8832-a4708626644a,[Mẫu] Massage thư giãn tại Cà Mau · Vườn chim Bạc Liêu · 93,SVC,MASSAGE,Cà Mau,1050000,PER_HOUR,4.7,3,https://res.cloudinary.com/p1kxfhlw/image/upload/v1791127898/admin-uploads/seeder/965be973a2dbae8c28152c52cac26c5ab2c318cde95965bf530d14cb96a0ec4d.webp
3823fb93-f253-54ac-8363-ef49f7980bbf,[Mẫu] Suất ăn chuẩn bị sẵn tại Hà Nội · Bảo tàng Lịch sử quốc gia (Việt Nam) · 94,SVC,PREPARED_MEALS,Hà Nội,1125000,PER_PAX,4,3,https://res.cloudinary.com/p1kxfhlw/image/upload/v1791127899/admin-uploads/seeder/db0399228ae23b2a7891392c5810d9c09c54f95c226629ab2683abc2187ef684.webp
595b7a3a-3020-5b2d-8aa6-7ea67b4e10f6,[Mẫu] Lớp kỹ năng du lịch tại Thanh Hóa · Đền Bà Triệu · 95,SVC,TRAINING,Thanh Hóa,1200000,PER_HOUR,4.3,3,https://res.cloudinary.com/p1kxfhlw/image/upload/v1791127966/admin-uploads/seeder/ce9d084ceeed9391e3582feaec236fc552fcd236b2fed464dbf32a0dc3bf192b.webp
85693af6-8323-5e1e-804e-f2a77e705782,[Mẫu] Trang điểm du lịch tại Lâm Đồng · Thác Datanla · 96,SVC,MAKEUP,Lâm Đồng,1275000,PER_HOUR,4.7,3,https://res.cloudinary.com/p1kxfhlw/image/upload/v1791127902/admin-uploads/seeder/1207d21f77266f2ba08301cd7f1a87a86d03f2a031c0dc8e167afa3a0b43a9c2.webp
429ed934-d989-5292-8735-34a30d3fdd37,[Mẫu] Tạo kiểu tóc tại Bắc Ninh · Chùa Bút Tháp · 97,SVC,HAIR_STYLING,Bắc Ninh,150000,PER_HOUR,4,3,https://res.cloudinary.com/p1kxfhlw/image/upload/v1791127966/admin-uploads/seeder/4679211dd1a4bc95adaadce2ebe35e44294b6652ba1a92bf210da59f6a7e2c4d.webp
2269be42-fbe3-581a-8228-f980aa567057,[Mẫu] Chăm sóc spa tại Hà Nội · Chùa Thầy · 98,SVC,SPA,Hà Nội,225000,PER_HOUR,4.3,3,https://res.cloudinary.com/p1kxfhlw/image/upload/v1791127900/admin-uploads/seeder/b32403955a3e975a1470112aba6d0ea3bd5938de500c2660d1536ede834f175d.webp
c4b53fe5-7b54-5114-8f5a-e0ccf5b79cb1,[Mẫu] Tiệc nhóm và catering tại Lâm Đồng · Thác Voi (Nam Ban) · 99,SVC,CATERING,Lâm Đồng,300000,PER_PAX,4.7,3,https://res.cloudinary.com/p1kxfhlw/image/upload/v1791127973/admin-uploads/seeder/adf0a8bfadf06b4f2e66a72747446c0f41f02d688b7f77321285cb5bbb2adf0d.webp
ea618647-ed4f-5b4b-873c-fdab2214bf59,[Mẫu] Chụp ảnh du lịch tại Huế · Cung Diên Thọ · 100,SVC,PHOTOGRAPHY,Huế,375000,PER_HOUR,4,3,https://res.cloudinary.com/p1kxfhlw/image/upload/v1791127950/admin-uploads/seeder/cc60b311c1fb14a2e1535dd5e4af2427a8465852c5ceb8482b0ca73bc8125dd0.webp
c94ad62f-59f7-5ca3-84ac-c9e256590c81,[Mẫu] Đầu bếp tại chỗ tại Quảng Trị · Vườn quốc gia Phong Nha – Kẻ Bàng · 101,SVC,CHEF,Quảng Trị,450000,PER_PAX,4.3,3,https://res.cloudinary.com/p1kxfhlw/image/upload/v1791127952/admin-uploads/seeder/f2fc40c2b8420151289176497b3c2ab4db285cec60403dc58de2de12ce80a822.webp
d7c92f4f-a2bc-5a0f-83a5-4c29176ab54c,[Mẫu] Massage thư giãn tại Lâm Đồng · Mũi Né · 102,SVC,MASSAGE,Lâm Đồng,525000,PER_HOUR,4.7,3,https://res.cloudinary.com/p1kxfhlw/image/upload/v1791127896/admin-uploads/seeder/292e47845a21581a8f21ead3a7c30ddd859fbeb10c747b3406376b5c59563a72.webp
01e63731-ef8e-5bb4-8682-47c495e576a2,"[Mẫu] Suất ăn chuẩn bị sẵn tại Đà Nẵng · Bảo tàng Quân khu 5, Đà Nẵng · 103",SVC,PREPARED_MEALS,Đà Nẵng,600000,PER_PAX,4,3,https://res.cloudinary.com/p1kxfhlw/image/upload/v1791127959/admin-uploads/seeder/155b7a54dc64368bb9c3b5faef5111cf56637c72cdea27ae3c8beaffe20e274e.webp
6bccca2a-d67f-5ba7-875d-69dc09594462,[Mẫu] Lớp kỹ năng du lịch tại Gia Lai · Thác K50 · 104,SVC,TRAINING,Gia Lai,675000,PER_HOUR,4.3,3,https://res.cloudinary.com/p1kxfhlw/image/upload/v1791127964/admin-uploads/seeder/5f6f3be223f1e1d2d675c9e84d8546f350dc824fc5573f6d5412185cb2236777.webp
fcb789a0-9893-5e46-8c10-56ddcb062081,[Mẫu] Trang điểm du lịch tại Hà Nội · Thác Đa · 105,SVC,MAKEUP,Hà Nội,750000,PER_HOUR,4.7,3,https://res.cloudinary.com/p1kxfhlw/image/upload/v1791127905/admin-uploads/seeder/ac6822f6af3d07f0c737ea64ac6e7ced2fa9e8de80d75089d7b2962e183ca881.webp
d855a068-8d63-5ac5-8bff-02922451a598,[Mẫu] Tạo kiểu tóc tại Lâm Đồng · Thác Cam Ly · 106,SVC,HAIR_STYLING,Lâm Đồng,825000,PER_HOUR,4,3,https://res.cloudinary.com/p1kxfhlw/image/upload/v1791127910/admin-uploads/seeder/e7ea641d405c1d48e594e483e9efef104997ecee84846a1061f96aa7b0079c6f.webp
b0bdb6b3-2933-56a7-8039-6edc425494b4,[Mẫu] Chăm sóc spa tại Đồng Nai · Thác Mai · 107,SVC,SPA,Đồng Nai,900000,PER_HOUR,4.3,3,https://res.cloudinary.com/p1kxfhlw/image/upload/v1791127896/admin-uploads/seeder/292e47845a21581a8f21ead3a7c30ddd859fbeb10c747b3406376b5c59563a72.webp
87f7ceab-1340-5a4c-80a2-bec0df0c595e,[Mẫu] Tiệc nhóm và catering tại Đồng Nai · Thác Đứng · 108,SVC,CATERING,Đồng Nai,975000,PER_PAX,4.7,3,https://res.cloudinary.com/p1kxfhlw/image/upload/v1791127972/admin-uploads/seeder/7d09f54dc7568601651035b654b64ea6138f16c3147be8e1dc68320d33548407.webp
824fdd29-da53-5d42-84c5-563c25cb8a2a,[Mẫu] Chụp ảnh du lịch tại Ninh Bình · Đền thờ Vua Lê Đại Hành · 109,SVC,PHOTOGRAPHY,Ninh Bình,1050000,PER_HOUR,4,3,https://res.cloudinary.com/p1kxfhlw/image/upload/v1791127951/admin-uploads/seeder/76db518fe6058c3f5278d937920f24841ec2c64616f9784938ecf9c295e2f916.webp
e117bd08-3a1d-59b3-8562-71163f48caf6,[Mẫu] Đầu bếp tại chỗ tại Đồng Nai · Văn miếu Trấn Biên · 110,SVC,CHEF,Đồng Nai,1125000,PER_PAX,4.3,3,https://res.cloudinary.com/p1kxfhlw/image/upload/v1791127959/admin-uploads/seeder/155b7a54dc64368bb9c3b5faef5111cf56637c72cdea27ae3c8beaffe20e274e.webp
915608ef-977a-5f2a-808c-9ba5fc3400a8,[Mẫu] Massage thư giãn tại Hà Nội · Đền Và · 111,SVC,MASSAGE,Hà Nội,1200000,PER_HOUR,4.7,3,https://res.cloudinary.com/p1kxfhlw/image/upload/v1791127893/admin-uploads/seeder/f546d17ee0cdd6d7a00d22d045ff9a8b3cd2fa27fb4460ef2987de25382fa643.webp
499f585a-e8c2-5a54-8e79-023aa240cc6f,[Mẫu] Suất ăn chuẩn bị sẵn tại Hà Nội · Đình Chu Quyến · 112,SVC,PREPARED_MEALS,Hà Nội,1275000,PER_PAX,4,3,https://res.cloudinary.com/p1kxfhlw/image/upload/v1791127956/admin-uploads/seeder/674f95bc50df169badbdb71139f86a99c591b2533d0579e0186dfa9c59bc006f.webp
c9dfa3ed-e1f4-51bf-8e69-fa3ca940277d,[Mẫu] Lớp kỹ năng du lịch tại Tuyên Quang · Phố cổ Đồng Văn · 113,SVC,TRAINING,Tuyên Quang,150000,PER_HOUR,4.3,3,https://res.cloudinary.com/p1kxfhlw/image/upload/v1791127963/admin-uploads/seeder/7d81dfcc3003399d0eec16ee9891a17c34f822200ea2109c213ba5976cd20f7d.webp
8c80b630-04e6-5955-83c5-d6d0a34726d9,[Mẫu] Trang điểm du lịch tại Bắc Ninh · Đền Bà Chúa Kho (Bắc Ninh) · 114,SVC,MAKEUP,Bắc Ninh,225000,PER_HOUR,4.7,3,https://res.cloudinary.com/p1kxfhlw/image/upload/v1791127904/admin-uploads/seeder/e29bcc941d9c70d148dcbe6406dc9e880865dc28dc88d908096b438e054e29a9.webp
0c8b6329-faba-508c-819f-29e6c774b18e,[Mẫu] Tạo kiểu tóc tại Lâm Đồng · Thiền viện Trúc Lâm Đà Lạt · 115,SVC,HAIR_STYLING,Lâm Đồng,300000,PER_HOUR,4,3,https://res.cloudinary.com/p1kxfhlw/image/upload/v1791127912/admin-uploads/seeder/c14e7e529d1d9fd8a98119143f8a821a027a79caf723f7a199e7b089a6e5aa96.webp
100f84e9-3776-5ac2-8be9-c7297ba40c0d,[Mẫu] Chăm sóc spa tại Cao Bằng · Vườn quốc gia Phja Oắc – Phja Đén · 116,SVC,SPA,Cao Bằng,375000,PER_HOUR,4.3,3,https://res.cloudinary.com/p1kxfhlw/image/upload/v1791127893/admin-uploads/seeder/f546d17ee0cdd6d7a00d22d045ff9a8b3cd2fa27fb4460ef2987de25382fa643.webp
7afcc09c-5333-5504-8e21-5b57b7ba5fc3,[Mẫu] Tiệc nhóm và catering tại Lâm Đồng · Bảo tàng Lâm Đồng · 117,SVC,CATERING,Lâm Đồng,450000,PER_PAX,4.7,3,https://res.cloudinary.com/p1kxfhlw/image/upload/v1791127971/admin-uploads/seeder/5f700f7c17e2cde3349ffd37e6a511a53ccb3289485d91e908bcaa375f808af5.webp
c1e54056-2606-59f1-8099-ebda7100c606,[Mẫu] Chụp ảnh du lịch tại Lào Cai · Thác Bạc (Sa Pa) · 118,SVC,PHOTOGRAPHY,Lào Cai,525000,PER_HOUR,4,3,https://res.cloudinary.com/p1kxfhlw/image/upload/v1791127949/admin-uploads/seeder/4c2ee638af9ca5c1650d84dfaab1536ec48e3b70b487fbfadec379d88b81e5ce.webp
f38df1b7-dc21-5538-8783-af404cc1a8e7,[Mẫu] Đầu bếp tại chỗ tại Điện Biên · Khu Bảo tồn thiên nhiên Mường Nhé · 119,SVC,CHEF,Điện Biên,600000,PER_PAX,4.3,3,https://res.cloudinary.com/p1kxfhlw/image/upload/v1791127956/admin-uploads/seeder/674f95bc50df169badbdb71139f86a99c591b2533d0579e0186dfa9c59bc006f.webp
a5750d19-4a4e-575c-8b5f-64441f4de0a4,[Mẫu] Massage thư giãn tại Lâm Đồng · Cổ Thạch · 120,SVC,MASSAGE,Lâm Đồng,675000,PER_HOUR,4.7,3,https://res.cloudinary.com/p1kxfhlw/image/upload/v1791127957/admin-uploads/seeder/b40d6822415c02cc0bfc6c304f5348a8fe6f3d54ec2a92395666f8d5c52bcc91.webp
7a28d688-97d8-50fb-85e3-811ad9688e1b,[Mẫu] Suất ăn chuẩn bị sẵn tại Lào Cai · Thác Cát Cát · 121,SVC,PREPARED_MEALS,Lào Cai,750000,PER_PAX,4,3,https://res.cloudinary.com/p1kxfhlw/image/upload/v1791127954/admin-uploads/seeder/d2c59682914dddb4da0164008fe2da2a9913d777dd1c03372e6baf3c72c93e3c.webp
43421b7b-1a4c-5a2a-8e42-5857262d5588,[Mẫu] Lớp kỹ năng du lịch tại Đắk Lắk · Thác Đray Nur · 122,SVC,TRAINING,Đắk Lắk,825000,PER_HOUR,4.3,3,https://res.cloudinary.com/p1kxfhlw/image/upload/v1791127962/admin-uploads/seeder/5c0c009efb3b9ef07cb5c35a2f7f50f08b25a118dc42c565e78403713456287f.webp
6c5507f1-8cf5-5d22-8ca3-ab6789d6b390,[Mẫu] Trang điểm du lịch tại Huế · Thác Đỗ Quyên · 123,SVC,MAKEUP,Huế,900000,PER_HOUR,4.7,3,https://res.cloudinary.com/p1kxfhlw/image/upload/v1791127902/admin-uploads/seeder/28f9b27d25922f8a75c890fda7604b68f49c3ae1df4a1931ac1104b8ff33954e.webp
4e04b18b-c722-5794-84c1-be63c173b352,[Mẫu] Tạo kiểu tóc tại Quảng Ninh · Khu bảo tồn thiên nhiên Đồng Sơn – Kỳ Thượng · 124,SVC,HAIR_STYLING,Quảng Ninh,975000,PER_HOUR,4,3,https://res.cloudinary.com/p1kxfhlw/image/upload/v1791127902/admin-uploads/seeder/28f9b27d25922f8a75c890fda7604b68f49c3ae1df4a1931ac1104b8ff33954e.webp
59932684-7b60-53a8-83ef-50ec72670576,[Mẫu] Chăm sóc spa tại Thanh Hóa · Đền thờ Lê Hoàn · 125,SVC,SPA,Thanh Hóa,1050000,PER_HOUR,4.3,3,https://res.cloudinary.com/p1kxfhlw/image/upload/v1791127898/admin-uploads/seeder/965be973a2dbae8c28152c52cac26c5ab2c318cde95965bf530d14cb96a0ec4d.webp
c256d8cc-8e6e-5742-8600-21f5630bbe89,[Mẫu] Tiệc nhóm và catering tại Ninh Bình · Đền thờ Vua Đinh Tiên Hoàng · 126,SVC,CATERING,Ninh Bình,1125000,PER_PAX,4.7,3,https://res.cloudinary.com/p1kxfhlw/image/upload/v1791127969/admin-uploads/seeder/7c4a134ffe05c2b651cfb6da9c009ad3f5a117d3bd02e8a2fdcbd07aa68b4ffe.webp
291cd7e3-f85e-5eb5-8e56-385dd3fae7fb,[Mẫu] Chụp ảnh du lịch tại Ninh Bình · Đền Trần (Nam Định) · 127,SVC,PHOTOGRAPHY,Ninh Bình,1200000,PER_HOUR,4,3,https://res.cloudinary.com/p1kxfhlw/image/upload/v1791127947/admin-uploads/seeder/aeaa0b216c4b979941389aa4e1e9f935ff5c66809b139ac7f546a515c8694e54.webp
b318d668-1731-5749-8722-bc452b6dcb67,[Mẫu] Đầu bếp tại chỗ tại Hồ Chí Minh · Khu du lịch Văn hóa Suối Tiên · 128,SVC,CHEF,Hồ Chí Minh,1275000,PER_PAX,4.3,3,https://res.cloudinary.com/p1kxfhlw/image/upload/v1791127954/admin-uploads/seeder/d2c59682914dddb4da0164008fe2da2a9913d777dd1c03372e6baf3c72c93e3c.webp
d0be5197-fc27-513c-8075-6619afa82b7a,[Mẫu] Massage thư giãn tại Hà Nội · Nhà tù Hỏa Lò · 129,SVC,MASSAGE,Hà Nội,150000,PER_HOUR,4.7,3,https://res.cloudinary.com/p1kxfhlw/image/upload/v1791127900/admin-uploads/seeder/b32403955a3e975a1470112aba6d0ea3bd5938de500c2660d1536ede834f175d.webp
e5c22419-ad50-5485-87c3-0db27ae15887,[Mẫu] Suất ăn chuẩn bị sẵn tại Quảng Ninh · Vườn quốc gia Bái Tử Long · 130,SVC,PREPARED_MEALS,Quảng Ninh,225000,PER_PAX,4,3,https://res.cloudinary.com/p1kxfhlw/image/upload/v1791127960/admin-uploads/seeder/d6211c551afaf97e8b396ba1d41451080e82cd52b65b650e071124effeffb5ae.webp
56af0b80-adb6-5d08-8737-c8e2e03796ca,[Mẫu] Lớp kỹ năng du lịch tại Nghệ An · Khu di tích lịch sử Kim Liên · 131,SVC,TRAINING,Nghệ An,300000,PER_HOUR,4.3,3,https://res.cloudinary.com/p1kxfhlw/image/upload/v1791127962/admin-uploads/seeder/252afa3f97b01b02aad85a33a2203eabdca917800b895bb487c09a3cd0636db8.webp
492f0022-4428-59e5-8318-ab5b902fdc6d,[Mẫu] Trang điểm du lịch tại Hồ Chí Minh · Hòn Bà (Vũng Tàu) · 132,SVC,MAKEUP,Hồ Chí Minh,375000,PER_HOUR,4.7,3,https://res.cloudinary.com/p1kxfhlw/image/upload/v1791127912/admin-uploads/seeder/c14e7e529d1d9fd8a98119143f8a821a027a79caf723f7a199e7b089a6e5aa96.webp
0864ca37-9522-51b1-8eec-ffa2fca53a42,[Mẫu] Tạo kiểu tóc tại Đắk Lắk · Thác H'Ly · 133,SVC,HAIR_STYLING,Đắk Lắk,450000,PER_HOUR,4,3,https://res.cloudinary.com/p1kxfhlw/image/upload/v1791127969/admin-uploads/seeder/578f3f851cf7a34a2afb896d8ec2218793d8fead64a3ebaff5804e68776e2ddd.webp
6f5ba69a-0af0-52a3-8f64-48ddb346378f,[Mẫu] Chăm sóc spa tại Cao Bằng · Động Ngao · 134,SVC,SPA,Cao Bằng,525000,PER_HOUR,4.3,3,https://res.cloudinary.com/p1kxfhlw/image/upload/v1791127957/admin-uploads/seeder/b40d6822415c02cc0bfc6c304f5348a8fe6f3d54ec2a92395666f8d5c52bcc91.webp
ebdc8528-d609-5bc4-8418-0d6c973e2924,[Mẫu] Tiệc nhóm và catering tại Đà Nẵng · Bảo tàng Hội An · 135,SVC,CATERING,Đà Nẵng,600000,PER_PAX,4.7,3,https://res.cloudinary.com/p1kxfhlw/image/upload/v1791127894/admin-uploads/seeder/341c572b86619b7221de138a9738df899b0ee781bc6f02383f242c5ca4dcdda3.webp
20ee19f7-61d1-593b-8617-fd6531759588,[Mẫu] Chụp ảnh du lịch tại Tuyên Quang · Chiến khu Tân Trào · 136,SVC,PHOTOGRAPHY,Tuyên Quang,675000,PER_HOUR,4,3,https://res.cloudinary.com/p1kxfhlw/image/upload/v1791127946/admin-uploads/seeder/fc854f34a4344cb57d442405f26e1166c88df502abb19d39de0268d9aaa4a526.webp
44cc7b30-695b-5384-8a39-e331749c6f2b,[Mẫu] Đầu bếp tại chỗ tại Lâm Đồng · Thác Đamb'ri · 137,SVC,CHEF,Lâm Đồng,750000,PER_PAX,4.3,3,https://res.cloudinary.com/p1kxfhlw/image/upload/v1791127953/admin-uploads/seeder/80e15facadf11cd0dc578deb2214e05c3d3f3c2f704f24f3b0f76f311448a7f9.webp
00ec762b-9bd6-5c60-863d-ee56d16a126e,[Mẫu] Massage thư giãn tại Hồ Chí Minh · Thảo Cầm Viên Sài Gòn · 138,SVC,MASSAGE,Hồ Chí Minh,825000,PER_HOUR,4.7,3,https://res.cloudinary.com/p1kxfhlw/image/upload/v1791127898/admin-uploads/seeder/965be973a2dbae8c28152c52cac26c5ab2c318cde95965bf530d14cb96a0ec4d.webp
04a5561c-24eb-5f9c-86ce-fa050ca7abe6,[Mẫu] Suất ăn chuẩn bị sẵn tại Huế · Chùa Thánh Duyên · 139,SVC,PREPARED_MEALS,Huế,900000,PER_PAX,4,3,https://res.cloudinary.com/p1kxfhlw/image/upload/v1791127899/admin-uploads/seeder/db0399228ae23b2a7891392c5810d9c09c54f95c226629ab2683abc2187ef684.webp
5a9b887f-bf8a-5294-87f2-c60989316735,[Mẫu] Lớp kỹ năng du lịch tại Lâm Đồng · Thác Prenn · 140,SVC,TRAINING,Lâm Đồng,975000,PER_HOUR,4.3,3,https://res.cloudinary.com/p1kxfhlw/image/upload/v1791127966/admin-uploads/seeder/ce9d084ceeed9391e3582feaec236fc552fcd236b2fed464dbf32a0dc3bf192b.webp
